flight_id,departure_time,arrival_time,delay_minutes,airport,branch,flight_date
F0001,2023-09-06 07:53:23,2023-09-06 08:53:23,43,JFK,Branch_A,2023-09-06
F0002,2023-02-13 05:40:50,2023-02-13 10:40:50,46,ATL,Branch_B,2023-02-13
F0003,2023-01-10 17:07:01,2023-01-10 19:07:01,15,JFK,Branch_A,2023-01-10
F0004,2023-10-15 23:45:05,2023-10-16 03:45:05,28,LAX,Branch_D,2023-10-15
F0005,2023-04-17 19:27:32,2023-04-17 22:27:32,39,LAX,Branch_A,2023-04-17
F0006,2023-04-06 02:33:27,2023-04-06 05:33:27,18,ATL,Branch_D,2023-04-06
F0007,2023-03-28 16:28:29,2023-03-28 18:28:29,48,ORD,Branch_E,2023-03-28
F0008,2023-02-24 04:35:15,2023-02-24 09:35:15,47,LAX,Branch_E,2023-02-24
F0009,2023-10-14 00:24:33,2023-10-14 05:24:33,50,JFK,Branch_A,2023-10-14
F0010,2023-02-09 19:19:27,2023-02-09 20:19:27,28,ORD,Branch_C,2023-02-09
F0011,2023-09-20 19:17:46,2023-09-20 21:17:46,14,ATL,Branch_B,2023-09-20
F0012,2023-10-15 15:31:25,2023-10-15 18:31:25,34,LAX,Branch_A,2023-10-15
F0013,2023-12-13 11:42:58,2023-12-13 12:42:58,15,ATL,Branch_A,2023-12-13
F0014,2023-07-31 19:11:04,2023-08-01 00:11:04,19,ORD,Branch_B,2023-07-31
F0015,2023-02-03 18:19:43,2023-02-03 19:19:43,51,ORD,Branch_A,2023-02-03
F0016,2023-08-18 07:47:20,2023-08-18 10:47:20,50,ORD,Branch_B,2023-08-18
F0017,2023-06-13 20:35:47,2023-06-14 01:35:47,30,DFW,Branch_D,2023-06-13
F0018,2023-01-13 08:14:09,2023-01-13 12:14:09,57,DFW,Branch_C,2023-01-13
F0019,2023-01-12 13:43:48,2023-01-12 17:43:48,53,JFK,Branch_E,2023-01-12
F0020,2023-02-06 09:18:10,2023-02-06 11:18:10,12,ORD,Branch_E,2023-02-06
F0021,2023-03-26 21:51:13,2023-03-26 22:51:13,23,ORD,Branch_C,2023-03-26
F0022,2023-04-01 08:33:24,2023-04-01 13:33:24,43,LAX,Branch_B,2023-04-01
F0023,2023-07-16 06:15:09,2023-07-16 08:15:09,60,JFK,Branch_C,2023-07-16
F0024,2023-08-22 19:13:16,2023-08-22 20:13:16,36,JFK,Branch_B,2023-08-22
F0025,2023-01-11 07:19:59,2023-01-11 10:19:59,28,ATL,Branch_C,2023-01-11
F0026,2023-08-06 23:10:59,2023-08-07 04:10:59,29,ORD,Branch_A,2023-08-06
F0027,2023-03-19 05:18:04,2023-03-19 06:18:04,49,LAX,Branch_A,2023-03-19
F0028,2023-10-06 01:47:11,2023-10-06 06:47:11,18,ATL,Branch_C,2023-10-06
F0029,2023-09-10 09:21:43,2023-09-10 10:21:43,49,DFW,Branch_D,2023-09-10
F0030,2023-09-30 08:49:21,2023-09-30 11:49:21,24,ORD,Branch_C,2023-09-30
F0031,2023-07-31 15:13:21,2023-07-31 20:13:21,32,JFK,Branch_E,2023-07-31
F0032,2023-06-12 22:12:29,2023-06-13 02:12:29,33,ORD,Branch_A,2023-06-12
F0033,2023-03-27 14:39:19,2023-03-27 17:39:19,26,ORD,Branch_C,2023-03-27
F0034,2023-06-24 10:55:54,2023-06-24 11:55:54,10,DFW,Branch_E,2023-06-24
F0035,2023-08-17 20:21:15,2023-08-18 01:21:15,52,LAX,Branch_A,2023-08-17
F0036,2023-04-19 00:55:31,2023-04-19 03:55:31,12,LAX,Branch_D,2023-04-19
F0037,2023-11-11 08:26:19,2023-11-11 09:26:19,51,LAX,Branch_D,2023-11-11
F0038,2023-12-04 14:27:58,2023-12-04 18:27:58,38,ATL,Branch_E,2023-12-04
F0039,2023-01-03 12:34:22,2023-01-03 16:34:22,8,LAX,Branch_C,2023-01-03
F0040,2023-10-22 16:35:50,2023-10-22 17:35:50,55,ATL,Branch_A,2023-10-22
F0041,2023-11-09 22:46:47,2023-11-10 02:46:47,16,DFW,Branch_D,2023-11-09
F0042,2023-03-04 00:07:57,2023-03-04 03:07:57,3,ORD,Branch_E,2023-03-04
F0043,2023-09-29 03:07:50,2023-09-29 07:07:50,41,ATL,Branch_B,2023-09-29
F0044,2023-06-14 03:03:06,2023-06-14 05:03:06,30,DFW,Branch_C,2023-06-14
F0045,2023-05-13 03:21:52,2023-05-13 07:21:52,55,ATL,Branch_B,2023-05-13
F0046,2023-04-18 21:56:55,2023-04-18 23:56:55,23,DFW,Branch_C,2023-04-18
F0047,2023-03-02 09:10:26,2023-03-02 14:10:26,35,LAX,Branch_A,2023-03-02
F0048,2023-03-25 14:52:10,2023-03-25 17:52:10,59,LAX,Branch_E,2023-03-25
F0049,2023-10-24 12:16:51,2023-10-24 17:16:51,6,DFW,Branch_A,2023-10-24
F0050,2023-05-11 17:17:18,2023-05-11 22:17:18,45,JFK,Branch_B,2023-05-11
F0051,2023-02-09 16:40:07,2023-02-09 20:40:07,54,DFW,Branch_E,2023-02-09
F0052,2023-02-06 00:27:14,2023-02-06 04:27:14,33,ATL,Branch_A,2023-02-06
F0053,2023-05-28 13:10:44,2023-05-28 17:10:44,54,DFW,Branch_A,2023-05-28
F0054,2023-02-07 13:27:43,2023-02-07 18:27:43,7,ORD,Branch_A,2023-02-07
F0055,2023-05-20 09:55:49,2023-05-20 12:55:49,18,JFK,Branch_B,2023-05-20
F0056,2023-11-26 03:13:12,2023-11-26 06:13:12,5,DFW,Branch_A,2023-11-26
F0057,2023-05-14 13:53:58,2023-05-14 15:53:58,48,JFK,Branch_D,2023-05-14
F0058,2023-08-23 11:08:04,2023-08-23 12:08:04,10,JFK,Branch_C,2023-08-23
F0059,2023-04-13 17:30:47,2023-04-13 20:30:47,17,DFW,Branch_D,2023-04-13
F0060,2023-11-10 10:58:50,2023-11-10 14:58:50,28,DFW,Branch_B,2023-11-10
F0061,2023-01-17 20:59:14,2023-01-17 22:59:14,57,LAX,Branch_B,2023-01-17
F0062,2023-10-11 09:35:35,2023-10-11 13:35:35,32,DFW,Branch_A,2023-10-11
F0063,2023-06-28 10:09:00,2023-06-28 15:09:00,9,DFW,Branch_E,2023-06-28
F0064,2023-07-28 06:00:29,2023-07-28 11:00:29,53,LAX,Branch_D,2023-07-28
F0065,2023-02-18 11:27:50,2023-02-18 15:27:50,27,LAX,Branch_B,2023-02-18
F0066,2023-12-25 04:24:57,2023-12-25 07:24:57,5,ORD,Branch_C,2023-12-25
F0067,2023-05-28 00:11:46,2023-05-28 01:11:46,60,DFW,Branch_B,2023-05-28
F0068,2023-01-31 14:28:15,2023-01-31 18:28:15,58,ATL,Branch_D,2023-01-31
F0069,2023-08-03 09:23:29,2023-08-03 12:23:29,14,JFK,Branch_C,2023-08-03
F0070,2023-04-24 20:37:10,2023-04-24 22:37:10,52,LAX,Branch_C,2023-04-24
F0071,2023-11-19 02:36:42,2023-11-19 06:36:42,28,DFW,Branch_A,2023-11-19
F0072,2023-09-02 03:20:51,2023-09-02 05:20:51,56,ATL,Branch_E,2023-09-02
F0073,2023-08-29 05:01:18,2023-08-29 08:01:18,22,JFK,Branch_C,2023-08-29
F0074,2023-12-10 21:00:30,2023-12-11 00:00:30,59,DFW,Branch_A,2023-12-10
F0075,2023-12-01 15:41:25,2023-12-01 18:41:25,1,ATL,Branch_E,2023-12-01
F0076,2023-05-21 10:40:57,2023-05-21 13:40:57,26,JFK,Branch_A,2023-05-21
F0077,2023-08-13 05:18:43,2023-08-13 10:18:43,3,ATL,Branch_B,2023-08-13
F0078,2023-03-16 16:15:34,2023-03-16 19:15:34,25,LAX,Branch_B,2023-03-16
F0079,2023-10-01 15:05:07,2023-10-01 20:05:07,32,DFW,Branch_E,2023-10-01
F0080,2023-01-28 00:18:03,2023-01-28 01:18:03,23,ATL,Branch_A,2023-01-28
F0081,2023-01-18 19:06:51,2023-01-19 00:06:51,15,ATL,Branch_D,2023-01-18
F0082,2023-09-14 19:25:15,2023-09-14 21:25:15,24,DFW,Branch_A,2023-09-14
F0083,2023-03-30 12:09:57,2023-03-30 13:09:57,5,JFK,Branch_D,2023-03-30
F0084,2023-10-28 05:31:09,2023-10-28 07:31:09,23,DFW,Branch_C,2023-10-28
F0085,2023-04-23 09:17:28,2023-04-23 13:17:28,14,ATL,Branch_C,2023-04-23
F0086,2023-01-31 23:42:54,2023-02-01 03:42:54,1,ORD,Branch_C,2023-01-31
F0087,2023-11-29 04:08:20,2023-11-29 09:08:20,20,JFK,Branch_A,2023-11-29
F0088,2023-04-01 09:46:05,2023-04-01 11:46:05,59,ATL,Branch_E,2023-04-01
F0089,2023-12-03 12:12:47,2023-12-03 16:12:47,6,ORD,Branch_D,2023-12-03
F0090,2023-02-09 05:24:05,2023-02-09 09:24:05,53,JFK,Branch_A,2023-02-09
F0091,2023-05-28 15:01:59,2023-05-28 19:01:59,45,LAX,Branch_C,2023-05-28
F0092,2023-04-18 22:54:06,2023-04-18 23:54:06,41,DFW,Branch_B,2023-04-18
F0093,2023-06-26 02:05:25,2023-06-26 03:05:25,21,JFK,Branch_C,2023-06-26
F0094,2023-09-04 21:00:30,2023-09-05 00:00:30,50,JFK,Branch_E,2023-09-04
F0095,2023-11-20 22:28:21,2023-11-21 00:28:21,9,ATL,Branch_C,2023-11-20
F0096,2023-05-22 16:28:56,2023-05-22 20:28:56,8,ORD,Branch_E,2023-05-22
F0097,2023-03-05 04:02:45,2023-03-05 06:02:45,2,JFK,Branch_B,2023-03-05
F0098,2023-05-24 18:20:12,2023-05-24 21:20:12,18,DFW,Branch_D,2023-05-24
F0099,2023-05-18 23:21:46,2023-05-19 04:21:46,58,JFK,Branch_C,2023-05-18
F0100,2023-03-23 08:44:49,2023-03-23 11:44:49,53,JFK,Branch_E,2023-03-23
F0101,2023-09-18 06:29:07,2023-09-18 10:29:07,30,ATL,Branch_D,2023-09-18
F0102,2023-04-14 16:24:49,2023-04-14 21:24:49,44,JFK,Branch_B,2023-04-14
F0103,2023-09-30 13:26:21,2023-09-30 18:26:21,53,ORD,Branch_E,2023-09-30
F0104,2023-12-30 18:15:12,2023-12-30 21:15:12,8,ATL,Branch_B,2023-12-30
F0105,2023-09-23 11:07:33,2023-09-23 15:07:33,48,LAX,Branch_B,2023-09-23
F0106,2023-09-09 16:07:39,2023-09-09 21:07:39,45,LAX,Branch_A,2023-09-09
F0107,2023-01-28 17:31:10,2023-01-28 20:31:10,30,ATL,Branch_D,2023-01-28
F0108,2023-08-25 13:30:44,2023-08-25 16:30:44,28,ORD,Branch_A,2023-08-25
F0109,2023-09-04 14:25:35,2023-09-04 18:25:35,39,ATL,Branch_B,2023-09-04
F0110,2023-03-08 11:07:40,2023-03-08 14:07:40,0,ATL,Branch_E,2023-03-08
F0111,2023-07-27 10:32:40,2023-07-27 13:32:40,57,ATL,Branch_C,2023-07-27
F0112,2023-10-11 03:57:15,2023-10-11 06:57:15,5,ATL,Branch_A,2023-10-11
F0113,2023-04-06 01:48:11,2023-04-06 03:48:11,1,JFK,Branch_C,2023-04-06
F0114,2023-03-05 11:01:17,2023-03-05 12:01:17,16,DFW,Branch_A,2023-03-05
F0115,2023-06-29 12:34:38,2023-06-29 14:34:38,13,LAX,Branch_D,2023-06-29
F0116,2023-05-28 08:46:51,2023-05-28 11:46:51,53,ORD,Branch_C,2023-05-28
F0117,2023-04-15 20:05:45,2023-04-15 21:05:45,9,JFK,Branch_A,2023-04-15
F0118,2023-12-26 09:16:15,2023-12-26 14:16:15,35,LAX,Branch_B,2023-12-26
F0119,2023-09-06 13:13:48,2023-09-06 15:13:48,60,DFW,Branch_E,2023-09-06
F0120,2023-09-25 06:08:03,2023-09-25 08:08:03,46,ATL,Branch_B,2023-09-25
F0121,2023-08-05 07:08:52,2023-08-05 09:08:52,38,DFW,Branch_D,2023-08-05
F0122,2023-03-27 06:57:42,2023-03-27 10:57:42,33,LAX,Branch_D,2023-03-27
F0123,2023-09-23 21:04:02,2023-09-24 00:04:02,27,LAX,Branch_A,2023-09-23
F0124,2023-05-06 22:32:02,2023-05-07 03:32:02,7,JFK,Branch_B,2023-05-06
F0125,2023-11-24 07:56:57,2023-11-24 12:56:57,49,JFK,Branch_C,2023-11-24
F0126,2023-10-26 09:12:05,2023-10-26 14:12:05,18,ORD,Branch_A,2023-10-26
F0127,2023-10-29 08:50:36,2023-10-29 11:50:36,15,ATL,Branch_A,2023-10-29
F0128,2023-01-22 17:22:46,2023-01-22 18:22:46,19,DFW,Branch_B,2023-01-22
F0129,2023-03-30 22:52:57,2023-03-31 00:52:57,7,ATL,Branch_E,2023-03-30
F0130,2023-11-16 03:45:19,2023-11-16 06:45:19,3,DFW,Branch_D,2023-11-16
F0131,2023-01-13 11:11:45,2023-01-13 13:11:45,15,ATL,Branch_C,2023-01-13
F0132,2023-11-09 15:34:14,2023-11-09 18:34:14,26,LAX,Branch_D,2023-11-09
F0133,2023-05-03 12:14:07,2023-05-03 14:14:07,40,LAX,Branch_A,2023-05-03
F0134,2023-06-05 19:07:36,2023-06-05 22:07:36,50,ATL,Branch_E,2023-06-05
F0135,2023-04-14 23:31:33,2023-04-15 00:31:33,39,ORD,Branch_A,2023-04-14
F0136,2023-01-26 16:55:21,2023-01-26 21:55:21,29,LAX,Branch_E,2023-01-26
F0137,2023-03-23 22:30:09,2023-03-24 00:30:09,4,ORD,Branch_B,2023-03-23
F0138,2023-12-21 15:02:43,2023-12-21 18:02:43,7,LAX,Branch_D,2023-12-21
F0139,2023-08-09 06:30:04,2023-08-09 07:30:04,53,JFK,Branch_A,2023-08-09
F0140,2023-12-07 08:20:17,2023-12-07 09:20:17,57,JFK,Branch_E,2023-12-07
F0141,2023-10-06 19:26:45,2023-10-07 00:26:45,31,ATL,Branch_E,2023-10-06
F0142,2023-05-03 05:00:37,2023-05-03 08:00:37,38,DFW,Branch_A,2023-05-03
F0143,2023-03-24 13:49:22,2023-03-24 15:49:22,34,JFK,Branch_D,2023-03-24
F0144,2023-09-12 13:07:52,2023-09-12 17:07:52,1,LAX,Branch_B,2023-09-12
F0145,2023-07-13 21:10:21,2023-07-13 22:10:21,40,LAX,Branch_B,2023-07-13
F0146,2023-06-03 15:33:23,2023-06-03 16:33:23,32,JFK,Branch_C,2023-06-03
F0147,2023-12-10 13:50:40,2023-12-10 18:50:40,36,JFK,Branch_C,2023-12-10
F0148,2023-12-22 04:12:04,2023-12-22 07:12:04,15,DFW,Branch_C,2023-12-22
F0149,2023-09-07 15:48:49,2023-09-07 19:48:49,45,JFK,Branch_D,2023-09-07
F0150,2023-06-28 04:48:33,2023-06-28 08:48:33,9,ATL,Branch_C,2023-06-28
F0151,2023-02-25 11:39:35,2023-02-25 15:39:35,18,DFW,Branch_C,2023-02-25
F0152,2023-04-13 20:51:43,2023-04-13 23:51:43,27,JFK,Branch_D,2023-04-13
F0153,2023-02-24 05:26:56,2023-02-24 07:26:56,0,LAX,Branch_C,2023-02-24
F0154,2023-04-06 18:44:05,2023-04-06 19:44:05,39,JFK,Branch_B,2023-04-06
F0155,2023-10-17 07:48:02,2023-10-17 10:48:02,22,ATL,Branch_A,2023-10-17
F0156,2023-08-07 00:19:48,2023-08-07 04:19:48,15,ATL,Branch_B,2023-08-07
F0157,2023-07-29 07:37:56,2023-07-29 08:37:56,36,LAX,Branch_B,2023-07-29
F0158,2023-04-13 00:55:45,2023-04-13 01:55:45,26,DFW,Branch_E,2023-04-13
F0159,2023-10-18 02:40:24,2023-10-18 06:40:24,11,LAX,Branch_A,2023-10-18
F0160,2023-08-16 00:44:10,2023-08-16 04:44:10,42,JFK,Branch_B,2023-08-16
F0161,2023-06-16 09:17:33,2023-06-16 10:17:33,42,LAX,Branch_A,2023-06-16
F0162,2023-12-15 16:18:56,2023-12-15 21:18:56,5,DFW,Branch_B,2023-12-15
F0163,2023-08-15 14:55:15,2023-08-15 15:55:15,33,ORD,Branch_D,2023-08-15
F0164,2023-06-05 02:40:57,2023-06-05 04:40:57,23,LAX,Branch_D,2023-06-05
F0165,2023-05-21 14:03:05,2023-05-21 16:03:05,4,DFW,Branch_C,2023-05-21
F0166,2023-03-27 04:13:03,2023-03-27 09:13:03,33,ORD,Branch_D,2023-03-27
F0167,2023-02-23 17:20:43,2023-02-23 20:20:43,34,DFW,Branch_A,2023-02-23
F0168,2023-07-17 21:07:45,2023-07-17 22:07:45,32,DFW,Branch_E,2023-07-17
F0169,2023-07-11 15:54:03,2023-07-11 17:54:03,50,ORD,Branch_C,2023-07-11
F0170,2023-02-05 07:20:13,2023-02-05 08:20:13,32,LAX,Branch_B,2023-02-05
F0171,2023-10-21 12:24:01,2023-10-21 17:24:01,35,ORD,Branch_D,2023-10-21
F0172,2023-01-19 07:09:23,2023-01-19 11:09:23,1,LAX,Branch_C,2023-01-19
F0173,2023-12-01 10:03:39,2023-12-01 15:03:39,24,DFW,Branch_D,2023-12-01
F0174,2023-02-12 14:00:14,2023-02-12 19:00:14,55,LAX,Branch_C,2023-02-12
F0175,2023-03-01 08:35:03,2023-03-01 13:35:03,30,ATL,Branch_A,2023-03-01
F0176,2023-09-01 16:13:15,2023-09-01 18:13:15,2,ORD,Branch_A,2023-09-01
F0177,2023-03-04 03:08:25,2023-03-04 08:08:25,40,ORD,Branch_B,2023-03-04
F0178,2023-11-04 14:42:53,2023-11-04 18:42:53,24,JFK,Branch_C,2023-11-04
F0179,2023-09-22 06:32:40,2023-09-22 10:32:40,23,DFW,Branch_E,2023-09-22
F0180,2023-06-13 22:48:57,2023-06-14 02:48:57,16,DFW,Branch_A,2023-06-13
F0181,2023-08-20 14:56:06,2023-08-20 17:56:06,47,LAX,Branch_B,2023-08-20
F0182,2023-01-25 16:07:16,2023-01-25 21:07:16,1,ATL,Branch_C,2023-01-25
F0183,2023-05-30 10:17:28,2023-05-30 14:17:28,22,DFW,Branch_B,2023-05-30
F0184,2023-05-29 04:56:58,2023-05-29 07:56:58,50,ATL,Branch_A,2023-05-29
F0185,2023-08-20 10:04:57,2023-08-20 15:04:57,4,JFK,Branch_B,2023-08-20
F0186,2023-07-01 18:32:28,2023-07-01 23:32:28,22,ORD,Branch_C,2023-07-01
F0187,2023-07-25 11:42:11,2023-07-25 12:42:11,15,ATL,Branch_D,2023-07-25
F0188,2023-04-08 15:20:57,2023-04-08 20:20:57,46,DFW,Branch_E,2023-04-08
F0189,2023-08-03 20:26:20,2023-08-03 21:26:20,42,ORD,Branch_A,2023-08-03
F0190,2023-12-01 07:02:53,2023-12-01 09:02:53,40,ATL,Branch_C,2023-12-01
F0191,2023-01-05 11:00:39,2023-01-05 13:00:39,6,ATL,Branch_C,2023-01-05
F0192,2023-09-22 04:42:03,2023-09-22 07:42:03,49,LAX,Branch_B,2023-09-22
F0193,2023-10-07 21:36:51,2023-10-07 22:36:51,37,ORD,Branch_A,2023-10-07
F0194,2023-02-14 11:41:58,2023-02-14 13:41:58,47,ATL,Branch_D,2023-02-14
F0195,2023-09-22 18:00:04,2023-09-22 20:00:04,48,LAX,Branch_D,2023-09-22
F0196,2023-12-10 14:49:33,2023-12-10 16:49:33,21,DFW,Branch_E,2023-12-10
F0197,2023-07-28 12:55:34,2023-07-28 17:55:34,8,ATL,Branch_E,2023-07-28
F0198,2023-10-19 14:41:18,2023-10-19 15:41:18,2,LAX,Branch_B,2023-10-19
F0199,2023-04-14 14:59:27,2023-04-14 16:59:27,22,LAX,Branch_A,2023-04-14
F0200,2023-10-26 11:51:33,2023-10-26 12:51:33,34,ORD,Branch_D,2023-10-26
F0201,2023-09-06 22:11:49,2023-09-07 02:11:49,21,LAX,Branch_A,2023-09-06
F0202,2023-05-13 02:39:54,2023-05-13 06:39:54,52,ATL,Branch_B,2023-05-13
F0203,2023-02-13 07:44:29,2023-02-13 12:44:29,41,JFK,Branch_A,2023-02-13
F0204,2023-04-24 23:37:10,2023-04-25 03:37:10,11,DFW,Branch_A,2023-04-24
F0205,2023-06-18 20:18:21,2023-06-18 23:18:21,53,ATL,Branch_A,2023-06-18
F0206,2023-03-03 10:08:13,2023-03-03 11:08:13,49,ATL,Branch_B,2023-03-03
F0207,2023-06-26 05:00:41,2023-06-26 07:00:41,43,DFW,Branch_B,2023-06-26
F0208,2023-01-02 06:14:54,2023-01-02 09:14:54,29,DFW,Branch_B,2023-01-02
F0209,2023-10-08 10:23:08,2023-10-08 13:23:08,44,LAX,Branch_D,2023-10-08
F0210,2023-12-07 03:32:27,2023-12-07 07:32:27,30,ATL,Branch_C,2023-12-07
F0211,2023-10-07 11:54:36,2023-10-07 12:54:36,40,LAX,Branch_A,2023-10-07
F0212,2023-04-13 06:57:49,2023-04-13 08:57:49,11,ORD,Branch_E,2023-04-13
F0213,2023-07-14 09:48:02,2023-07-14 12:48:02,51,LAX,Branch_E,2023-07-14
F0214,2023-10-23 22:00:08,2023-10-24 03:00:08,8,ORD,Branch_C,2023-10-23
F0215,2023-03-11 09:09:22,2023-03-11 11:09:22,4,JFK,Branch_A,2023-03-11
F0216,2023-07-17 03:56:10,2023-07-17 07:56:10,45,ATL,Branch_A,2023-07-17
F0217,2023-12-21 10:18:28,2023-12-21 11:18:28,49,ORD,Branch_A,2023-12-21
F0218,2023-02-11 07:49:14,2023-02-11 12:49:14,60,JFK,Branch_B,2023-02-11
F0219,2023-12-05 01:49:16,2023-12-05 03:49:16,29,DFW,Branch_D,2023-12-05
F0220,2023-08-31 20:13:12,2023-08-31 22:13:12,2,LAX,Branch_B,2023-08-31
F0221,2023-04-26 21:42:25,2023-04-27 00:42:25,18,JFK,Branch_A,2023-04-26
F0222,2023-11-23 20:55:36,2023-11-23 22:55:36,12,ORD,Branch_C,2023-11-23
F0223,2023-09-06 03:26:27,2023-09-06 04:26:27,2,ATL,Branch_A,2023-09-06
F0224,2023-07-17 03:45:39,2023-07-17 04:45:39,50,DFW,Branch_A,2023-07-17
F0225,2023-08-25 12:00:49,2023-08-25 14:00:49,12,DFW,Branch_D,2023-08-25
F0226,2023-03-19 05:59:09,2023-03-19 08:59:09,56,JFK,Branch_A,2023-03-19
F0227,2023-03-01 08:33:54,2023-03-01 13:33:54,2,JFK,Branch_B,2023-03-01
F0228,2023-05-26 05:07:46,2023-05-26 10:07:46,20,LAX,Branch_E,2023-05-26
F0229,2023-10-24 03:06:56,2023-10-24 06:06:56,59,DFW,Branch_D,2023-10-24
F0230,2023-03-04 17:44:46,2023-03-04 21:44:46,19,DFW,Branch_D,2023-03-04
F0231,2023-07-29 11:22:36,2023-07-29 12:22:36,32,LAX,Branch_D,2023-07-29
F0232,2023-10-30 09:19:29,2023-10-30 13:19:29,25,ATL,Branch_A,2023-10-30
F0233,2023-12-25 05:42:31,2023-12-25 08:42:31,52,LAX,Branch_D,2023-12-25
F0234,2023-07-25 23:15:16,2023-07-26 03:15:16,34,ORD,Branch_D,2023-07-25
F0235,2023-12-23 16:58:47,2023-12-23 19:58:47,30,ORD,Branch_B,2023-12-23
F0236,2023-01-01 05:19:49,2023-01-01 10:19:49,16,JFK,Branch_C,2023-01-01
F0237,2023-08-21 14:34:05,2023-08-21 19:34:05,2,LAX,Branch_B,2023-08-21
F0238,2023-05-06 21:21:12,2023-05-07 01:21:12,48,LAX,Branch_B,2023-05-06
F0239,2023-07-09 18:08:07,2023-07-09 22:08:07,41,JFK,Branch_C,2023-07-09
F0240,2023-01-08 13:32:11,2023-01-08 14:32:11,12,ATL,Branch_C,2023-01-08
F0241,2023-02-13 10:40:57,2023-02-13 15:40:57,18,LAX,Branch_D,2023-02-13
F0242,2023-12-27 19:49:36,2023-12-27 20:49:36,22,DFW,Branch_B,2023-12-27
F0243,2023-05-21 23:13:33,2023-05-22 03:13:33,55,LAX,Branch_A,2023-05-21
F0244,2023-12-08 06:16:53,2023-12-08 09:16:53,49,ATL,Branch_E,2023-12-08
F0245,2023-11-19 23:41:04,2023-11-20 04:41:04,3,LAX,Branch_E,2023-11-19
F0246,2023-11-10 07:41:10,2023-11-10 10:41:10,55,DFW,Branch_E,2023-11-10
F0247,2023-04-30 10:14:21,2023-04-30 11:14:21,41,ORD,Branch_B,2023-04-30
F0248,2023-04-03 23:51:26,2023-04-04 00:51:26,21,ORD,Branch_C,2023-04-03
F0249,2023-01-23 11:54:06,2023-01-23 13:54:06,17,ATL,Branch_D,2023-01-23
F0250,2023-04-04 13:05:09,2023-04-04 18:05:09,7,ATL,Branch_D,2023-04-04
F0251,2023-12-07 23:38:33,2023-12-08 04:38:33,51,DFW,Branch_E,2023-12-07
F0252,2023-08-09 08:08:59,2023-08-09 09:08:59,23,ORD,Branch_D,2023-08-09
F0253,2023-01-31 14:04:08,2023-01-31 17:04:08,27,ORD,Branch_A,2023-01-31
F0254,2023-02-03 06:20:52,2023-02-03 11:20:52,56,ORD,Branch_A,2023-02-03
F0255,2023-10-12 05:52:23,2023-10-12 06:52:23,25,ORD,Branch_C,2023-10-12
F0256,2023-07-08 17:45:33,2023-07-08 19:45:33,47,DFW,Branch_D,2023-07-08
F0257,2023-11-13 21:53:16,2023-11-14 01:53:16,28,ATL,Branch_B,2023-11-13
F0258,2023-01-27 21:06:26,2023-01-28 02:06:26,57,ATL,Branch_D,2023-01-27
F0259,2023-10-23 09:19:33,2023-10-23 13:19:33,24,JFK,Branch_B,2023-10-23
F0260,2023-07-26 21:10:52,2023-07-27 00:10:52,21,ATL,Branch_E,2023-07-26
F0261,2023-10-25 10:05:39,2023-10-25 12:05:39,11,ORD,Branch_B,2023-10-25
F0262,2023-02-18 20:10:22,2023-02-19 01:10:22,31,LAX,Branch_E,2023-02-18
F0263,2023-02-19 20:41:42,2023-02-20 00:41:42,44,ORD,Branch_A,2023-02-19
F0264,2023-09-14 05:19:24,2023-09-14 09:19:24,31,ORD,Branch_D,2023-09-14
F0265,2023-07-04 13:57:10,2023-07-04 14:57:10,23,ATL,Branch_C,2023-07-04
F0266,2023-08-02 12:32:27,2023-08-02 16:32:27,59,JFK,Branch_D,2023-08-02
F0267,2023-03-06 03:05:41,2023-03-06 06:05:41,51,DFW,Branch_E,2023-03-06
F0268,2023-04-13 22:30:24,2023-04-14 02:30:24,33,LAX,Branch_D,2023-04-13
F0269,2023-07-24 22:16:34,2023-07-25 01:16:34,17,LAX,Branch_C,2023-07-24
F0270,2023-12-05 19:39:55,2023-12-05 22:39:55,51,JFK,Branch_E,2023-12-05
F0271,2023-08-24 13:51:54,2023-08-24 14:51:54,5,ORD,Branch_E,2023-08-24
F0272,2023-06-14 07:55:53,2023-06-14 09:55:53,46,DFW,Branch_C,2023-06-14
F0273,2023-03-24 06:06:08,2023-03-24 09:06:08,27,DFW,Branch_D,2023-03-24
F0274,2023-12-27 18:06:04,2023-12-27 22:06:04,5,DFW,Branch_C,2023-12-27
F0275,2023-07-29 10:36:13,2023-07-29 14:36:13,27,ATL,Branch_B,2023-07-29
F0276,2023-10-21 07:34:54,2023-10-21 10:34:54,38,ORD,Branch_A,2023-10-21
F0277,2023-10-11 11:27:02,2023-10-11 15:27:02,52,LAX,Branch_C,2023-10-11
F0278,2023-09-25 22:01:56,2023-09-26 03:01:56,11,LAX,Branch_E,2023-09-25
F0279,2023-03-20 02:51:49,2023-03-20 03:51:49,34,ORD,Branch_B,2023-03-20
F0280,2023-10-04 21:09:57,2023-10-05 01:09:57,18,LAX,Branch_A,2023-10-04
F0281,2023-05-02 01:24:23,2023-05-02 02:24:23,20,ATL,Branch_C,2023-05-02
F0282,2023-06-04 22:52:39,2023-06-05 01:52:39,6,DFW,Branch_A,2023-06-04
F0283,2023-09-18 20:34:34,2023-09-18 23:34:34,5,LAX,Branch_D,2023-09-18
F0284,2023-09-10 09:18:09,2023-09-10 12:18:09,20,ATL,Branch_E,2023-09-10
F0285,2023-05-26 00:31:52,2023-05-26 01:31:52,42,DFW,Branch_C,2023-05-26
F0286,2023-06-20 03:23:19,2023-06-20 07:23:19,18,ORD,Branch_E,2023-06-20
F0287,2023-12-16 09:00:39,2023-12-16 14:00:39,19,ORD,Branch_B,2023-12-16
F0288,2023-07-21 00:09:23,2023-07-21 01:09:23,28,ATL,Branch_B,2023-07-21
F0289,2023-06-25 08:09:21,2023-06-25 13:09:21,38,ATL,Branch_A,2023-06-25
F0290,2023-02-16 23:50:27,2023-02-17 03:50:27,45,ATL,Branch_B,2023-02-16
F0291,2023-04-07 06:38:52,2023-04-07 10:38:52,27,LAX,Branch_B,2023-04-07
F0292,2023-03-29 06:19:51,2023-03-29 07:19:51,10,ORD,Branch_C,2023-03-29
F0293,2023-01-25 20:45:52,2023-01-25 22:45:52,44,LAX,Branch_E,2023-01-25
F0294,2023-05-12 07:11:09,2023-05-12 12:11:09,28,LAX,Branch_A,2023-05-12
F0295,2023-01-09 04:03:12,2023-01-09 07:03:12,22,DFW,Branch_B,2023-01-09
F0296,2023-08-17 11:26:04,2023-08-17 16:26:04,28,ATL,Branch_E,2023-08-17
F0297,2023-08-04 02:55:22,2023-08-04 06:55:22,2,LAX,Branch_D,2023-08-04
F0298,2023-03-31 08:49:29,2023-03-31 12:49:29,46,DFW,Branch_C,2023-03-31
F0299,2023-08-17 12:39:33,2023-08-17 13:39:33,55,JFK,Branch_B,2023-08-17
F0300,2023-03-27 12:34:29,2023-03-27 14:34:29,58,DFW,Branch_B,2023-03-27
F0301,2023-01-03 19:01:24,2023-01-03 22:01:24,22,JFK,Branch_B,2023-01-03
F0302,2023-01-28 13:42:12,2023-01-28 18:42:12,39,JFK,Branch_E,2023-01-28
F0303,2023-10-02 21:33:20,2023-10-02 23:33:20,27,JFK,Branch_C,2023-10-02
F0304,2023-09-03 02:18:21,2023-09-03 05:18:21,17,JFK,Branch_C,2023-09-03
F0305,2023-01-23 20:44:35,2023-01-24 00:44:35,40,ATL,Branch_E,2023-01-23
F0306,2023-03-30 21:53:31,2023-03-31 01:53:31,50,LAX,Branch_A,2023-03-30
F0307,2023-01-27 04:12:59,2023-01-27 05:12:59,60,LAX,Branch_C,2023-01-27
F0308,2023-12-18 15:07:34,2023-12-18 16:07:34,3,JFK,Branch_E,2023-12-18
F0309,2023-01-13 04:47:23,2023-01-13 09:47:23,4,LAX,Branch_E,2023-01-13
F0310,2023-11-30 20:22:57,2023-11-30 22:22:57,42,JFK,Branch_B,2023-11-30
F0311,2023-05-09 07:49:00,2023-05-09 09:49:00,40,LAX,Branch_E,2023-05-09
F0312,2023-01-28 12:26:18,2023-01-28 15:26:18,25,DFW,Branch_B,2023-01-28
F0313,2023-07-19 16:16:56,2023-07-19 21:16:56,23,ATL,Branch_D,2023-07-19
F0314,2023-04-03 10:21:50,2023-04-03 11:21:50,32,ORD,Branch_E,2023-04-03
F0315,2023-04-19 03:35:46,2023-04-19 08:35:46,51,JFK,Branch_C,2023-04-19
F0316,2023-09-17 19:19:29,2023-09-17 23:19:29,47,DFW,Branch_B,2023-09-17
F0317,2023-07-08 12:23:27,2023-07-08 13:23:27,43,DFW,Branch_D,2023-07-08
F0318,2023-03-25 04:49:54,2023-03-25 06:49:54,10,ATL,Branch_A,2023-03-25
F0319,2023-07-29 10:01:28,2023-07-29 11:01:28,60,ATL,Branch_A,2023-07-29
F0320,2023-02-21 09:14:08,2023-02-21 13:14:08,1,JFK,Branch_A,2023-02-21
F0321,2023-10-08 22:08:04,2023-10-08 23:08:04,9,JFK,Branch_B,2023-10-08
F0322,2023-12-30 07:37:28,2023-12-30 09:37:28,54,DFW,Branch_E,2023-12-30
F0323,2023-12-09 16:24:22,2023-12-09 20:24:22,38,DFW,Branch_B,2023-12-09
F0324,2023-08-10 18:30:26,2023-08-10 21:30:26,43,ATL,Branch_A,2023-08-10
F0325,2023-08-12 18:40:54,2023-08-12 23:40:54,50,JFK,Branch_E,2023-08-12
F0326,2023-07-03 13:36:47,2023-07-03 16:36:47,28,JFK,Branch_D,2023-07-03
F0327,2023-04-05 08:53:54,2023-04-05 12:53:54,2,DFW,Branch_A,2023-04-05
F0328,2023-11-01 17:10:59,2023-11-01 21:10:59,8,ORD,Branch_C,2023-11-01
F0329,2023-07-03 16:25:38,2023-07-03 20:25:38,4,DFW,Branch_E,2023-07-03
F0330,2023-11-10 14:25:03,2023-11-10 16:25:03,15,ORD,Branch_B,2023-11-10
F0331,2023-06-08 02:04:25,2023-06-08 06:04:25,49,JFK,Branch_B,2023-06-08
F0332,2023-03-15 22:44:56,2023-03-16 03:44:56,41,DFW,Branch_C,2023-03-15
F0333,2023-02-06 15:10:48,2023-02-06 17:10:48,23,ATL,Branch_B,2023-02-06
F0334,2023-02-07 15:27:38,2023-02-07 19:27:38,23,LAX,Branch_C,2023-02-07
F0335,2023-09-13 22:09:51,2023-09-14 00:09:51,24,JFK,Branch_A,2023-09-13
F0336,2023-06-17 09:41:17,2023-06-17 14:41:17,60,JFK,Branch_A,2023-06-17
F0337,2023-05-18 14:17:33,2023-05-18 19:17:33,36,DFW,Branch_B,2023-05-18
F0338,2023-06-14 12:02:20,2023-06-14 14:02:20,2,LAX,Branch_E,2023-06-14
F0339,2023-06-09 15:45:03,2023-06-09 16:45:03,38,LAX,Branch_B,2023-06-09
F0340,2023-07-01 08:59:07,2023-07-01 11:59:07,9,LAX,Branch_A,2023-07-01
F0341,2023-12-02 11:32:31,2023-12-02 15:32:31,43,DFW,Branch_E,2023-12-02
F0342,2023-10-11 03:28:46,2023-10-11 06:28:46,28,DFW,Branch_C,2023-10-11
F0343,2023-01-22 00:54:43,2023-01-22 05:54:43,60,ORD,Branch_A,2023-01-22
F0344,2023-09-19 12:12:44,2023-09-19 15:12:44,23,ORD,Branch_C,2023-09-19
F0345,2023-09-11 18:38:47,2023-09-11 19:38:47,23,ORD,Branch_D,2023-09-11
F0346,2023-09-08 22:49:54,2023-09-09 01:49:54,28,ATL,Branch_E,2023-09-08
F0347,2023-02-08 05:19:15,2023-02-08 08:19:15,48,JFK,Branch_A,2023-02-08
F0348,2023-01-24 12:57:03,2023-01-24 17:57:03,4,ORD,Branch_C,2023-01-24
F0349,2023-06-06 08:42:08,2023-06-06 13:42:08,36,ATL,Branch_C,2023-06-06
F0350,2023-10-10 19:26:33,2023-10-10 23:26:33,8,ATL,Branch_C,2023-10-10
F0351,2023-05-12 18:31:46,2023-05-12 20:31:46,33,DFW,Branch_B,2023-05-12
F0352,2023-11-07 22:03:46,2023-11-08 02:03:46,23,LAX,Branch_B,2023-11-07
F0353,2023-12-01 15:22:12,2023-12-01 20:22:12,25,LAX,Branch_D,2023-12-01
F0354,2023-02-12 10:27:40,2023-02-12 14:27:40,20,ORD,Branch_D,2023-02-12
F0355,2023-04-07 13:38:42,2023-04-07 16:38:42,41,JFK,Branch_C,2023-04-07
F0356,2023-03-16 09:44:56,2023-03-16 12:44:56,17,JFK,Branch_B,2023-03-16
F0357,2023-03-15 20:52:31,2023-03-16 01:52:31,15,JFK,Branch_E,2023-03-15
F0358,2023-07-28 06:32:43,2023-07-28 11:32:43,7,ATL,Branch_E,2023-07-28
F0359,2023-06-24 05:22:52,2023-06-24 09:22:52,1,ATL,Branch_C,2023-06-24
F0360,2023-02-24 10:35:37,2023-02-24 14:35:37,47,ATL,Branch_B,2023-02-24
F0361,2023-06-13 20:13:18,2023-06-13 23:13:18,11,DFW,Branch_E,2023-06-13
F0362,2023-03-13 06:13:56,2023-03-13 08:13:56,31,ATL,Branch_B,2023-03-13
F0363,2023-04-19 04:13:44,2023-04-19 06:13:44,33,JFK,Branch_D,2023-04-19
F0364,2023-06-29 16:00:22,2023-06-29 21:00:22,24,JFK,Branch_C,2023-06-29
F0365,2023-04-08 00:21:53,2023-04-08 04:21:53,58,LAX,Branch_C,2023-04-08
F0366,2023-12-06 14:47:59,2023-12-06 16:47:59,35,JFK,Branch_B,2023-12-06
F0367,2023-12-25 13:27:32,2023-12-25 17:27:32,7,ATL,Branch_B,2023-12-25
F0368,2023-01-30 06:38:17,2023-01-30 07:38:17,16,ATL,Branch_A,2023-01-30
F0369,2023-06-22 02:16:40,2023-06-22 05:16:40,49,ORD,Branch_E,2023-06-22
F0370,2023-11-10 19:18:47,2023-11-10 23:18:47,16,DFW,Branch_D,2023-11-10
F0371,2023-12-01 12:21:19,2023-12-01 16:21:19,45,JFK,Branch_E,2023-12-01
F0372,2023-11-29 10:11:22,2023-11-29 14:11:22,28,DFW,Branch_A,2023-11-29
F0373,2023-08-02 17:24:13,2023-08-02 19:24:13,13,JFK,Branch_B,2023-08-02
F0374,2023-02-08 00:34:31,2023-02-08 04:34:31,39,LAX,Branch_E,2023-02-08
F0375,2023-01-20 15:31:02,2023-01-20 16:31:02,18,LAX,Branch_C,2023-01-20
F0376,2023-09-11 06:25:51,2023-09-11 08:25:51,44,DFW,Branch_E,2023-09-11
F0377,2023-07-29 22:38:41,2023-07-30 03:38:41,58,ATL,Branch_B,2023-07-29
F0378,2023-11-21 16:20:30,2023-11-21 21:20:30,31,ORD,Branch_E,2023-11-21
F0379,2023-01-06 17:33:11,2023-01-06 20:33:11,12,JFK,Branch_A,2023-01-06
F0380,2023-02-06 05:16:19,2023-02-06 06:16:19,7,JFK,Branch_D,2023-02-06
F0381,2023-12-26 18:21:57,2023-12-26 22:21:57,8,ORD,Branch_B,2023-12-26
F0382,2023-10-20 15:44:22,2023-10-20 16:44:22,54,DFW,Branch_C,2023-10-20
F0383,2023-11-26 14:25:03,2023-11-26 19:25:03,4,DFW,Branch_A,2023-11-26
F0384,2023-04-02 19:12:59,2023-04-02 23:12:59,28,JFK,Branch_B,2023-04-02
F0385,2023-03-06 14:07:54,2023-03-06 15:07:54,11,LAX,Branch_C,2023-03-06
F0386,2023-06-07 20:03:12,2023-06-07 22:03:12,57,ORD,Branch_C,2023-06-07
F0387,2023-07-08 14:30:12,2023-07-08 18:30:12,45,JFK,Branch_B,2023-07-08
F0388,2023-07-06 22:35:08,2023-07-07 00:35:08,28,LAX,Branch_A,2023-07-06
F0389,2023-03-25 00:16:09,2023-03-25 01:16:09,5,DFW,Branch_C,2023-03-25
F0390,2023-12-02 19:07:32,2023-12-02 23:07:32,51,LAX,Branch_D,2023-12-02
F0391,2023-06-05 17:57:59,2023-06-05 20:57:59,43,ATL,Branch_A,2023-06-05
F0392,2023-12-17 11:22:37,2023-12-17 14:22:37,54,JFK,Branch_C,2023-12-17
F0393,2023-01-23 18:31:17,2023-01-23 23:31:17,20,ORD,Branch_B,2023-01-23
F0394,2023-03-05 22:31:45,2023-03-06 02:31:45,42,LAX,Branch_B,2023-03-05
F0395,2023-05-28 04:17:07,2023-05-28 05:17:07,22,DFW,Branch_A,2023-05-28
F0396,2023-01-01 20:05:22,2023-01-01 23:05:22,45,LAX,Branch_C,2023-01-01
F0397,2023-06-01 14:59:40,2023-06-01 19:59:40,4,DFW,Branch_C,2023-06-01
F0398,2023-04-13 23:52:17,2023-04-14 03:52:17,35,ATL,Branch_A,2023-04-13
F0399,2023-12-26 19:46:27,2023-12-26 22:46:27,34,DFW,Branch_A,2023-12-26
F0400,2023-11-01 12:04:03,2023-11-01 16:04:03,18,ORD,Branch_A,2023-11-01
F0401,2023-11-01 21:56:09,2023-11-02 02:56:09,57,ATL,Branch_D,2023-11-01
F0402,2023-06-26 16:59:07,2023-06-26 17:59:07,19,LAX,Branch_D,2023-06-26
F0403,2023-04-21 18:42:55,2023-04-21 23:42:55,54,JFK,Branch_D,2023-04-21
F0404,2023-06-14 06:42:55,2023-06-14 07:42:55,10,DFW,Branch_B,2023-06-14
F0405,2023-09-28 12:42:12,2023-09-28 14:42:12,45,ORD,Branch_D,2023-09-28
F0406,2023-10-11 16:48:10,2023-10-11 19:48:10,45,JFK,Branch_D,2023-10-11
F0407,2023-11-01 05:27:31,2023-11-01 07:27:31,59,JFK,Branch_D,2023-11-01
F0408,2023-08-04 20:08:10,2023-08-04 21:08:10,44,ATL,Branch_C,2023-08-04
F0409,2023-09-15 01:05:15,2023-09-15 05:05:15,40,LAX,Branch_E,2023-09-15
F0410,2023-10-07 00:03:01,2023-10-07 01:03:01,11,JFK,Branch_D,2023-10-07
F0411,2023-07-09 00:06:22,2023-07-09 01:06:22,50,ORD,Branch_A,2023-07-09
F0412,2023-03-02 02:48:39,2023-03-02 06:48:39,23,DFW,Branch_D,2023-03-02
F0413,2023-03-15 17:58:35,2023-03-15 19:58:35,32,DFW,Branch_E,2023-03-15
F0414,2023-04-26 05:31:02,2023-04-26 08:31:02,14,DFW,Branch_B,2023-04-26
F0415,2023-03-26 13:07:09,2023-03-26 14:07:09,7,ATL,Branch_B,2023-03-26
F0416,2023-01-23 17:06:13,2023-01-23 18:06:13,12,ORD,Branch_D,2023-01-23
F0417,2023-08-13 22:21:05,2023-08-14 01:21:05,50,JFK,Branch_A,2023-08-13
F0418,2023-10-13 17:34:03,2023-10-13 18:34:03,8,ORD,Branch_A,2023-10-13
F0419,2023-07-30 13:37:32,2023-07-30 16:37:32,15,ATL,Branch_C,2023-07-30
F0420,2023-01-24 16:09:56,2023-01-24 19:09:56,50,ATL,Branch_A,2023-01-24
F0421,2023-10-18 11:38:15,2023-10-18 14:38:15,31,LAX,Branch_C,2023-10-18
F0422,2023-05-02 19:00:31,2023-05-02 23:00:31,1,ORD,Branch_C,2023-05-02
F0423,2023-01-23 04:49:08,2023-01-23 06:49:08,23,DFW,Branch_A,2023-01-23
F0424,2023-01-20 11:21:37,2023-01-20 13:21:37,35,ATL,Branch_A,2023-01-20
F0425,2023-08-15 20:55:47,2023-08-16 01:55:47,36,ATL,Branch_C,2023-08-15
F0426,2023-07-05 03:59:27,2023-07-05 07:59:27,23,LAX,Branch_B,2023-07-05
F0427,2023-07-15 06:54:18,2023-07-15 11:54:18,29,DFW,Branch_D,2023-07-15
F0428,2023-12-24 01:18:32,2023-12-24 03:18:32,51,ATL,Branch_B,2023-12-24
F0429,2023-11-28 03:55:31,2023-11-28 05:55:31,35,JFK,Branch_A,2023-11-28
F0430,2023-07-26 06:27:15,2023-07-26 08:27:15,8,DFW,Branch_E,2023-07-26
F0431,2023-03-03 03:22:45,2023-03-03 04:22:45,39,ORD,Branch_A,2023-03-03
F0432,2023-01-23 02:09:21,2023-01-23 07:09:21,56,LAX,Branch_C,2023-01-23
F0433,2023-07-17 05:18:16,2023-07-17 09:18:16,5,JFK,Branch_E,2023-07-17
F0434,2023-02-01 02:41:34,2023-02-01 07:41:34,4,JFK,Branch_E,2023-02-01
F0435,2023-11-27 15:05:15,2023-11-27 17:05:15,19,ORD,Branch_D,2023-11-27
F0436,2023-03-14 04:00:51,2023-03-14 08:00:51,25,LAX,Branch_A,2023-03-14
F0437,2023-01-27 14:39:54,2023-01-27 19:39:54,45,ATL,Branch_D,2023-01-27
F0438,2023-08-20 02:07:45,2023-08-20 04:07:45,46,LAX,Branch_B,2023-08-20
F0439,2023-01-27 09:26:28,2023-01-27 11:26:28,30,ATL,Branch_E,2023-01-27
F0440,2023-09-20 05:26:13,2023-09-20 09:26:13,33,ORD,Branch_D,2023-09-20
F0441,2023-12-01 16:44:13,2023-12-01 19:44:13,26,ORD,Branch_B,2023-12-01
F0442,2023-04-02 08:15:33,2023-04-02 12:15:33,49,JFK,Branch_A,2023-04-02
F0443,2023-06-06 19:27:39,2023-06-06 22:27:39,26,JFK,Branch_A,2023-06-06
F0444,2023-02-16 13:25:27,2023-02-16 14:25:27,52,JFK,Branch_C,2023-02-16
F0445,2023-12-12 18:04:45,2023-12-12 22:04:45,36,ORD,Branch_B,2023-12-12
F0446,2023-08-10 05:45:34,2023-08-10 08:45:34,4,ATL,Branch_B,2023-08-10
F0447,2023-04-06 14:53:36,2023-04-06 19:53:36,8,ORD,Branch_D,2023-04-06
F0448,2023-08-13 19:55:00,2023-08-13 21:55:00,20,ORD,Branch_E,2023-08-13
F0449,2023-08-19 21:19:12,2023-08-19 22:19:12,41,JFK,Branch_E,2023-08-19
F0450,2023-01-16 10:25:08,2023-01-16 14:25:08,4,LAX,Branch_C,2023-01-16
F0451,2023-08-29 13:03:14,2023-08-29 16:03:14,28,JFK,Branch_C,2023-08-29
F0452,2023-02-01 20:08:26,2023-02-02 01:08:26,29,LAX,Branch_C,2023-02-01
F0453,2023-06-12 19:27:33,2023-06-12 22:27:33,43,ATL,Branch_B,2023-06-12
F0454,2023-09-13 07:09:43,2023-09-13 11:09:43,33,ATL,Branch_A,2023-09-13
F0455,2023-08-15 16:13:12,2023-08-15 19:13:12,22,DFW,Branch_A,2023-08-15
F0456,2023-08-08 12:17:48,2023-08-08 16:17:48,8,DFW,Branch_D,2023-08-08
F0457,2023-07-23 00:41:17,2023-07-23 03:41:17,56,DFW,Branch_E,2023-07-23
F0458,2023-05-03 20:46:50,2023-05-03 22:46:50,53,ATL,Branch_E,2023-05-03
F0459,2023-12-30 00:05:37,2023-12-30 04:05:37,49,JFK,Branch_D,2023-12-30
F0460,2023-04-12 06:30:44,2023-04-12 10:30:44,35,JFK,Branch_B,2023-04-12
F0461,2023-03-21 07:50:01,2023-03-21 08:50:01,40,JFK,Branch_A,2023-03-21
F0462,2023-09-18 02:17:54,2023-09-18 04:17:54,37,ORD,Branch_C,2023-09-18
F0463,2023-10-06 03:23:29,2023-10-06 07:23:29,11,DFW,Branch_A,2023-10-06
F0464,2023-05-03 00:24:21,2023-05-03 05:24:21,49,JFK,Branch_D,2023-05-03
F0465,2023-04-03 16:42:51,2023-04-03 19:42:51,8,DFW,Branch_A,2023-04-03
F0466,2023-04-14 03:42:24,2023-04-14 08:42:24,27,DFW,Branch_C,2023-04-14
F0467,2023-06-03 16:59:29,2023-06-03 19:59:29,32,ORD,Branch_E,2023-06-03
F0468,2023-02-20 19:52:26,2023-02-20 22:52:26,58,ATL,Branch_D,2023-02-20
F0469,2023-09-18 20:36:23,2023-09-18 21:36:23,55,JFK,Branch_B,2023-09-18
F0470,2023-09-08 16:30:12,2023-09-08 20:30:12,3,ORD,Branch_A,2023-09-08
F0471,2023-04-27 12:10:31,2023-04-27 15:10:31,53,ATL,Branch_A,2023-04-27
F0472,2023-06-27 13:38:30,2023-06-27 14:38:30,7,ATL,Branch_B,2023-06-27
F0473,2023-05-03 18:59:06,2023-05-03 23:59:06,33,JFK,Branch_B,2023-05-03
F0474,2023-12-27 19:04:42,2023-12-27 20:04:42,9,DFW,Branch_C,2023-12-27
F0475,2023-10-19 23:53:05,2023-10-20 04:53:05,19,LAX,Branch_A,2023-10-19
F0476,2023-12-30 09:40:32,2023-12-30 13:40:32,10,DFW,Branch_D,2023-12-30
F0477,2023-01-29 04:09:03,2023-01-29 07:09:03,10,DFW,Branch_A,2023-01-29
F0478,2023-01-04 14:49:34,2023-01-04 16:49:34,20,LAX,Branch_C,2023-01-04
F0479,2023-06-27 23:31:50,2023-06-28 04:31:50,59,ATL,Branch_D,2023-06-27
F0480,2023-08-30 05:37:25,2023-08-30 08:37:25,45,LAX,Branch_D,2023-08-30
F0481,2023-08-07 15:28:51,2023-08-07 17:28:51,14,LAX,Branch_D,2023-08-07
F0482,2023-02-08 19:53:34,2023-02-08 21:53:34,22,ORD,Branch_C,2023-02-08
F0483,2023-01-29 10:50:21,2023-01-29 15:50:21,60,ORD,Branch_A,2023-01-29
F0484,2023-07-28 19:06:57,2023-07-28 22:06:57,60,ORD,Branch_E,2023-07-28
F0485,2023-03-24 18:44:31,2023-03-24 20:44:31,33,ATL,Branch_D,2023-03-24
F0486,2023-07-16 11:11:13,2023-07-16 12:11:13,57,LAX,Branch_B,2023-07-16
F0487,2023-04-13 23:50:49,2023-04-14 00:50:49,18,JFK,Branch_C,2023-04-13
F0488,2023-02-21 10:35:04,2023-02-21 13:35:04,54,LAX,Branch_D,2023-02-21
F0489,2023-12-29 10:36:28,2023-12-29 14:36:28,5,ATL,Branch_C,2023-12-29
F0490,2023-05-16 12:59:53,2023-05-16 13:59:53,16,ORD,Branch_B,2023-05-16
F0491,2023-12-09 02:14:57,2023-12-09 07:14:57,12,ATL,Branch_D,2023-12-09
F0492,2023-01-27 17:10:53,2023-01-27 20:10:53,40,ORD,Branch_A,2023-01-27
F0493,2023-12-08 11:23:33,2023-12-08 13:23:33,35,ATL,Branch_C,2023-12-08
F0494,2023-04-05 20:53:44,2023-04-05 21:53:44,17,JFK,Branch_D,2023-04-05
F0495,2023-05-24 12:14:31,2023-05-24 15:14:31,8,ORD,Branch_D,2023-05-24
F0496,2023-04-21 16:16:30,2023-04-21 19:16:30,40,ORD,Branch_C,2023-04-21
F0497,2023-03-03 06:18:25,2023-03-03 10:18:25,19,LAX,Branch_B,2023-03-03
F0498,2023-06-20 04:10:34,2023-06-20 06:10:34,39,ATL,Branch_C,2023-06-20
F0499,2023-11-20 19:03:58,2023-11-20 21:03:58,34,DFW,Branch_E,2023-11-20
F0500,2023-07-30 23:09:30,2023-07-31 01:09:30,5,DFW,Branch_A,2023-07-30
F0501,2023-10-01 05:28:02,2023-10-01 10:28:02,32,LAX,Branch_B,2023-10-01
F0502,2023-04-28 11:39:50,2023-04-28 14:39:50,41,ATL,Branch_A,2023-04-28
F0503,2023-08-26 13:14:59,2023-08-26 18:14:59,10,JFK,Branch_A,2023-08-26
F0504,2023-11-10 10:43:00,2023-11-10 15:43:00,37,LAX,Branch_C,2023-11-10
F0505,2023-09-11 23:30:03,2023-09-12 02:30:03,60,ORD,Branch_E,2023-09-11
F0506,2023-07-25 10:05:04,2023-07-25 12:05:04,37,JFK,Branch_D,2023-07-25
F0507,2023-01-04 00:54:59,2023-01-04 03:54:59,9,ATL,Branch_E,2023-01-04
F0508,2023-09-17 08:56:10,2023-09-17 12:56:10,10,ORD,Branch_B,2023-09-17
F0509,2023-11-14 07:57:45,2023-11-14 10:57:45,42,DFW,Branch_E,2023-11-14
F0510,2023-08-04 09:16:04,2023-08-04 12:16:04,39,ATL,Branch_A,2023-08-04
F0511,2023-04-27 06:24:43,2023-04-27 07:24:43,46,ORD,Branch_D,2023-04-27
F0512,2023-12-28 20:35:44,2023-12-29 00:35:44,57,ATL,Branch_E,2023-12-28
F0513,2023-09-15 15:13:51,2023-09-15 16:13:51,38,ORD,Branch_D,2023-09-15
F0514,2023-02-10 05:29:46,2023-02-10 07:29:46,21,ATL,Branch_E,2023-02-10
F0515,2023-12-08 00:44:11,2023-12-08 02:44:11,53,DFW,Branch_D,2023-12-08
F0516,2023-02-22 03:41:02,2023-02-22 07:41:02,59,LAX,Branch_E,2023-02-22
F0517,2023-04-13 17:00:03,2023-04-13 22:00:03,36,ORD,Branch_B,2023-04-13
F0518,2023-02-14 19:52:23,2023-02-14 22:52:23,2,ORD,Branch_D,2023-02-14
F0519,2023-12-12 12:43:24,2023-12-12 13:43:24,52,DFW,Branch_C,2023-12-12
F0520,2023-02-11 13:38:51,2023-02-11 17:38:51,55,LAX,Branch_A,2023-02-11
F0521,2023-10-16 07:49:30,2023-10-16 08:49:30,1,ATL,Branch_D,2023-10-16
F0522,2023-08-03 20:25:05,2023-08-03 23:25:05,5,ORD,Branch_A,2023-08-03
F0523,2023-03-02 08:52:46,2023-03-02 13:52:46,2,LAX,Branch_E,2023-03-02
F0524,2023-04-16 18:28:09,2023-04-16 19:28:09,60,ATL,Branch_E,2023-04-16
F0525,2023-04-20 10:09:31,2023-04-20 14:09:31,41,ORD,Branch_E,2023-04-20
F0526,2023-08-23 21:25:21,2023-08-24 00:25:21,49,ORD,Branch_E,2023-08-23
F0527,2023-03-23 19:12:38,2023-03-23 22:12:38,36,ATL,Branch_E,2023-03-23
F0528,2023-10-06 16:37:49,2023-10-06 21:37:49,16,DFW,Branch_B,2023-10-06
F0529,2023-05-14 03:52:33,2023-05-14 07:52:33,41,LAX,Branch_A,2023-05-14
F0530,2023-03-21 01:39:52,2023-03-21 04:39:52,13,ORD,Branch_D,2023-03-21
F0531,2023-09-24 23:56:15,2023-09-25 00:56:15,49,ATL,Branch_B,2023-09-24
F0532,2023-09-04 07:31:34,2023-09-04 09:31:34,36,ORD,Branch_B,2023-09-04
F0533,2023-11-28 05:43:25,2023-11-28 09:43:25,26,ATL,Branch_B,2023-11-28
F0534,2023-04-13 12:30:29,2023-04-13 13:30:29,39,ORD,Branch_B,2023-04-13
F0535,2023-07-16 06:45:13,2023-07-16 11:45:13,40,JFK,Branch_B,2023-07-16
F0536,2023-07-09 17:26:48,2023-07-09 22:26:48,1,DFW,Branch_A,2023-07-09
F0537,2023-04-08 12:37:10,2023-04-08 15:37:10,31,LAX,Branch_D,2023-04-08
F0538,2023-12-18 14:20:51,2023-12-18 19:20:51,56,DFW,Branch_A,2023-12-18
F0539,2023-12-19 16:39:20,2023-12-19 18:39:20,40,DFW,Branch_D,2023-12-19
F0540,2023-11-25 14:15:29,2023-11-25 15:15:29,34,LAX,Branch_B,2023-11-25
F0541,2023-01-20 17:28:48,2023-01-20 21:28:48,18,DFW,Branch_B,2023-01-20
F0542,2023-02-05 20:17:02,2023-02-05 23:17:02,41,JFK,Branch_E,2023-02-05
F0543,2023-09-04 07:57:34,2023-09-04 11:57:34,19,ATL,Branch_C,2023-09-04
F0544,2023-06-14 12:00:44,2023-06-14 13:00:44,30,LAX,Branch_C,2023-06-14
F0545,2023-11-19 02:05:04,2023-11-19 04:05:04,15,ATL,Branch_A,2023-11-19
F0546,2023-04-18 10:50:47,2023-04-18 11:50:47,51,ORD,Branch_A,2023-04-18
F0547,2023-01-18 02:55:06,2023-01-18 03:55:06,51,JFK,Branch_D,2023-01-18
F0548,2023-01-02 09:02:53,2023-01-02 12:02:53,43,ATL,Branch_E,2023-01-02
F0549,2023-05-10 12:58:20,2023-05-10 16:58:20,25,ATL,Branch_D,2023-05-10
F0550,2023-10-27 11:21:07,2023-10-27 12:21:07,19,LAX,Branch_E,2023-10-27
F0551,2023-02-20 19:19:39,2023-02-20 20:19:39,29,ORD,Branch_C,2023-02-20
F0552,2023-09-05 10:19:37,2023-09-05 12:19:37,4,LAX,Branch_C,2023-09-05
F0553,2023-04-12 17:36:00,2023-04-12 22:36:00,44,ORD,Branch_E,2023-04-12
F0554,2023-03-04 18:03:11,2023-03-04 20:03:11,3,LAX,Branch_D,2023-03-04
F0555,2023-10-15 20:46:22,2023-10-16 00:46:22,10,ATL,Branch_A,2023-10-15
F0556,2023-06-21 14:12:19,2023-06-21 18:12:19,28,ATL,Branch_E,2023-06-21
F0557,2023-08-03 06:02:03,2023-08-03 09:02:03,26,JFK,Branch_E,2023-08-03
F0558,2023-10-02 01:17:50,2023-10-02 06:17:50,30,ATL,Branch_E,2023-10-02
F0559,2023-06-16 02:19:51,2023-06-16 06:19:51,29,DFW,Branch_D,2023-06-16
F0560,2023-08-06 20:01:51,2023-08-07 01:01:51,13,ATL,Branch_A,2023-08-06
F0561,2023-01-04 18:07:41,2023-01-04 20:07:41,21,DFW,Branch_D,2023-01-04
F0562,2023-02-13 10:44:24,2023-02-13 14:44:24,38,ATL,Branch_B,2023-02-13
F0563,2023-01-30 05:19:24,2023-01-30 06:19:24,9,DFW,Branch_B,2023-01-30
F0564,2023-12-09 23:08:53,2023-12-10 03:08:53,20,DFW,Branch_E,2023-12-09
F0565,2023-09-26 08:46:10,2023-09-26 13:46:10,55,ATL,Branch_E,2023-09-26
F0566,2023-12-18 01:13:29,2023-12-18 05:13:29,45,DFW,Branch_E,2023-12-18
F0567,2023-02-27 21:17:11,2023-02-28 00:17:11,20,JFK,Branch_A,2023-02-27
F0568,2023-07-31 21:16:12,2023-07-31 22:16:12,46,ORD,Branch_A,2023-07-31
F0569,2023-01-14 23:48:23,2023-01-15 02:48:23,55,DFW,Branch_E,2023-01-14
F0570,2023-11-21 02:59:21,2023-11-21 04:59:21,22,DFW,Branch_A,2023-11-21
F0571,2023-05-24 09:20:32,2023-05-24 13:20:32,25,JFK,Branch_C,2023-05-24
F0572,2023-08-15 05:22:57,2023-08-15 09:22:57,8,JFK,Branch_E,2023-08-15
F0573,2023-08-03 13:54:25,2023-08-03 15:54:25,48,LAX,Branch_C,2023-08-03
F0574,2023-02-27 12:20:02,2023-02-27 15:20:02,23,ORD,Branch_D,2023-02-27
F0575,2023-06-16 21:54:09,2023-06-16 22:54:09,32,LAX,Branch_C,2023-06-16
F0576,2023-02-19 11:52:42,2023-02-19 14:52:42,35,DFW,Branch_D,2023-02-19
F0577,2023-01-17 05:52:23,2023-01-17 10:52:23,6,JFK,Branch_D,2023-01-17
F0578,2023-04-30 17:10:33,2023-04-30 20:10:33,20,DFW,Branch_E,2023-04-30
F0579,2023-05-22 14:47:54,2023-05-22 15:47:54,15,ATL,Branch_E,2023-05-22
F0580,2023-12-16 03:06:53,2023-12-16 07:06:53,29,ORD,Branch_D,2023-12-16
F0581,2023-12-29 09:00:38,2023-12-29 12:00:38,7,ATL,Branch_A,2023-12-29
F0582,2023-11-06 04:23:51,2023-11-06 06:23:51,17,JFK,Branch_B,2023-11-06
F0583,2023-12-01 06:19:46,2023-12-01 07:19:46,28,JFK,Branch_C,2023-12-01
F0584,2023-01-16 11:50:49,2023-01-16 15:50:49,15,JFK,Branch_D,2023-01-16
F0585,2023-12-16 02:35:05,2023-12-16 03:35:05,9,ORD,Branch_B,2023-12-16
F0586,2023-05-19 23:01:25,2023-05-20 01:01:25,6,LAX,Branch_E,2023-05-19
F0587,2023-03-23 14:03:18,2023-03-23 19:03:18,3,DFW,Branch_E,2023-03-23
F0588,2023-09-22 21:19:20,2023-09-22 22:19:20,18,DFW,Branch_D,2023-09-22
F0589,2023-04-07 21:47:08,2023-04-07 22:47:08,60,DFW,Branch_A,2023-04-07
F0590,2023-09-17 00:16:11,2023-09-17 03:16:11,24,DFW,Branch_D,2023-09-17
F0591,2023-02-09 22:06:21,2023-02-10 00:06:21,55,DFW,Branch_C,2023-02-09
F0592,2023-05-18 08:31:25,2023-05-18 10:31:25,39,LAX,Branch_B,2023-05-18
F0593,2023-10-30 23:12:37,2023-10-31 04:12:37,26,ATL,Branch_A,2023-10-30
F0594,2023-08-06 10:29:33,2023-08-06 12:29:33,15,ORD,Branch_D,2023-08-06
F0595,2023-12-10 08:43:57,2023-12-10 09:43:57,55,ATL,Branch_C,2023-12-10
F0596,2023-12-06 16:54:48,2023-12-06 21:54:48,57,ATL,Branch_C,2023-12-06
F0597,2023-06-07 19:42:42,2023-06-07 21:42:42,10,DFW,Branch_A,2023-06-07
F0598,2023-08-30 00:59:04,2023-08-30 05:59:04,52,DFW,Branch_C,2023-08-30
F0599,2023-10-19 01:38:15,2023-10-19 03:38:15,20,LAX,Branch_C,2023-10-19
F0600,2023-03-02 00:32:29,2023-03-02 02:32:29,59,ORD,Branch_C,2023-03-02
F0601,2023-12-26 12:44:39,2023-12-26 15:44:39,36,JFK,Branch_C,2023-12-26
F0602,2023-12-28 03:07:09,2023-12-28 05:07:09,46,ATL,Branch_D,2023-12-28
F0603,2023-04-02 22:33:06,2023-04-03 03:33:06,20,JFK,Branch_A,2023-04-02
F0604,2023-12-02 18:42:33,2023-12-02 19:42:33,12,ORD,Branch_B,2023-12-02
F0605,2023-03-05 02:37:34,2023-03-05 05:37:34,48,ATL,Branch_B,2023-03-05
F0606,2023-11-07 15:29:14,2023-11-07 17:29:14,10,JFK,Branch_C,2023-11-07
F0607,2023-11-11 20:56:24,2023-11-11 22:56:24,31,JFK,Branch_D,2023-11-11
F0608,2023-03-10 18:14:51,2023-03-10 23:14:51,32,LAX,Branch_C,2023-03-10
F0609,2023-12-09 07:23:40,2023-12-09 10:23:40,29,ORD,Branch_C,2023-12-09
F0610,2023-06-10 02:51:44,2023-06-10 04:51:44,31,ORD,Branch_D,2023-06-10
F0611,2023-01-10 15:01:32,2023-01-10 16:01:32,56,ORD,Branch_E,2023-01-10
F0612,2023-03-11 15:45:45,2023-03-11 16:45:45,19,ATL,Branch_A,2023-03-11
F0613,2023-10-14 01:16:42,2023-10-14 03:16:42,31,LAX,Branch_B,2023-10-14
F0614,2023-12-26 00:50:46,2023-12-26 01:50:46,1,DFW,Branch_D,2023-12-26
F0615,2023-05-10 00:11:34,2023-05-10 03:11:34,5,ATL,Branch_B,2023-05-10
F0616,2023-10-31 20:22:14,2023-10-31 22:22:14,60,ORD,Branch_D,2023-10-31
F0617,2023-12-28 11:49:58,2023-12-28 16:49:58,25,ATL,Branch_D,2023-12-28
F0618,2023-06-09 21:26:41,2023-06-10 00:26:41,32,JFK,Branch_E,2023-06-09
F0619,2023-11-08 13:22:24,2023-11-08 14:22:24,29,ATL,Branch_C,2023-11-08
F0620,2023-09-18 03:59:13,2023-09-18 05:59:13,15,ATL,Branch_A,2023-09-18
F0621,2023-12-02 13:39:37,2023-12-02 16:39:37,13,ORD,Branch_E,2023-12-02
F0622,2023-10-13 11:13:58,2023-10-13 12:13:58,37,JFK,Branch_B,2023-10-13
F0623,2023-11-11 20:43:52,2023-11-11 22:43:52,22,ORD,Branch_A,2023-11-11
F0624,2023-04-07 09:05:10,2023-04-07 13:05:10,3,JFK,Branch_C,2023-04-07
F0625,2023-04-14 14:48:34,2023-04-14 19:48:34,3,JFK,Branch_E,2023-04-14
F0626,2023-03-03 19:49:53,2023-03-03 20:49:53,18,JFK,Branch_D,2023-03-03
F0627,2023-11-02 18:51:44,2023-11-02 19:51:44,31,ORD,Branch_B,2023-11-02
F0628,2023-09-30 08:23:11,2023-09-30 12:23:11,38,JFK,Branch_E,2023-09-30
F0629,2023-02-11 23:31:27,2023-02-12 03:31:27,56,LAX,Branch_E,2023-02-11
F0630,2023-05-29 13:32:50,2023-05-29 16:32:50,53,LAX,Branch_A,2023-05-29
F0631,2023-12-05 17:11:01,2023-12-05 22:11:01,41,DFW,Branch_B,2023-12-05
F0632,2023-01-16 00:56:22,2023-01-16 05:56:22,43,LAX,Branch_B,2023-01-16
F0633,2023-11-30 10:40:08,2023-11-30 11:40:08,30,DFW,Branch_B,2023-11-30
F0634,2023-07-02 19:08:56,2023-07-02 23:08:56,18,LAX,Branch_A,2023-07-02
F0635,2023-03-28 09:13:57,2023-03-28 14:13:57,34,ORD,Branch_B,2023-03-28
F0636,2023-03-19 12:09:12,2023-03-19 14:09:12,0,DFW,Branch_A,2023-03-19
F0637,2023-11-14 03:08:19,2023-11-14 08:08:19,54,ATL,Branch_D,2023-11-14
F0638,2023-12-23 16:35:31,2023-12-23 17:35:31,6,ATL,Branch_A,2023-12-23
F0639,2023-06-28 18:20:13,2023-06-28 23:20:13,27,LAX,Branch_C,2023-06-28
F0640,2023-05-16 19:03:09,2023-05-16 22:03:09,8,ATL,Branch_B,2023-05-16
F0641,2023-04-29 12:35:06,2023-04-29 16:35:06,56,LAX,Branch_C,2023-04-29
F0642,2023-11-15 15:57:12,2023-11-15 16:57:12,16,LAX,Branch_C,2023-11-15
F0643,2023-11-05 21:09:26,2023-11-05 22:09:26,46,ATL,Branch_D,2023-11-05
F0644,2023-12-05 09:19:09,2023-12-05 13:19:09,23,ATL,Branch_E,2023-12-05
F0645,2023-03-30 09:20:37,2023-03-30 13:20:37,48,JFK,Branch_D,2023-03-30
F0646,2023-03-28 13:47:53,2023-03-28 17:47:53,25,DFW,Branch_A,2023-03-28
F0647,2023-01-10 04:34:06,2023-01-10 05:34:06,23,LAX,Branch_A,2023-01-10
F0648,2023-09-14 07:57:18,2023-09-14 11:57:18,2,ATL,Branch_B,2023-09-14
F0649,2023-03-17 00:06:00,2023-03-17 04:06:00,25,DFW,Branch_C,2023-03-17
F0650,2023-06-04 17:58:19,2023-06-04 18:58:19,3,ATL,Branch_D,2023-06-04
F0651,2023-05-08 11:37:23,2023-05-08 12:37:23,36,ATL,Branch_E,2023-05-08
F0652,2023-04-19 04:46:07,2023-04-19 07:46:07,35,JFK,Branch_D,2023-04-19
F0653,2023-12-02 16:21:12,2023-12-02 21:21:12,12,LAX,Branch_B,2023-12-02
F0654,2023-01-27 23:02:53,2023-01-28 01:02:53,23,LAX,Branch_D,2023-01-27
F0655,2023-10-28 07:55:36,2023-10-28 08:55:36,35,ORD,Branch_E,2023-10-28
F0656,2023-04-19 09:38:00,2023-04-19 11:38:00,18,JFK,Branch_E,2023-04-19
F0657,2023-05-17 08:55:08,2023-05-17 11:55:08,4,DFW,Branch_C,2023-05-17
F0658,2023-09-07 03:02:35,2023-09-07 08:02:35,24,JFK,Branch_C,2023-09-07
F0659,2023-07-17 20:00:18,2023-07-18 01:00:18,32,DFW,Branch_B,2023-07-17
F0660,2023-06-05 05:16:21,2023-06-05 10:16:21,28,LAX,Branch_C,2023-06-05
F0661,2023-09-21 21:34:04,2023-09-22 00:34:04,48,ORD,Branch_A,2023-09-21
F0662,2023-11-24 15:29:31,2023-11-24 19:29:31,35,ORD,Branch_C,2023-11-24
F0663,2023-07-28 05:53:34,2023-07-28 10:53:34,17,LAX,Branch_A,2023-07-28
F0664,2023-05-09 14:32:25,2023-05-09 19:32:25,52,ATL,Branch_D,2023-05-09
F0665,2023-01-11 17:15:20,2023-01-11 20:15:20,39,JFK,Branch_A,2023-01-11
F0666,2023-02-14 19:03:46,2023-02-14 23:03:46,43,ORD,Branch_B,2023-02-14
F0667,2023-12-07 14:35:25,2023-12-07 19:35:25,39,ATL,Branch_E,2023-12-07
F0668,2023-04-12 10:42:07,2023-04-12 15:42:07,7,DFW,Branch_B,2023-04-12
F0669,2023-03-11 08:22:21,2023-03-11 12:22:21,8,ORD,Branch_B,2023-03-11
F0670,2023-08-14 11:29:18,2023-08-14 12:29:18,6,DFW,Branch_B,2023-08-14
F0671,2023-04-14 02:19:33,2023-04-14 03:19:33,25,ATL,Branch_B,2023-04-14
F0672,2023-01-15 20:34:58,2023-01-16 01:34:58,23,DFW,Branch_C,2023-01-15
F0673,2023-02-12 02:23:05,2023-02-12 04:23:05,50,ATL,Branch_D,2023-02-12
F0674,2023-08-20 16:26:49,2023-08-20 20:26:49,21,DFW,Branch_E,2023-08-20
F0675,2023-06-18 18:25:40,2023-06-18 22:25:40,35,JFK,Branch_A,2023-06-18
F0676,2023-05-15 06:02:14,2023-05-15 08:02:14,60,ORD,Branch_A,2023-05-15
F0677,2023-10-10 22:31:55,2023-10-11 02:31:55,23,ORD,Branch_D,2023-10-10
F0678,2023-11-02 10:02:30,2023-11-02 13:02:30,48,ATL,Branch_B,2023-11-02
F0679,2023-05-02 19:41:04,2023-05-02 23:41:04,9,DFW,Branch_B,2023-05-02
F0680,2023-06-19 11:29:08,2023-06-19 15:29:08,12,LAX,Branch_E,2023-06-19
F0681,2023-08-24 10:16:33,2023-08-24 14:16:33,38,ORD,Branch_A,2023-08-24
F0682,2023-07-18 14:48:30,2023-07-18 15:48:30,32,DFW,Branch_B,2023-07-18
F0683,2023-02-14 21:53:48,2023-02-15 00:53:48,25,DFW,Branch_C,2023-02-14
F0684,2023-05-30 14:16:53,2023-05-30 18:16:53,32,JFK,Branch_E,2023-05-30
F0685,2023-12-16 07:59:30,2023-12-16 10:59:30,2,LAX,Branch_C,2023-12-16
F0686,2023-08-12 22:11:24,2023-08-13 01:11:24,2,ORD,Branch_C,2023-08-12
F0687,2023-03-15 19:39:45,2023-03-15 22:39:45,2,JFK,Branch_D,2023-03-15
F0688,2023-04-09 22:11:09,2023-04-10 00:11:09,8,LAX,Branch_D,2023-04-09
F0689,2023-01-18 05:42:44,2023-01-18 09:42:44,45,ORD,Branch_C,2023-01-18
F0690,2023-10-03 06:21:27,2023-10-03 07:21:27,21,JFK,Branch_D,2023-10-03
F0691,2023-06-19 08:21:02,2023-06-19 09:21:02,51,LAX,Branch_C,2023-06-19
F0692,2023-01-01 15:45:49,2023-01-01 16:45:49,30,ORD,Branch_B,2023-01-01
F0693,2023-07-21 22:00:31,2023-07-21 23:00:31,33,LAX,Branch_D,2023-07-21
F0694,2023-12-26 10:59:08,2023-12-26 14:59:08,29,DFW,Branch_C,2023-12-26
F0695,2023-11-10 05:13:34,2023-11-10 06:13:34,9,ATL,Branch_E,2023-11-10
F0696,2023-07-29 02:44:10,2023-07-29 05:44:10,38,ATL,Branch_E,2023-07-29
F0697,2023-09-24 17:58:21,2023-09-24 19:58:21,57,DFW,Branch_D,2023-09-24
F0698,2023-10-07 09:34:24,2023-10-07 14:34:24,32,LAX,Branch_E,2023-10-07
F0699,2023-10-16 03:28:33,2023-10-16 04:28:33,8,DFW,Branch_A,2023-10-16
F0700,2023-10-14 05:41:21,2023-10-14 10:41:21,20,ATL,Branch_A,2023-10-14
F0701,2023-09-18 10:42:38,2023-09-18 15:42:38,59,ATL,Branch_E,2023-09-18
F0702,2023-03-18 12:30:01,2023-03-18 17:30:01,39,LAX,Branch_C,2023-03-18
F0703,2023-05-22 10:47:24,2023-05-22 13:47:24,20,ATL,Branch_E,2023-05-22
F0704,2023-06-17 11:58:59,2023-06-17 12:58:59,10,DFW,Branch_E,2023-06-17
F0705,2023-01-28 04:12:11,2023-01-28 08:12:11,25,LAX,Branch_E,2023-01-28
F0706,2023-09-15 23:08:38,2023-09-16 02:08:38,39,DFW,Branch_C,2023-09-15
F0707,2023-12-24 14:12:23,2023-12-24 18:12:23,47,LAX,Branch_C,2023-12-24
F0708,2023-05-09 05:41:14,2023-05-09 06:41:14,53,ATL,Branch_A,2023-05-09
F0709,2023-08-31 00:13:45,2023-08-31 03:13:45,19,ORD,Branch_D,2023-08-31
F0710,2023-05-02 21:54:21,2023-05-03 02:54:21,37,LAX,Branch_A,2023-05-02
F0711,2023-09-15 15:13:09,2023-09-15 18:13:09,21,LAX,Branch_C,2023-09-15
F0712,2023-11-26 08:04:31,2023-11-26 11:04:31,32,ORD,Branch_C,2023-11-26
F0713,2023-02-18 09:35:31,2023-02-18 10:35:31,53,ATL,Branch_C,2023-02-18
F0714,2023-10-07 12:35:45,2023-10-07 17:35:45,32,DFW,Branch_C,2023-10-07
F0715,2023-12-16 13:02:40,2023-12-16 18:02:40,34,JFK,Branch_C,2023-12-16
F0716,2023-04-27 15:12:23,2023-04-27 17:12:23,31,ORD,Branch_C,2023-04-27
F0717,2023-07-16 22:43:27,2023-07-17 00:43:27,45,JFK,Branch_B,2023-07-16
F0718,2023-05-01 02:44:31,2023-05-01 06:44:31,36,ATL,Branch_B,2023-05-01
F0719,2023-09-16 23:53:32,2023-09-17 01:53:32,19,LAX,Branch_E,2023-09-16
F0720,2023-06-08 14:29:52,2023-06-08 15:29:52,30,LAX,Branch_B,2023-06-08
F0721,2023-05-07 16:14:42,2023-05-07 19:14:42,52,ATL,Branch_A,2023-05-07
F0722,2023-06-06 06:38:36,2023-06-06 11:38:36,1,DFW,Branch_E,2023-06-06
F0723,2023-09-28 18:27:12,2023-09-28 21:27:12,23,DFW,Branch_D,2023-09-28
F0724,2023-04-25 19:42:22,2023-04-25 20:42:22,21,ATL,Branch_C,2023-04-25
F0725,2023-08-04 07:29:55,2023-08-04 10:29:55,43,ATL,Branch_B,2023-08-04
F0726,2023-02-19 10:24:29,2023-02-19 15:24:29,7,ATL,Branch_A,2023-02-19
F0727,2023-03-16 12:04:45,2023-03-16 14:04:45,26,ATL,Branch_D,2023-03-16
F0728,2023-06-13 06:50:37,2023-06-13 10:50:37,37,ATL,Branch_C,2023-06-13
F0729,2023-09-16 05:35:29,2023-09-16 10:35:29,19,ATL,Branch_C,2023-09-16
F0730,2023-05-28 05:53:24,2023-05-28 10:53:24,50,LAX,Branch_D,2023-05-28
F0731,2023-09-21 01:03:38,2023-09-21 06:03:38,57,JFK,Branch_D,2023-09-21
F0732,2023-10-18 13:07:10,2023-10-18 18:07:10,46,DFW,Branch_D,2023-10-18
F0733,2023-12-17 14:45:27,2023-12-17 15:45:27,55,JFK,Branch_A,2023-12-17
F0734,2023-03-09 14:03:08,2023-03-09 19:03:08,44,LAX,Branch_E,2023-03-09
F0735,2023-08-28 01:00:53,2023-08-28 04:00:53,40,ORD,Branch_E,2023-08-28
F0736,2023-08-10 00:26:43,2023-08-10 01:26:43,1,JFK,Branch_B,2023-08-10
F0737,2023-04-27 21:03:22,2023-04-27 23:03:22,38,ORD,Branch_C,2023-04-27
F0738,2023-06-07 16:53:41,2023-06-07 19:53:41,30,LAX,Branch_B,2023-06-07
F0739,2023-08-01 19:08:41,2023-08-01 22:08:41,16,DFW,Branch_E,2023-08-01
F0740,2023-11-20 18:52:54,2023-11-20 21:52:54,41,ORD,Branch_D,2023-11-20
F0741,2023-01-01 03:47:01,2023-01-01 06:47:01,50,LAX,Branch_C,2023-01-01
F0742,2023-04-29 00:19:11,2023-04-29 01:19:11,49,ATL,Branch_E,2023-04-29
F0743,2023-04-22 10:13:46,2023-04-22 12:13:46,37,DFW,Branch_C,2023-04-22
F0744,2023-03-23 15:02:40,2023-03-23 17:02:40,36,ATL,Branch_B,2023-03-23
F0745,2023-06-16 22:50:52,2023-06-17 03:50:52,14,DFW,Branch_E,2023-06-16
F0746,2023-11-02 03:48:11,2023-11-02 07:48:11,46,DFW,Branch_B,2023-11-02
F0747,2023-08-14 05:50:59,2023-08-14 06:50:59,3,JFK,Branch_C,2023-08-14
F0748,2023-08-24 14:29:44,2023-08-24 16:29:44,37,DFW,Branch_A,2023-08-24
F0749,2023-09-12 06:17:55,2023-09-12 07:17:55,30,JFK,Branch_D,2023-09-12
F0750,2023-05-06 03:34:49,2023-05-06 04:34:49,10,ORD,Branch_B,2023-05-06
F0751,2023-06-30 14:00:14,2023-06-30 19:00:14,33,DFW,Branch_C,2023-06-30
F0752,2023-06-21 13:44:38,2023-06-21 15:44:38,40,ORD,Branch_E,2023-06-21
F0753,2023-06-21 17:13:40,2023-06-21 21:13:40,46,DFW,Branch_B,2023-06-21
F0754,2023-09-20 09:18:08,2023-09-20 13:18:08,39,JFK,Branch_C,2023-09-20
F0755,2023-03-24 23:50:29,2023-03-25 03:50:29,49,ATL,Branch_A,2023-03-24
F0756,2023-07-18 12:29:13,2023-07-18 15:29:13,53,DFW,Branch_B,2023-07-18
F0757,2023-07-03 18:24:53,2023-07-03 20:24:53,24,LAX,Branch_C,2023-07-03
F0758,2023-11-05 06:09:00,2023-11-05 09:09:00,9,ATL,Branch_B,2023-11-05
F0759,2023-12-16 23:36:50,2023-12-17 02:36:50,52,JFK,Branch_C,2023-12-16
F0760,2023-11-06 03:29:18,2023-11-06 06:29:18,43,LAX,Branch_D,2023-11-06
F0761,2023-10-13 19:39:28,2023-10-14 00:39:28,15,ORD,Branch_C,2023-10-13
F0762,2023-03-07 21:38:18,2023-03-08 02:38:18,2,JFK,Branch_C,2023-03-07
F0763,2023-09-13 20:56:02,2023-09-13 21:56:02,36,ATL,Branch_C,2023-09-13
F0764,2023-02-02 22:21:06,2023-02-02 23:21:06,60,ORD,Branch_E,2023-02-02
F0765,2023-04-21 05:04:51,2023-04-21 07:04:51,44,ORD,Branch_C,2023-04-21
F0766,2023-07-20 04:21:39,2023-07-20 06:21:39,7,JFK,Branch_D,2023-07-20
F0767,2023-09-15 19:33:58,2023-09-16 00:33:58,12,ATL,Branch_A,2023-09-15
F0768,2023-09-03 19:26:10,2023-09-03 20:26:10,1,JFK,Branch_D,2023-09-03
F0769,2023-08-29 11:55:44,2023-08-29 12:55:44,28,LAX,Branch_A,2023-08-29
F0770,2023-05-11 04:10:51,2023-05-11 07:10:51,20,LAX,Branch_E,2023-05-11
F0771,2023-02-06 06:25:54,2023-02-06 10:25:54,26,DFW,Branch_E,2023-02-06
F0772,2023-11-14 20:15:34,2023-11-15 00:15:34,9,ORD,Branch_E,2023-11-14
F0773,2023-10-19 17:06:53,2023-10-19 21:06:53,26,DFW,Branch_A,2023-10-19
F0774,2023-04-02 05:08:02,2023-04-02 10:08:02,44,ATL,Branch_D,2023-04-02
F0775,2023-09-19 06:54:36,2023-09-19 10:54:36,13,LAX,Branch_B,2023-09-19
F0776,2023-05-01 13:19:08,2023-05-01 17:19:08,26,DFW,Branch_E,2023-05-01
F0777,2023-03-29 05:48:09,2023-03-29 08:48:09,32,LAX,Branch_A,2023-03-29
F0778,2023-11-10 05:42:39,2023-11-10 07:42:39,49,LAX,Branch_D,2023-11-10
F0779,2023-03-19 08:01:31,2023-03-19 13:01:31,39,LAX,Branch_E,2023-03-19
F0780,2023-02-27 05:26:18,2023-02-27 06:26:18,58,JFK,Branch_C,2023-02-27
F0781,2023-01-10 11:39:40,2023-01-10 14:39:40,30,DFW,Branch_D,2023-01-10
F0782,2023-01-18 22:44:35,2023-01-19 02:44:35,55,ORD,Branch_A,2023-01-18
F0783,2023-04-06 02:05:52,2023-04-06 03:05:52,54,DFW,Branch_B,2023-04-06
F0784,2023-07-04 12:35:30,2023-07-04 15:35:30,47,ORD,Branch_B,2023-07-04
F0785,2023-08-26 09:29:10,2023-08-26 14:29:10,46,DFW,Branch_B,2023-08-26
F0786,2023-11-27 00:07:45,2023-11-27 04:07:45,3,DFW,Branch_C,2023-11-27
F0787,2023-10-26 10:50:23,2023-10-26 15:50:23,45,LAX,Branch_D,2023-10-26
F0788,2023-01-29 06:48:29,2023-01-29 09:48:29,8,ORD,Branch_E,2023-01-29
F0789,2023-06-26 20:47:10,2023-06-26 21:47:10,33,ORD,Branch_D,2023-06-26
F0790,2023-06-10 22:52:12,2023-06-11 00:52:12,13,ORD,Branch_B,2023-06-10
F0791,2023-12-11 03:23:40,2023-12-11 07:23:40,35,DFW,Branch_C,2023-12-11
F0792,2023-09-02 13:50:19,2023-09-02 18:50:19,20,ORD,Branch_B,2023-09-02
F0793,2023-08-12 13:38:30,2023-08-12 14:38:30,42,DFW,Branch_A,2023-08-12
F0794,2023-03-17 12:16:03,2023-03-17 13:16:03,30,JFK,Branch_D,2023-03-17
F0795,2023-10-06 23:28:09,2023-10-07 01:28:09,33,LAX,Branch_C,2023-10-06
F0796,2023-09-28 10:29:31,2023-09-28 13:29:31,24,ATL,Branch_B,2023-09-28
F0797,2023-05-30 02:56:19,2023-05-30 04:56:19,20,JFK,Branch_C,2023-05-30
F0798,2023-07-11 23:55:45,2023-07-12 01:55:45,11,ORD,Branch_A,2023-07-11
F0799,2023-06-05 05:02:04,2023-06-05 08:02:04,29,LAX,Branch_A,2023-06-05
F0800,2023-04-05 18:05:59,2023-04-05 21:05:59,58,LAX,Branch_D,2023-04-05
F0801,2023-02-27 07:27:52,2023-02-27 10:27:52,34,LAX,Branch_C,2023-02-27
F0802,2023-09-12 18:54:13,2023-09-12 19:54:13,21,LAX,Branch_B,2023-09-12
F0803,2023-09-25 01:06:19,2023-09-25 02:06:19,34,ORD,Branch_B,2023-09-25
F0804,2023-01-03 03:40:53,2023-01-03 07:40:53,22,LAX,Branch_E,2023-01-03
F0805,2023-12-13 16:11:33,2023-12-13 20:11:33,43,ATL,Branch_B,2023-12-13
F0806,2023-10-19 15:29:46,2023-10-19 17:29:46,49,ATL,Branch_D,2023-10-19
F0807,2023-12-01 03:53:14,2023-12-01 05:53:14,55,LAX,Branch_A,2023-12-01
F0808,2023-10-27 01:21:02,2023-10-27 05:21:02,46,DFW,Branch_B,2023-10-27
F0809,2023-12-10 21:08:02,2023-12-11 02:08:02,43,ORD,Branch_E,2023-12-10
F0810,2023-02-11 09:27:56,2023-02-11 11:27:56,41,ATL,Branch_D,2023-02-11
F0811,2023-10-30 07:24:14,2023-10-30 12:24:14,51,ATL,Branch_D,2023-10-30
F0812,2023-06-15 02:38:59,2023-06-15 07:38:59,44,ATL,Branch_D,2023-06-15
F0813,2023-03-26 23:44:50,2023-03-27 02:44:50,16,JFK,Branch_D,2023-03-26
F0814,2023-03-10 07:22:57,2023-03-10 08:22:57,39,JFK,Branch_D,2023-03-10
F0815,2023-11-09 06:50:49,2023-11-09 10:50:49,30,ATL,Branch_D,2023-11-09
F0816,2023-09-28 06:22:04,2023-09-28 07:22:04,12,DFW,Branch_A,2023-09-28
F0817,2023-07-21 03:42:58,2023-07-21 07:42:58,15,ORD,Branch_A,2023-07-21
F0818,2023-06-30 09:55:07,2023-06-30 10:55:07,17,ORD,Branch_E,2023-06-30
F0819,2023-01-20 12:04:09,2023-01-20 16:04:09,35,ATL,Branch_B,2023-01-20
F0820,2023-08-05 11:23:54,2023-08-05 12:23:54,19,ATL,Branch_C,2023-08-05
F0821,2023-04-07 18:41:46,2023-04-07 21:41:46,14,ORD,Branch_A,2023-04-07
F0822,2023-12-23 07:26:25,2023-12-23 12:26:25,60,DFW,Branch_C,2023-12-23
F0823,2023-11-26 11:04:04,2023-11-26 15:04:04,19,JFK,Branch_E,2023-11-26
F0824,2023-02-17 03:08:38,2023-02-17 08:08:38,49,JFK,Branch_B,2023-02-17
F0825,2023-06-27 06:31:57,2023-06-27 10:31:57,18,ATL,Branch_A,2023-06-27
F0826,2023-02-21 18:48:37,2023-02-21 22:48:37,45,ORD,Branch_A,2023-02-21
F0827,2023-11-08 05:44:38,2023-11-08 08:44:38,13,JFK,Branch_B,2023-11-08
F0828,2023-06-30 10:47:19,2023-06-30 11:47:19,44,DFW,Branch_B,2023-06-30
F0829,2023-09-17 06:16:31,2023-09-17 10:16:31,45,ATL,Branch_C,2023-09-17
F0830,2023-07-26 06:30:28,2023-07-26 07:30:28,31,LAX,Branch_C,2023-07-26
F0831,2023-08-06 01:33:40,2023-08-06 04:33:40,20,ATL,Branch_B,2023-08-06
F0832,2023-08-20 06:01:04,2023-08-20 08:01:04,30,LAX,Branch_A,2023-08-20
F0833,2023-05-04 05:25:52,2023-05-04 10:25:52,22,ATL,Branch_D,2023-05-04
F0834,2023-10-21 07:26:25,2023-10-21 11:26:25,35,ORD,Branch_E,2023-10-21
F0835,2023-12-13 04:41:30,2023-12-13 07:41:30,59,ORD,Branch_E,2023-12-13
F0836,2023-06-21 21:04:59,2023-06-21 22:04:59,59,ORD,Branch_C,2023-06-21
F0837,2023-08-26 22:20:00,2023-08-27 02:20:00,50,ORD,Branch_B,2023-08-26
F0838,2023-11-13 12:24:40,2023-11-13 13:24:40,46,DFW,Branch_A,2023-11-13
F0839,2023-10-07 08:07:09,2023-10-07 10:07:09,17,DFW,Branch_A,2023-10-07
F0840,2023-12-13 10:13:54,2023-12-13 14:13:54,18,LAX,Branch_C,2023-12-13
F0841,2023-07-16 00:52:24,2023-07-16 05:52:24,7,DFW,Branch_C,2023-07-16
F0842,2023-06-15 17:30:43,2023-06-15 21:30:43,36,ATL,Branch_D,2023-06-15
F0843,2023-11-19 13:27:56,2023-11-19 18:27:56,43,ORD,Branch_E,2023-11-19
F0844,2023-12-19 04:29:55,2023-12-19 05:29:55,34,JFK,Branch_E,2023-12-19
F0845,2023-08-01 18:32:12,2023-08-01 22:32:12,24,JFK,Branch_E,2023-08-01
F0846,2023-06-23 04:12:57,2023-06-23 07:12:57,57,JFK,Branch_C,2023-06-23
F0847,2023-12-15 10:35:08,2023-12-15 13:35:08,25,ATL,Branch_D,2023-12-15
F0848,2023-03-03 19:27:33,2023-03-03 21:27:33,52,JFK,Branch_B,2023-03-03
F0849,2023-10-16 19:22:15,2023-10-16 22:22:15,22,JFK,Branch_C,2023-10-16
F0850,2023-12-01 13:42:52,2023-12-01 15:42:52,49,LAX,Branch_D,2023-12-01
F0851,2023-07-04 08:17:11,2023-07-04 09:17:11,51,ATL,Branch_C,2023-07-04
F0852,2023-06-24 18:57:15,2023-06-24 23:57:15,9,ATL,Branch_B,2023-06-24
F0853,2023-04-11 15:50:25,2023-04-11 16:50:25,18,JFK,Branch_B,2023-04-11
F0854,2023-10-19 23:04:03,2023-10-20 04:04:03,2,ATL,Branch_D,2023-10-19
F0855,2023-04-07 00:26:28,2023-04-07 05:26:28,18,LAX,Branch_A,2023-04-07
F0856,2023-11-23 04:05:22,2023-11-23 06:05:22,45,LAX,Branch_B,2023-11-23
F0857,2023-09-05 15:26:07,2023-09-05 18:26:07,5,ORD,Branch_B,2023-09-05
F0858,2023-04-18 16:43:44,2023-04-18 19:43:44,22,LAX,Branch_B,2023-04-18
F0859,2023-10-25 09:54:03,2023-10-25 11:54:03,59,ORD,Branch_B,2023-10-25
F0860,2023-10-30 00:27:17,2023-10-30 02:27:17,28,JFK,Branch_A,2023-10-30
F0861,2023-07-22 10:51:59,2023-07-22 11:51:59,41,ORD,Branch_E,2023-07-22
F0862,2023-07-08 04:46:17,2023-07-08 06:46:17,16,ORD,Branch_E,2023-07-08
F0863,2023-09-01 09:43:07,2023-09-01 12:43:07,47,JFK,Branch_B,2023-09-01
F0864,2023-04-03 21:55:59,2023-04-03 23:55:59,30,ORD,Branch_A,2023-04-03
F0865,2023-04-17 15:26:01,2023-04-17 17:26:01,13,LAX,Branch_C,2023-04-17
F0866,2023-06-20 19:54:35,2023-06-21 00:54:35,12,JFK,Branch_A,2023-06-20
F0867,2023-01-31 02:11:49,2023-01-31 04:11:49,52,ATL,Branch_D,2023-01-31
F0868,2023-10-05 02:43:12,2023-10-05 03:43:12,34,ORD,Branch_C,2023-10-05
F0869,2023-04-21 23:10:45,2023-04-22 01:10:45,17,LAX,Branch_E,2023-04-21
F0870,2023-04-02 01:38:18,2023-04-02 05:38:18,59,ATL,Branch_E,2023-04-02
F0871,2023-04-16 12:34:06,2023-04-16 16:34:06,35,JFK,Branch_A,2023-04-16
F0872,2023-05-11 10:19:33,2023-05-11 15:19:33,44,JFK,Branch_E,2023-05-11
F0873,2023-05-05 03:54:32,2023-05-05 08:54:32,17,JFK,Branch_A,2023-05-05
F0874,2023-12-13 19:36:48,2023-12-13 23:36:48,8,LAX,Branch_A,2023-12-13
F0875,2023-07-29 18:35:01,2023-07-29 23:35:01,6,ATL,Branch_A,2023-07-29
F0876,2023-02-01 07:02:17,2023-02-01 12:02:17,39,JFK,Branch_A,2023-02-01
F0877,2023-02-23 17:44:23,2023-02-23 20:44:23,47,LAX,Branch_A,2023-02-23
F0878,2023-02-28 13:50:37,2023-02-28 16:50:37,37,DFW,Branch_D,2023-02-28
F0879,2023-03-31 19:30:47,2023-03-31 21:30:47,15,LAX,Branch_D,2023-03-31
F0880,2023-05-29 18:08:51,2023-05-29 22:08:51,15,DFW,Branch_D,2023-05-29
F0881,2023-09-27 12:04:51,2023-09-27 13:04:51,3,ATL,Branch_A,2023-09-27
F0882,2023-03-01 08:14:53,2023-03-01 12:14:53,42,JFK,Branch_E,2023-03-01
F0883,2023-10-02 08:18:13,2023-10-02 12:18:13,57,JFK,Branch_C,2023-10-02
F0884,2023-03-25 02:11:07,2023-03-25 05:11:07,33,ORD,Branch_D,2023-03-25
F0885,2023-01-25 22:39:22,2023-01-26 01:39:22,14,JFK,Branch_B,2023-01-25
F0886,2023-06-11 02:50:56,2023-06-11 07:50:56,40,ATL,Branch_B,2023-06-11
F0887,2023-06-08 07:06:05,2023-06-08 08:06:05,14,LAX,Branch_A,2023-06-08
F0888,2023-05-09 12:02:17,2023-05-09 15:02:17,3,ATL,Branch_C,2023-05-09
F0889,2023-07-30 17:30:08,2023-07-30 22:30:08,6,JFK,Branch_D,2023-07-30
F0890,2023-06-30 22:43:45,2023-06-30 23:43:45,26,LAX,Branch_A,2023-06-30
F0891,2023-06-11 11:17:48,2023-06-11 14:17:48,21,ATL,Branch_E,2023-06-11
F0892,2023-01-25 04:21:30,2023-01-25 08:21:30,45,JFK,Branch_C,2023-01-25
F0893,2023-03-22 07:50:10,2023-03-22 11:50:10,30,JFK,Branch_E,2023-03-22
F0894,2023-11-20 11:06:30,2023-11-20 12:06:30,6,JFK,Branch_E,2023-11-20
F0895,2023-06-13 04:01:17,2023-06-13 05:01:17,43,ORD,Branch_B,2023-06-13
F0896,2023-06-01 06:11:13,2023-06-01 09:11:13,49,ORD,Branch_D,2023-06-01
F0897,2023-12-18 09:42:21,2023-12-18 12:42:21,8,ORD,Branch_A,2023-12-18
F0898,2023-10-26 23:00:59,2023-10-27 00:00:59,0,LAX,Branch_E,2023-10-26
F0899,2023-08-15 20:00:52,2023-08-15 21:00:52,35,ATL,Branch_E,2023-08-15
F0900,2023-09-28 02:44:38,2023-09-28 07:44:38,59,LAX,Branch_A,2023-09-28
F0901,2023-01-08 14:03:03,2023-01-08 19:03:03,10,LAX,Branch_C,2023-01-08
F0902,2023-11-29 17:19:16,2023-11-29 22:19:16,26,JFK,Branch_A,2023-11-29
F0903,2023-12-09 00:18:54,2023-12-09 04:18:54,41,DFW,Branch_A,2023-12-09
F0904,2023-10-25 07:51:31,2023-10-25 11:51:31,59,DFW,Branch_D,2023-10-25
F0905,2023-08-12 13:49:22,2023-08-12 18:49:22,56,JFK,Branch_B,2023-08-12
F0906,2023-05-28 17:24:29,2023-05-28 22:24:29,56,DFW,Branch_E,2023-05-28
F0907,2023-07-05 05:46:24,2023-07-05 06:46:24,30,LAX,Branch_B,2023-07-05
F0908,2023-01-03 06:57:19,2023-01-03 10:57:19,30,ATL,Branch_C,2023-01-03
F0909,2023-05-17 14:37:46,2023-05-17 19:37:46,41,ORD,Branch_E,2023-05-17
F0910,2023-04-26 23:16:17,2023-04-27 01:16:17,12,LAX,Branch_B,2023-04-26
F0911,2023-10-20 14:53:49,2023-10-20 17:53:49,48,LAX,Branch_C,2023-10-20
F0912,2023-06-01 10:56:20,2023-06-01 15:56:20,18,ATL,Branch_D,2023-06-01
F0913,2023-11-28 10:42:41,2023-11-28 14:42:41,20,DFW,Branch_C,2023-11-28
F0914,2023-12-13 06:42:05,2023-12-13 11:42:05,18,ATL,Branch_B,2023-12-13
F0915,2023-11-21 13:33:20,2023-11-21 15:33:20,41,LAX,Branch_A,2023-11-21
F0916,2023-06-12 17:33:41,2023-06-12 18:33:41,3,JFK,Branch_E,2023-06-12
F0917,2023-07-29 00:34:45,2023-07-29 04:34:45,58,JFK,Branch_D,2023-07-29
F0918,2023-10-18 07:21:03,2023-10-18 08:21:03,49,LAX,Branch_B,2023-10-18
F0919,2023-10-13 07:17:08,2023-10-13 10:17:08,5,JFK,Branch_D,2023-10-13
F0920,2023-08-01 02:19:19,2023-08-01 03:19:19,41,DFW,Branch_C,2023-08-01
F0921,2023-11-07 15:18:42,2023-11-07 20:18:42,36,ATL,Branch_B,2023-11-07
F0922,2023-08-23 06:43:17,2023-08-23 08:43:17,14,ORD,Branch_A,2023-08-23
F0923,2023-12-15 16:12:29,2023-12-15 17:12:29,34,ATL,Branch_A,2023-12-15
F0924,2023-03-27 15:34:10,2023-03-27 17:34:10,47,ORD,Branch_A,2023-03-27
F0925,2023-07-09 14:37:42,2023-07-09 18:37:42,46,LAX,Branch_A,2023-07-09
F0926,2023-03-27 05:09:28,2023-03-27 09:09:28,54,LAX,Branch_E,2023-03-27
F0927,2023-04-16 23:56:29,2023-04-17 04:56:29,59,ORD,Branch_D,2023-04-16
F0928,2023-06-19 06:17:08,2023-06-19 11:17:08,2,JFK,Branch_B,2023-06-19
F0929,2023-07-08 14:30:41,2023-07-08 19:30:41,58,LAX,Branch_A,2023-07-08
F0930,2023-01-12 06:31:51,2023-01-12 08:31:51,58,DFW,Branch_E,2023-01-12
F0931,2023-06-01 00:24:42,2023-06-01 03:24:42,11,DFW,Branch_A,2023-06-01
F0932,2023-05-11 12:57:15,2023-05-11 15:57:15,26,DFW,Branch_A,2023-05-11
F0933,2023-09-17 18:21:14,2023-09-17 21:21:14,56,DFW,Branch_C,2023-09-17
F0934,2023-09-21 18:03:40,2023-09-21 22:03:40,53,ORD,Branch_B,2023-09-21
F0935,2023-11-06 23:13:32,2023-11-07 03:13:32,11,JFK,Branch_D,2023-11-06
F0936,2023-06-07 00:30:16,2023-06-07 03:30:16,59,ORD,Branch_C,2023-06-07
F0937,2023-10-09 05:51:34,2023-10-09 10:51:34,58,LAX,Branch_C,2023-10-09
F0938,2023-03-06 02:19:42,2023-03-06 03:19:42,2,DFW,Branch_D,2023-03-06
F0939,2023-11-23 10:04:50,2023-11-23 13:04:50,53,DFW,Branch_A,2023-11-23
F0940,2023-07-01 12:23:30,2023-07-01 13:23:30,25,DFW,Branch_A,2023-07-01
F0941,2023-12-24 02:44:56,2023-12-24 05:44:56,50,LAX,Branch_B,2023-12-24
F0942,2023-02-19 13:34:38,2023-02-19 14:34:38,31,ATL,Branch_A,2023-02-19
F0943,2023-08-30 15:51:18,2023-08-30 20:51:18,11,ORD,Branch_C,2023-08-30
F0944,2023-07-27 10:23:35,2023-07-27 14:23:35,59,JFK,Branch_C,2023-07-27
F0945,2023-01-11 11:20:43,2023-01-11 14:20:43,47,LAX,Branch_C,2023-01-11
F0946,2023-12-19 05:11:22,2023-12-19 08:11:22,55,ATL,Branch_D,2023-12-19
F0947,2023-06-03 00:32:05,2023-06-03 05:32:05,59,ATL,Branch_A,2023-06-03
F0948,2023-08-18 20:50:25,2023-08-18 22:50:25,18,JFK,Branch_A,2023-08-18
F0949,2023-08-08 04:30:52,2023-08-08 07:30:52,56,LAX,Branch_A,2023-08-08
F0950,2023-09-15 11:36:20,2023-09-15 12:36:20,2,ATL,Branch_A,2023-09-15
F0951,2023-01-11 12:36:33,2023-01-11 17:36:33,0,DFW,Branch_B,2023-01-11
F0952,2023-02-02 14:26:49,2023-02-02 16:26:49,19,JFK,Branch_B,2023-02-02
F0953,2023-09-07 14:51:39,2023-09-07 17:51:39,36,DFW,Branch_C,2023-09-07
F0954,2023-06-16 10:57:38,2023-06-16 13:57:38,38,JFK,Branch_C,2023-06-16
F0955,2023-02-22 16:48:39,2023-02-22 20:48:39,6,ORD,Branch_D,2023-02-22
F0956,2023-12-03 15:38:24,2023-12-03 17:38:24,59,ORD,Branch_E,2023-12-03
F0957,2023-06-29 07:20:29,2023-06-29 12:20:29,21,LAX,Branch_C,2023-06-29
F0958,2023-03-12 13:50:14,2023-03-12 14:50:14,18,ATL,Branch_A,2023-03-12
F0959,2023-01-20 12:41:12,2023-01-20 15:41:12,29,DFW,Branch_C,2023-01-20
F0960,2023-04-12 00:49:57,2023-04-12 05:49:57,41,ATL,Branch_C,2023-04-12
F0961,2023-05-28 05:30:14,2023-05-28 09:30:14,34,ORD,Branch_B,2023-05-28
F0962,2023-05-08 03:08:52,2023-05-08 06:08:52,33,DFW,Branch_A,2023-05-08
F0963,2023-03-24 04:49:00,2023-03-24 06:49:00,31,LAX,Branch_D,2023-03-24
F0964,2023-06-26 14:06:17,2023-06-26 19:06:17,56,ATL,Branch_D,2023-06-26
F0965,2023-05-07 22:25:25,2023-05-07 23:25:25,60,JFK,Branch_D,2023-05-07
F0966,2023-05-12 01:43:59,2023-05-12 05:43:59,8,JFK,Branch_C,2023-05-12
F0967,2023-10-23 15:10:30,2023-10-23 20:10:30,54,DFW,Branch_D,2023-10-23
F0968,2023-12-08 14:50:20,2023-12-08 17:50:20,32,JFK,Branch_D,2023-12-08
F0969,2023-05-28 05:42:44,2023-05-28 06:42:44,29,JFK,Branch_D,2023-05-28
F0970,2023-04-19 01:32:22,2023-04-19 04:32:22,17,ORD,Branch_B,2023-04-19
F0971,2023-10-20 01:14:22,2023-10-20 04:14:22,12,LAX,Branch_A,2023-10-20
F0972,2023-11-20 02:05:46,2023-11-20 04:05:46,51,JFK,Branch_B,2023-11-20
F0973,2023-06-13 17:16:08,2023-06-13 19:16:08,7,JFK,Branch_A,2023-06-13
F0974,2023-04-08 23:20:27,2023-04-09 02:20:27,21,ATL,Branch_B,2023-04-08
F0975,2023-11-21 05:56:01,2023-11-21 09:56:01,10,DFW,Branch_A,2023-11-21
F0976,2023-02-01 19:25:17,2023-02-01 21:25:17,46,ORD,Branch_D,2023-02-01
F0977,2023-07-02 15:34:38,2023-07-02 17:34:38,29,DFW,Branch_E,2023-07-02
F0978,2023-01-08 12:39:55,2023-01-08 14:39:55,41,ATL,Branch_D,2023-01-08
F0979,2023-10-18 21:24:43,2023-10-18 23:24:43,16,ATL,Branch_E,2023-10-18
F0980,2023-07-29 11:44:59,2023-07-29 12:44:59,45,ATL,Branch_D,2023-07-29
F0981,2023-01-21 05:28:22,2023-01-21 08:28:22,11,JFK,Branch_B,2023-01-21
F0982,2023-05-16 21:52:00,2023-05-16 22:52:00,0,DFW,Branch_E,2023-05-16
F0983,2023-03-29 01:54:07,2023-03-29 06:54:07,47,DFW,Branch_D,2023-03-29
F0984,2023-09-10 11:46:55,2023-09-10 16:46:55,21,DFW,Branch_C,2023-09-10
F0985,2023-01-27 15:34:10,2023-01-27 20:34:10,50,LAX,Branch_E,2023-01-27
F0986,2023-10-31 09:37:11,2023-10-31 10:37:11,18,ORD,Branch_A,2023-10-31
F0987,2023-09-11 02:47:37,2023-09-11 05:47:37,36,JFK,Branch_B,2023-09-11
F0988,2023-01-16 15:13:58,2023-01-16 20:13:58,43,ORD,Branch_D,2023-01-16
F0989,2023-10-20 21:57:46,2023-10-20 23:57:46,48,JFK,Branch_D,2023-10-20
F0990,2023-01-13 01:13:13,2023-01-13 06:13:13,12,DFW,Branch_A,2023-01-13
F0991,2023-04-07 00:50:50,2023-04-07 04:50:50,11,LAX,Branch_D,2023-04-07
F0992,2023-03-19 10:10:34,2023-03-19 12:10:34,39,LAX,Branch_D,2023-03-19
F0993,2023-11-22 22:10:47,2023-11-23 00:10:47,54,DFW,Branch_A,2023-11-22
F0994,2023-01-08 21:57:19,2023-01-08 23:57:19,40,ORD,Branch_A,2023-01-08
F0995,2023-08-30 07:16:05,2023-08-30 12:16:05,57,ATL,Branch_C,2023-08-30
F0996,2023-03-01 04:18:23,2023-03-01 06:18:23,25,DFW,Branch_C,2023-03-01
F0997,2023-04-03 15:24:00,2023-04-03 19:24:00,52,JFK,Branch_A,2023-04-03
F0998,2023-02-19 00:27:53,2023-02-19 01:27:53,27,ORD,Branch_E,2023-02-19
F0999,2023-07-03 21:54:32,2023-07-04 01:54:32,32,ATL,Branch_E,2023-07-03
F1000,2023-09-17 23:48:31,2023-09-18 02:48:31,20,LAX,Branch_E,2023-09-17
