flight_id,airport,branch,delay_minutes,hour_of_day,day_of_week,Engine Temperature,Fuel Level,Vibration,Air Pressure,Airspeed,temperature,weather_condition
F0001,ORD,Branch_B,14.0,4,1,619.72,57.70666666666667,2.11,97.96,374.95500000000004,25.1,Clear
F0002,ATL,Branch_D,54.0,6,5,651.82,69.28,2.8200000000000003,98.44,421.89,22.0,Rain
F0004,JFK,Branch_E,32.0,14,2,696.31,31.03,3.51,103.92,458.94,13.1,Storm
F0005,ORD,Branch_B,51.0,22,3,562.93,72.67333333333333,2.8449999999999998,102.49,443.79333333333335,14.3,Sunny
F0008,LAX,Branch_D,42.0,6,6,639.97,90.16,2.5,96.55333333333333,389.4433333333333,29.0,Storm
F0010,JFK,Branch_E,34.0,19,1,572.79,78.24,1.77,104.94,496.09,14.3,Cloudy
F0011,ORD,Branch_A,55.0,7,0,577.56,70.55,2.733333333333334,105.00666666666666,468.57666666666665,25.1,Cloudy
F0012,ATL,Branch_C,48.0,22,4,523.81,46.71,2.71,99.47999999999999,582.16,8.9,Rain
F0013,ATL,Branch_B,3.0,7,3,599.34,70.54666666666667,2.185,96.88499999999999,558.65,18.4,Storm
F0014,ORD,Branch_C,43.0,20,6,637.68,24.63,1.3499999999999999,98.66333333333334,502.71,19.9,Sunny
F0016,ATL,Branch_E,23.0,2,2,617.64,68.005,1.6033333333333335,102.505,435.265,27.6,Clear
F0018,DFW,Branch_C,58.0,14,3,596.53,92.33,0.04,107.19,545.0450000000001,17.5,Clear
F0019,DFW,Branch_B,45.0,0,1,542.845,37.18,1.735,107.52,372.85999999999996,28.9,Rain
F0020,ATL,Branch_D,38.0,16,0,585.7650000000001,41.93333333333333,3.15,101.75,432.58,8.2,Rain
F0021,LAX,Branch_B,42.0,17,4,570.245,56.01333333333334,2.92,106.84,506.34,23.1,Rain
F0023,JFK,Branch_A,59.0,13,4,583.1999999999999,50.14,1.04,100.625,393.90000000000003,27.8,Clear
F0024,ATL,Branch_A,11.0,11,0,619.06,26.08,,96.93,494.57,13.4,Clear
F0025,DFW,Branch_A,34.0,18,1,534.18,56.66,2.78,107.18,521.5600000000001,11.0,Rain
F0026,ATL,Branch_C,32.0,7,1,593.835,93.73,3.353333333333333,95.69666666666667,497.405,9.8,Rain
F0027,ATL,Branch_C,5.0,20,0,577.2733333333333,43.79,4.62,100.99,560.07,16.1,Storm
F0028,ORD,Branch_E,40.0,1,6,599.79,60.83,2.49,99.35333333333334,480.1366666666666,18.7,Cloudy
F0029,ATL,Branch_B,30.0,18,6,604.865,44.8,2.21,102.93,522.3266666666667,12.3,Rain
F0030,LAX,Branch_A,49.0,16,2,599.67,42.096666666666664,2.1966666666666668,102.32333333333334,453.63,24.2,Cloudy
F0031,JFK,Branch_E,5.0,21,3,632.605,69.16,3.1,101.28,347.81333333333333,7.2,Clear
F0032,JFK,Branch_D,11.0,8,1,579.0100000000001,68.21,2.48,90.32,567.18,14.3,Cloudy
F0033,ORD,Branch_D,7.0,16,1,612.1033333333334,52.43333333333334,2.7866666666666666,109.67,334.9633333333333,21.1,Cloudy
F0034,JFK,Branch_E,25.0,3,0,618.93,28.48,4.316666666666667,94.47,524.2950000000001,11.2,Clear
F0035,DFW,Branch_B,28.0,15,6,608.4066666666666,85.39,2.7466666666666666,100.75,427.21333333333337,9.2,Sunny
F0036,ATL,Branch_C,56.0,5,1,647.08,67.85000000000001,2.8333333333333335,107.42,463.71,9.0,Cloudy
F0037,LAX,Branch_B,33.0,3,0,548.96,57.445,3.263333333333333,105.64,427.3566666666666,22.4,Sunny
F0038,ATL,Branch_C,13.0,17,6,670.63,87.305,1.6033333333333333,97.09,399.5333333333333,16.0,Cloudy
F0039,ORD,Branch_A,2.0,2,2,,69.33333333333333,,101.95666666666666,428.935,27.8,Rain
F0040,ATL,Branch_A,22.0,7,1,,56.94333333333333,2.11,98.26666666666667,394.98,8.6,Cloudy
F0042,JFK,Branch_E,23.0,17,6,693.18,62.855000000000004,1.8133333333333332,93.43,465.02,13.3,Sunny
F0043,JFK,Branch_D,22.0,11,4,573.8166666666666,36.79,0.53,101.82333333333334,551.06,13.1,Cloudy
F0044,JFK,Branch_A,22.0,10,0,576.5833333333334,69.91,2.66,100.83000000000001,530.22,19.0,Rain
F0045,JFK,Branch_A,38.0,16,6,668.73,66.435,3.9,98.845,340.9433333333333,13.3,Sunny
F0046,ORD,Branch_C,39.0,0,5,600.57,97.21,3.3766666666666665,90.65,355.57,11.1,Cloudy
F0047,ORD,Branch_C,24.0,17,4,595.65,37.14,1.5,105.565,408.35,10.2,Cloudy
F0049,ORD,Branch_C,4.0,0,6,,64.10333333333334,2.585,105.29,519.25,25.4,Cloudy
F0050,ATL,Branch_E,23.0,6,3,591.89,63.38999999999999,2.695,104.11333333333334,391.56,28.4,Storm
F0051,ORD,Branch_B,5.0,20,1,610.47,89.51,3.775,90.23,566.46,11.7,Clear
F0052,DFW,Branch_C,30.0,19,4,601.03,65.61,2.716666666666667,95.52000000000001,430.03,6.7,Rain
F0053,JFK,Branch_D,29.0,8,2,568.0033333333333,83.82333333333334,3.0349999999999997,100.85666666666667,506.95000000000005,27.8,Rain
F0054,DFW,Branch_E,54.0,14,2,574.26,64.12,4.43,103.005,413.85,22.6,Storm
F0055,ORD,Branch_B,2.0,16,2,,53.144999999999996,3.293333333333333,100.38333333333333,452.49,18.6,Storm
F0056,DFW,Branch_D,16.0,14,2,663.7850000000001,34.58,4.08,91.93666666666667,541.6700000000001,6.8,Rain
F0057,LAX,Branch_B,9.0,5,3,580.81,73.81,1.82,103.92500000000001,422.71000000000004,27.8,Clear
F0058,DFW,Branch_C,32.0,8,1,596.1733333333333,97.12,2.6,98.07499999999999,419.83000000000004,8.4,Cloudy
F0059,ATL,Branch_D,56.0,11,0,558.23,40.83,3.4766666666666666,103.9,376.05,13.5,Storm
F0060,JFK,Branch_C,16.0,7,6,577.8050000000001,32.54,4.39,104.94,443.8866666666667,20.1,Storm
F0061,ATL,Branch_C,49.0,9,0,512.06,41.17666666666667,,96.13,548.6,12.9,Rain
F0062,JFK,Branch_D,38.0,6,2,526.94,69.195,2.5349999999999997,94.80666666666667,326.49,11.5,Rain
F0063,LAX,Branch_D,38.0,5,6,561.23,59.373333333333335,3.3733333333333335,99.48,378.04,28.0,Storm
F0064,ORD,Branch_B,56.0,7,4,586.66,66.58999999999999,1.8066666666666664,101.91333333333334,339.66,27.3,Sunny
F0065,DFW,Branch_C,46.0,3,5,617.61,54.59,4.39,97.88,492.5933333333333,23.7,Clear
F0066,LAX,Branch_E,16.0,12,3,523.41,80.47,2.46,103.89,523.4033333333333,8.1,Cloudy
F0067,DFW,Branch_B,50.0,9,5,647.105,55.98,5.0,103.73666666666666,534.1966666666667,20.5,Sunny
F0068,LAX,Branch_D,27.0,21,0,690.28,39.05,1.43,92.4,548.41,22.9,Cloudy
F0069,LAX,Branch_A,15.0,10,6,597.22,55.82333333333333,3.49,102.09,426.3,24.6,Storm
F0070,ATL,Branch_E,3.0,2,3,533.9,57.41,1.6349999999999998,90.34,528.82,13.8,Rain
F0072,DFW,Branch_C,7.0,22,4,666.79,52.095,1.44,102.95333333333333,466.94,13.3,Cloudy
F0075,JFK,Branch_B,57.0,13,1,573.1,85.935,2.385,101.5,367.89,23.6,Clear
F0076,LAX,Branch_D,18.0,4,5,541.465,75.03999999999999,1.35,99.895,,6.8,Cloudy
F0077,JFK,Branch_D,50.0,10,1,605.09,94.03,3.6133333333333333,91.86,486.39,18.6,Cloudy
F0080,JFK,Branch_D,60.0,23,3,560.12,75.37,2.233333333333333,90.91,386.32,8.9,Clear
F0082,DFW,Branch_B,54.0,20,5,525.86,90.0,3.55,97.96,507.35,15.5,Storm
F0083,DFW,Branch_B,58.0,11,0,614.9933333333333,65.63,,100.26,523.8433333333334,24.0,Sunny
F0084,ATL,Branch_D,15.0,17,0,558.5050000000001,40.879999999999995,1.23,107.99,336.79,14.4,Cloudy
F0086,LAX,Branch_E,7.0,16,4,627.0699999999999,73.18,0.65,98.43666666666667,434.74,25.1,Rain
F0087,ORD,Branch_B,56.0,7,6,623.4566666666666,73.77,0.635,106.27,593.29,21.6,Storm
F0088,LAX,Branch_E,51.0,7,4,504.99,34.96,2.4749999999999996,99.31333333333333,500.6,19.8,Storm
F0089,JFK,Branch_D,54.0,15,6,594.03,34.585,1.49,90.7,375.91499999999996,20.1,Storm
F0090,JFK,Branch_D,51.0,1,5,696.28,65.985,3.02,98.65,470.21999999999997,15.2,Clear
F0091,DFW,Branch_C,52.0,1,4,513.09,60.93666666666667,4.51,100.12,394.96,20.2,Clear
F0092,JFK,Branch_B,49.0,6,6,569.65,29.65,1.2,104.61,566.485,9.2,Clear
F0093,JFK,Branch_D,37.0,6,1,595.95,29.2,2.365,103.55000000000001,364.04,21.9,Rain
F0094,LAX,Branch_A,48.0,9,0,565.145,40.62,2.62,96.52333333333333,555.43,20.7,Sunny
F0095,ATL,Branch_E,29.0,10,3,604.37,59.49,2.63,99.61500000000001,476.105,15.8,Rain
F0097,ORD,Branch_C,34.0,21,0,618.9300000000001,24.24,3.8866666666666667,107.9,486.25,24.2,Clear
F0098,DFW,Branch_B,16.0,22,0,580.29,60.59,3.3266666666666667,100.52,378.305,12.8,Cloudy
F0099,DFW,Branch_C,1.0,23,6,618.35,58.92,2.06,100.31,461.0466666666667,13.4,Rain
F0100,ORD,Branch_C,17.0,10,1,608.2,56.406666666666666,1.76,107.2,431.975,20.2,Sunny
F0101,JFK,Branch_E,22.0,2,2,619.0266666666666,38.01,1.12,95.41,339.45500000000004,15.2,Storm
F0102,DFW,Branch_E,8.0,2,0,652.45,53.86333333333334,1.9233333333333331,104.87,471.775,7.5,Storm
F0103,LAX,Branch_B,53.0,17,4,567.46,46.77,1.763333333333333,102.0,524.63,13.3,Sunny
F0104,ATL,Branch_B,49.0,4,4,605.8166666666666,37.88,1.87,100.66000000000001,366.83,23.4,Clear
F0105,JFK,Branch_E,36.0,23,2,672.0899999999999,44.81,2.9966666666666666,105.37,498.3766666666666,8.8,Clear
F0106,ATL,Branch_B,52.0,6,2,523.0666666666667,52.72,3.74,109.47,301.08,24.7,Clear
F0107,DFW,Branch_A,0.0,18,6,621.54,20.94,3.5549999999999997,94.32,389.71,13.7,Cloudy
F0108,JFK,Branch_C,22.0,16,6,665.12,85.66999999999999,4.59,102.91666666666667,454.2766666666667,9.4,Clear
F0109,DFW,Branch_A,25.0,3,5,586.38,66.4,3.073333333333333,97.81,443.56,14.5,Clear
F0110,LAX,Branch_B,58.0,3,1,595.7850000000001,22.19,3.7,106.84,543.39,21.3,Clear
F0111,DFW,Branch_C,35.0,6,1,588.59,57.50666666666667,4.68,95.69999999999999,423.97,14.1,Cloudy
F0112,DFW,Branch_D,0.0,11,1,632.34,95.21,1.57,103.91,510.58666666666664,,Cloudy
F0113,ATL,Branch_C,47.0,7,6,505.37,47.31666666666666,2.635,98.6,539.74,,Cloudy
F0115,ATL,Branch_C,11.0,16,6,544.6033333333334,21.51,0.17,100.0,482.08,12.1,Cloudy
F0116,ATL,Branch_A,23.0,2,1,582.7633333333333,28.825,1.62,104.8,393.115,10.3,Cloudy
F0117,ATL,Branch_D,44.0,21,1,562.6733333333333,,3.995,98.2,484.025,6.2,Sunny
F0118,ATL,Branch_A,17.0,19,4,646.78,82.88,2.55,98.63,490.29,29.1,Storm
F0119,ATL,Branch_C,26.0,7,2,556.345,54.876666666666665,3.33,97.09666666666665,450.95000000000005,16.5,Storm
F0120,DFW,Branch_B,41.0,2,4,659.09,57.14,4.95,103.42500000000001,402.0466666666666,13.3,Clear
F0121,ORD,Branch_B,21.0,3,6,561.96,76.13666666666667,2.2966666666666664,98.83,406.17,30.0,Cloudy
F0122,LAX,Branch_E,44.0,10,3,597.78,85.72,2.47,94.785,399.69,24.0,Storm
F0123,JFK,Branch_D,52.0,14,6,656.1099999999999,93.9,2.4499999999999997,100.81,408.735,7.2,Sunny
F0124,ORD,Branch_A,48.0,11,0,567.6,74.5,0.46,93.44,475.0933333333333,24.6,Rain
F0125,JFK,Branch_C,50.0,2,4,630.93,51.21,4.78,108.75,487.50666666666666,18.2,Clear
F0126,LAX,Branch_A,12.0,6,3,645.16,65.53,3.195,96.715,482.2366666666667,27.8,Clear
F0127,DFW,Branch_C,3.0,11,3,579.8133333333334,43.525,3.53,,598.82,26.4,Clear
F0129,DFW,Branch_C,42.0,1,4,581.09,22.295,2.83,106.82,508.74333333333334,25.2,Sunny
F0130,DFW,Branch_E,28.0,3,4,598.51,37.41,2.115,105.23666666666666,427.68,11.5,Storm
F0131,DFW,Branch_A,25.0,2,6,548.19,51.97,2.14,92.06,448.065,25.2,Rain
F0132,LAX,Branch_B,2.0,13,4,564.5,37.05,2.855,102.23666666666666,395.95,9.0,Cloudy
F0133,ORD,Branch_E,60.0,13,1,602.57,65.32666666666667,1.4700000000000002,94.49333333333334,462.50666666666666,17.9,Cloudy
F0134,ORD,Branch_E,33.0,14,6,616.04,56.88,2.2966666666666664,91.88,443.6166666666666,14.6,Rain
F0135,ORD,Branch_E,59.0,19,1,537.68,82.41,3.1399999999999997,95.78999999999999,437.7066666666667,24.9,Rain
F0137,DFW,Branch_B,18.0,16,4,668.8,52.05,3.07,104.985,389.5366666666667,7.4,Rain
F0138,ATL,Branch_D,42.0,14,6,643.5933333333334,55.873333333333335,2.39,103.82,451.17,20.4,Storm
F0139,JFK,Branch_C,42.0,15,5,581.325,98.36,3.2833333333333337,97.9,503.53999999999996,22.1,Cloudy
F0140,DFW,Branch_C,15.0,18,5,661.16,45.413333333333334,3.353333333333333,101.78,432.33,7.1,Rain
F0141,LAX,Branch_C,44.0,6,0,591.625,65.09,2.96,95.44,373.6666666666667,18.1,Rain
F0142,LAX,Branch_A,4.0,6,5,656.34,64.47,4.4,100.48666666666666,420.945,14.2,Storm
F0144,JFK,Branch_E,25.0,16,3,641.61,65.54,1.1866666666666665,99.18,553.28,23.0,Sunny
F0145,ATL,Branch_B,39.0,5,1,575.5733333333334,53.43333333333334,0.815,106.63,379.71500000000003,14.5,Sunny
F0146,JFK,Branch_A,2.0,16,0,651.395,58.425000000000004,1.19,104.32,431.67,6.6,Rain
F0147,JFK,Branch_D,47.0,0,0,581.6800000000001,88.4,2.995,104.505,470.64,26.4,Rain
F0148,ATL,Branch_A,15.0,23,4,657.69,58.705,2.2633333333333336,97.53000000000002,498.34999999999997,14.5,Clear
F0149,JFK,Branch_D,52.0,7,6,637.0766666666667,69.18,2.52,94.97,528.4766666666666,5.4,Clear
F0150,ATL,Branch_E,22.0,6,4,598.9533333333334,22.74,1.37,101.59666666666665,467.96000000000004,6.9,Sunny
F0151,LAX,Branch_D,33.0,10,5,609.51,27.91,2.1149999999999998,96.18,424.8333333333333,19.4,Storm
F0152,LAX,Branch_A,45.0,15,0,607.23,86.41,1.71,99.78,534.855,18.0,Cloudy
F0153,LAX,Branch_E,50.0,4,6,517.74,80.38666666666667,2.0,98.16000000000001,430.99,28.7,Storm
F0154,JFK,Branch_E,11.0,1,3,630.63,66.795,0.26,99.47,346.48,6.0,Storm
F0155,DFW,Branch_B,20.0,6,0,613.145,69.41666666666667,3.13,102.78333333333335,356.6566666666667,15.9,Storm
F0156,DFW,Branch_B,23.0,9,6,521.0,75.27,1.68,104.48,399.48,23.3,Sunny
F0157,ORD,Branch_B,49.0,0,1,564.75,53.1,3.02,104.15,305.82,14.7,Storm
F0158,JFK,Branch_C,42.0,9,5,689.24,61.01666666666667,4.98,101.08,418.8666666666666,24.2,Storm
F0159,JFK,Branch_B,21.0,9,5,588.01,57.94,4.453333333333333,103.97,492.59999999999997,17.8,Storm
F0160,DFW,Branch_C,46.0,20,2,573.37,48.745,1.92,109.16,517.635,21.0,Rain
F0161,ORD,Branch_E,36.0,18,1,571.0,55.836666666666666,0.9900000000000001,100.13333333333333,472.77,16.9,Clear
F0162,DFW,Branch_C,40.0,15,3,588.4449999999999,30.37,1.39,101.94999999999999,549.68,14.4,Rain
F0163,JFK,Branch_C,30.0,1,6,619.66,62.34,0.81,100.05,479.23333333333335,18.3,Storm
F0164,ATL,Branch_C,56.0,2,1,596.8266666666667,40.99666666666666,1.1366666666666667,98.74000000000001,475.45,8.6,Cloudy
F0165,ATL,Branch_B,23.0,4,0,669.11,32.97,1.6933333333333334,94.195,418.64,7.4,Cloudy
F0166,JFK,Branch_B,8.0,20,4,597.9466666666667,82.32,3.11,101.33000000000001,378.33500000000004,10.8,Clear
F0167,LAX,Branch_D,46.0,5,4,595.785,97.99,0.32,98.93,557.66,19.6,Rain
F0168,LAX,Branch_E,3.0,6,0,604.09,71.29,,98.71,414.08,13.4,Sunny
F0169,ORD,Branch_C,31.0,9,0,576.55,27.33,0.08,102.35000000000001,378.7366666666667,,Rain
F0170,LAX,Branch_D,57.0,18,3,606.57,71.775,1.08,103.01,487.665,17.1,Clear
F0171,ATL,Branch_A,10.0,19,5,635.54,,1.7149999999999999,101.895,556.605,7.1,Storm
F0172,ORD,Branch_E,20.0,23,4,618.63,38.025,2.0,98.63666666666666,558.24,25.9,Clear
F0173,ATL,Branch_C,16.0,16,6,601.82,62.325,4.115,96.13,490.52,8.3,Sunny
F0174,JFK,Branch_B,29.0,8,0,615.97,55.78333333333333,0.5349999999999999,101.61,445.38,10.0,Rain
F0175,JFK,Branch_C,25.0,13,4,606.25,92.58500000000001,0.31,99.95500000000001,375.31,6.9,Sunny
F0176,ATL,Branch_D,6.0,15,6,695.01,49.77,0.625,95.7,402.46000000000004,19.3,Storm
F0177,ATL,Branch_D,5.0,10,2,532.1999999999999,46.099999999999994,4.220000000000001,103.13,493.8,,Clear
F0178,JFK,Branch_D,45.0,0,5,581.49,61.449999999999996,2.31,98.17,317.075,9.9,Rain
F0179,ORD,Branch_A,10.0,19,5,631.005,61.584999999999994,2.595,97.87,378.40999999999997,11.4,Rain
F0180,LAX,Branch_C,12.0,16,4,645.01,31.029999999999998,3.56,98.60499999999999,517.39,7.3,Rain
F0181,ATL,Branch_E,0.0,2,1,637.87,59.46,2.1399999999999997,97.79,537.15,6.2,Sunny
F0182,DFW,Branch_B,1.0,18,4,662.07,84.61,,100.25999999999999,451.63,13.6,Sunny
F0183,JFK,Branch_E,21.0,21,4,599.07,61.26,3.793333333333333,106.96,490.99666666666667,18.2,Clear
F0184,DFW,Branch_D,36.0,6,2,572.77,61.48333333333334,3.6950000000000003,101.10333333333334,320.42,24.8,Storm
F0185,JFK,Branch_C,0.0,3,4,564.19,43.336666666666666,2.32,100.37,473.5,6.3,Cloudy
F0186,JFK,Branch_E,5.0,18,3,623.1700000000001,64.71,3.236666666666667,102.43,519.18,5.5,Clear
F0187,ATL,Branch_B,16.0,23,1,573.4749999999999,56.31,2.91,90.53,523.9766666666667,,Rain
F0188,ATL,Branch_C,18.0,10,1,618.99,66.895,0.44,98.31666666666666,456.38,7.6,Clear
F0189,DFW,Branch_A,44.0,15,6,527.255,77.43,1.1900000000000002,94.43,481.7933333333333,19.2,Sunny
F0191,LAX,Branch_A,10.0,7,5,575.99,20.93,3.4033333333333338,98.9,466.86,28.3,Sunny
F0192,ORD,Branch_D,45.0,21,4,656.8499999999999,54.98666666666667,3.2099999999999995,96.2,381.66999999999996,17.2,Cloudy
F0193,DFW,Branch_A,30.0,12,6,604.2866666666667,43.54666666666666,2.9466666666666668,103.58,460.98,20.0,Rain
F0194,DFW,Branch_A,5.0,3,6,633.01,69.95,4.88,106.66,588.75,10.5,Clear
F0195,JFK,Branch_B,6.0,11,4,669.5,43.54,2.0,102.89,545.11,9.8,Rain
F0196,JFK,Branch_C,59.0,15,3,618.2400000000001,52.89,2.1,93.955,545.81,27.6,Rain
F0198,ORD,Branch_E,55.0,6,5,606.93,39.39,2.32,96.06,322.23,21.0,Cloudy
F0200,DFW,Branch_E,23.0,8,1,648.2750000000001,66.32499999999999,3.66,96.99000000000001,461.575,28.2,Rain
F0201,LAX,Branch_C,29.0,6,2,637.6433333333333,48.14666666666667,4.17,97.63,367.51,14.3,Sunny
F0202,ORD,Branch_A,6.0,13,4,609.23,66.185,0.85,99.39,457.63,29.2,Storm
F0203,ATL,Branch_B,52.0,7,4,584.6,41.32666666666667,2.5,98.665,479.79,6.2,Rain
F0204,JFK,Branch_C,60.0,4,0,508.19,83.375,3.005,101.975,391.11,10.8,Clear
F0205,LAX,Branch_D,44.0,21,1,651.63,91.41666666666667,0.9900000000000001,100.52,415.28,12.8,Sunny
F0206,DFW,Branch_B,46.0,19,3,688.78,72.46,3.725,92.4,393.82,15.1,Clear
F0207,ORD,Branch_A,18.0,17,4,604.33,51.825,1.34,100.365,335.16499999999996,9.1,Sunny
F0208,JFK,Branch_D,34.0,2,6,602.67,43.48,2.296666666666667,106.53999999999999,535.52,18.1,Storm
F0209,DFW,Branch_D,13.0,9,2,668.95,,1.13,102.36,486.45,19.8,Sunny
F0210,ORD,Branch_E,50.0,7,1,567.2950000000001,75.31,2.9133333333333336,,380.12,24.0,Sunny
F0211,ORD,Branch_D,43.0,12,4,579.41,95.32,1.13,105.02,,26.7,Rain
F0212,DFW,Branch_E,38.0,20,3,556.23,59.28666666666667,4.305,102.95,451.74,9.9,Rain
F0213,LAX,Branch_D,55.0,10,4,529.1800000000001,68.12333333333333,3.0033333333333334,101.27,351.365,15.5,Sunny
F0214,ORD,Branch_A,32.0,11,5,554.5433333333334,67.19,4.36,97.05000000000001,532.7766666666666,14.6,Sunny
F0215,ORD,Branch_C,52.0,15,6,650.22,73.89500000000001,,105.28,521.9649999999999,20.9,Clear
F0216,DFW,Branch_C,42.0,23,3,522.15,54.29333333333333,2.46,100.93333333333334,478.01,20.5,Rain
F0217,ORD,Branch_E,27.0,9,0,566.3966666666666,53.75,2.09,100.565,403.015,29.8,Clear
F0218,ORD,Branch_C,42.0,4,4,567.2033333333334,64.925,3.1766666666666663,101.265,406.105,20.7,Clear
F0219,JFK,Branch_B,45.0,13,6,551.355,69.58666666666666,3.195,91.85,475.66,26.8,Sunny
F0220,ORD,Branch_C,23.0,7,0,666.22,40.745000000000005,2.81,99.08999999999999,396.72,19.3,Rain
F0221,DFW,Branch_E,54.0,5,5,553.06,59.43,2.29,98.82333333333334,387.1566666666667,21.9,Clear
F0222,DFW,Branch_C,18.0,9,0,537.89,49.953333333333326,4.99,98.85,501.15500000000003,7.1,Clear
F0223,JFK,Branch_B,22.0,4,6,645.64,70.26,2.4166666666666665,97.61333333333333,462.22,5.3,Clear
F0224,LAX,Branch_D,22.0,13,3,630.2866666666667,36.86333333333334,3.9050000000000002,96.47,521.62,7.6,Cloudy
F0225,ORD,Branch_A,53.0,7,5,564.03,60.31,3.176666666666667,97.31,513.31,19.3,Rain
F0226,JFK,Branch_C,24.0,1,2,657.29,41.06,2.3666666666666667,101.64999999999999,343.75,28.5,Cloudy
F0227,ATL,Branch_C,26.0,12,5,662.29,87.095,3.71,103.69,438.295,8.2,Cloudy
F0229,JFK,Branch_E,20.0,4,0,556.72,43.32,1.335,106.08500000000001,482.93666666666667,24.0,Storm
F0230,ATL,Branch_A,0.0,18,6,606.425,72.56,2.4,91.33,403.43333333333334,17.6,Storm
F0231,ORD,Branch_A,59.0,19,5,559.09,70.66499999999999,4.52,92.01,514.42,13.2,Clear
F0232,JFK,Branch_E,16.0,1,6,587.6949999999999,59.54,2.335,106.305,555.92,20.1,Storm
F0233,ORD,Branch_B,17.0,21,4,614.875,70.33999999999999,4.93,103.25333333333333,400.78499999999997,5.6,Rain
F0234,ORD,Branch_B,43.0,2,2,680.495,58.355000000000004,1.515,108.85,523.125,20.0,Clear
F0235,LAX,Branch_A,27.0,5,2,548.39,61.11,2.17,103.69999999999999,432.49,11.4,Cloudy
F0236,ATL,Branch_D,10.0,3,5,612.78,77.05,1.09,104.52,307.19,11.8,Clear
F0237,LAX,Branch_C,33.0,14,4,561.38,70.19,3.4349999999999996,104.965,390.68666666666667,12.2,Clear
F0238,JFK,Branch_E,52.0,2,4,559.76,26.33,2.08,99.66999999999999,453.515,17.7,Cloudy
F0241,DFW,Branch_B,1.0,12,1,553.13,44.349999999999994,3.8466666666666662,101.16499999999999,400.12,5.8,Storm
F0242,DFW,Branch_A,55.0,7,3,585.0633333333334,28.58,,98.88,339.53,24.2,Storm
F0243,LAX,Branch_E,46.0,4,4,643.4833333333332,38.85,4.375,104.18,462.32,17.1,Clear
F0244,LAX,Branch_B,36.0,13,0,570.0899999999999,44.580000000000005,2.0466666666666664,101.54,446.09,20.2,Clear
F0245,ATL,Branch_E,57.0,22,2,596.665,32.269999999999996,3.42,105.83,471.92,28.7,Cloudy
F0246,ATL,Branch_C,53.0,21,5,610.755,82.435,2.255,104.07333333333334,481.69,28.2,Sunny
F0247,ORD,Branch_E,20.0,10,4,666.54,50.65,1.75,102.47999999999999,418.27,21.7,Storm
F0248,JFK,Branch_C,32.0,2,1,,62.739999999999995,2.8449999999999998,98.10333333333334,449.58000000000004,22.5,Cloudy
F0249,JFK,Branch_B,14.0,11,1,610.3833333333333,54.75,3.223333333333333,97.97666666666667,595.21,10.5,Storm
F0250,ATL,Branch_B,8.0,3,2,581.76,30.11,2.82,100.055,487.98,10.3,Storm
F0251,JFK,Branch_A,10.0,10,0,591.7,73.55333333333333,0.48500000000000004,98.61,342.17,14.0,Cloudy
F0252,DFW,Branch_B,55.0,7,0,,66.01666666666667,1.54,104.75999999999999,377.73,,Sunny
F0253,LAX,Branch_E,31.0,5,4,565.3833333333333,80.125,4.0,99.81,,20.3,Cloudy
F0254,JFK,Branch_E,5.0,9,4,670.225,55.485,1.15,100.95,393.77,28.0,Rain
F0255,ATL,Branch_B,28.0,14,6,569.59,57.55,2.3200000000000003,105.93,498.34,7.9,Rain
F0256,LAX,Branch_B,13.0,10,6,553.61,91.04499999999999,1.53,101.64500000000001,483.21000000000004,6.2,Rain
F0257,DFW,Branch_D,32.0,8,6,548.6766666666666,26.85,3.7533333333333334,100.44,479.0333333333333,11.4,Clear
F0258,JFK,Branch_D,38.0,19,2,578.885,65.175,1.94,101.06,363.97,,Rain
F0259,LAX,Branch_A,46.0,5,3,540.45,77.56666666666666,1.4949999999999999,90.07,413.18,26.9,Cloudy
F0260,ORD,Branch_E,54.0,15,4,690.59,65.34,3.13,99.81,382.985,12.7,Clear
F0261,ATL,Branch_C,60.0,20,1,566.0033333333333,62.145,2.875,96.23333333333333,316.18,10.2,Rain
F0262,DFW,Branch_D,60.0,12,5,610.7566666666667,29.98,3.4299999999999997,100.685,454.77666666666664,9.0,Rain
F0263,LAX,Branch_D,14.0,23,0,570.6500000000001,49.04,2.566666666666667,95.50666666666666,387.645,17.0,Cloudy
F0264,DFW,Branch_C,52.0,9,5,546.9533333333334,28.98,2.02,99.45,452.6933333333333,10.0,Rain
F0265,DFW,Branch_C,49.0,1,4,579.8533333333334,66.16,1.21,94.86,326.78499999999997,20.4,Cloudy
F0266,ORD,Branch_D,28.0,17,5,574.0600000000001,84.28,1.605,95.995,512.8566666666667,13.2,Clear
F0267,LAX,Branch_D,42.0,11,1,543.37,57.805,3.64,100.56666666666666,431.92,29.8,Sunny
F0269,ATL,Branch_B,5.0,10,3,579.6866666666666,49.99333333333333,4.17,101.08,556.835,6.6,Storm
F0270,DFW,Branch_D,0.0,17,5,574.02,67.08,3.2099999999999995,100.85499999999999,452.18,15.5,Storm
F0272,DFW,Branch_E,41.0,10,0,677.68,88.78,2.15,100.14,496.815,20.6,Cloudy
F0273,ORD,Branch_D,44.0,4,4,616.04,57.03,2.893333333333333,103.17,477.78,17.2,Cloudy
F0274,DFW,Branch_C,53.0,8,4,634.9466666666667,52.45333333333334,3.03,101.17500000000001,341.55,20.2,Clear
F0276,ORD,Branch_B,54.0,3,5,518.96,59.464999999999996,2.315,98.25999999999999,529.935,29.8,Storm
F0277,JFK,Branch_D,22.0,3,0,526.4466666666667,71.12,2.57,98.33,502.065,26.4,Rain
F0278,LAX,Branch_C,21.0,3,1,624.5,78.06,2.08,99.58500000000001,405.655,17.3,Rain
F0280,ATL,Branch_D,49.0,2,5,691.78,75.425,3.033333333333333,101.54,389.575,11.1,Clear
F0281,ATL,Branch_E,57.0,15,6,641.39,78.42,2.86,101.12,490.885,,Cloudy
F0282,ATL,Branch_A,25.0,16,4,625.85,32.94,2.0866666666666664,99.26,400.51,11.6,Cloudy
F0283,JFK,Branch_B,53.0,10,4,528.7,49.13333333333333,0.78,102.02666666666666,572.15,18.4,Sunny
F0284,DFW,Branch_B,5.0,6,6,583.47,76.53999999999999,3.216666666666667,94.77,405.905,,Rain
F0285,JFK,Branch_C,39.0,14,1,695.02,64.46333333333332,2.3200000000000003,102.92500000000001,573.61,17.0,Clear
F0286,ORD,Branch_B,12.0,3,3,623.4449999999999,73.55,2.31,102.27,442.3966666666667,29.8,Rain
F0287,LAX,Branch_D,37.0,13,6,698.51,67.98333333333333,1.3533333333333333,95.21,464.1666666666667,18.6,Rain
F0288,ORD,Branch_B,51.0,5,4,623.41,93.59,1.995,100.36,416.31666666666666,20.7,Sunny
F0289,DFW,Branch_B,36.0,15,0,638.2249999999999,68.77666666666667,1.7,92.755,509.55,23.6,Rain
F0290,LAX,Branch_D,32.0,6,1,630.8066666666667,45.21333333333334,2.8266666666666667,102.96333333333332,446.39,9.4,Sunny
F0291,LAX,Branch_E,16.0,22,0,545.05,58.81333333333333,4.12,98.195,398.85,13.3,Clear
F0292,ATL,Branch_E,20.0,6,1,569.23,73.25,3.205,107.93333333333334,469.485,16.3,Sunny
F0293,JFK,Branch_C,33.0,1,3,634.4200000000001,69.63,2.915,96.83500000000001,339.51,7.2,Clear
F0294,DFW,Branch_C,53.0,22,0,666.65,77.825,4.46,104.42,384.16,12.2,Cloudy
F0295,JFK,Branch_E,23.0,19,5,,53.78,3.91,102.84666666666668,353.625,27.7,Rain
F0296,LAX,Branch_E,35.0,11,4,556.06,54.696666666666665,0.01,93.685,378.375,21.7,Rain
F0297,JFK,Branch_D,53.0,0,5,549.7533333333333,88.29,0.88,104.93,379.055,15.7,Storm
F0298,LAX,Branch_E,21.0,15,2,589.09,52.123333333333335,2.145,98.1,475.94499999999994,9.3,Clear
F0299,ATL,Branch_B,36.0,3,5,609.5466666666666,86.08,0.25,104.96666666666665,453.5,29.3,Cloudy
F0300,ATL,Branch_E,28.0,4,2,639.8133333333334,25.72,2.315,102.33500000000001,305.52,7.2,Clear
F0301,ORD,Branch_A,20.0,3,3,549.91,69.94333333333333,2.53,90.01,352.235,23.8,Rain
F0302,JFK,Branch_E,57.0,5,1,503.94,48.62,2.06,104.97666666666667,546.715,28.2,Clear
F0303,LAX,Branch_D,15.0,6,6,558.98,62.53666666666667,1.375,105.40666666666668,,13.5,Rain
F0304,ORD,Branch_E,17.0,13,4,616.235,86.945,4.84,90.31,513.935,20.7,Sunny
F0305,DFW,Branch_C,18.0,22,0,598.45,36.89,3.31,106.77,456.555,23.0,Clear
F0307,ORD,Branch_B,52.0,23,6,611.63,81.89,2.95,104.64,459.3233333333333,26.2,Storm
F0308,ORD,Branch_C,27.0,0,5,561.02,42.085,1.54,97.41,414.4533333333334,16.1,Storm
F0309,LAX,Branch_E,54.0,3,3,624.265,32.86,2.0233333333333334,98.07333333333334,389.3833333333334,26.9,Cloudy
F0310,DFW,Branch_A,51.0,23,5,589.36,37.68,3.78,102.14333333333333,324.22,26.2,Storm
F0312,ORD,Branch_C,59.0,11,5,596.71,43.06,0.66,93.28,499.23,5.8,Clear
F0313,LAX,Branch_E,32.0,4,2,638.265,43.67,4.3933333333333335,96.31,470.96000000000004,16.5,Cloudy
F0314,ATL,Branch_E,28.0,12,4,590.21,68.13333333333334,0.57,94.925,445.51,23.4,Clear
F0315,ORD,Branch_D,36.0,13,2,558.3466666666667,49.695,3.58,99.33,428.48,6.9,Cloudy
F0316,DFW,Branch_A,17.0,15,6,600.74,76.66,2.18,99.03999999999999,484.51,21.0,Clear
F0317,ATL,Branch_B,12.0,2,2,577.1,45.99333333333334,3.815,97.8,512.3733333333333,16.8,Sunny
F0318,JFK,Branch_D,1.0,2,5,569.14,30.9,2.1,94.22,459.44,7.2,Clear
F0319,ORD,Branch_D,17.0,16,6,560.7233333333334,60.583333333333336,4.78,101.745,424.66,22.4,Cloudy
F0320,LAX,Branch_A,15.0,19,0,657.74,55.48,4.34,108.17,493.96000000000004,6.3,Storm
F0321,DFW,Branch_E,57.0,0,3,627.7766666666666,94.09,1.99,98.55,483.635,,Cloudy
F0322,JFK,Branch_C,51.0,13,2,668.73,73.1,1.6033333333333335,96.05666666666667,571.27,17.2,Sunny
F0323,LAX,Branch_D,4.0,13,3,657.6,44.60333333333333,4.155,100.80000000000001,436.63,24.0,Storm
F0324,LAX,Branch_D,18.0,10,1,554.71,84.41,1.8499999999999999,99.845,355.92,22.3,Clear
F0325,JFK,Branch_A,60.0,8,4,515.43,65.59,4.5,94.52666666666666,534.1999999999999,5.1,Rain
F0326,ORD,Branch_E,40.0,1,6,547.135,80.92,3.6300000000000003,108.12,535.5,27.3,Sunny
F0327,ATL,Branch_E,7.0,11,2,625.0166666666667,53.795,1.665,99.795,440.41333333333336,11.5,Cloudy
F0328,LAX,Branch_C,13.0,20,5,678.1,39.98,3.7999999999999994,106.25,466.03,14.2,Storm
F0329,ORD,Branch_A,34.0,6,5,658.56,65.2,3.47,102.87333333333333,527.91,6.9,Storm
F0330,ORD,Branch_E,35.0,13,0,612.1999999999999,29.19,0.88,96.5,303.39,26.0,Rain
F0332,LAX,Branch_A,59.0,15,6,600.56,98.93,3.4450000000000003,100.93,428.73,21.7,Sunny
F0333,LAX,Branch_C,30.0,22,5,556.2766666666666,50.7,1.105,106.44,571.49,26.6,Sunny
F0334,ATL,Branch_A,6.0,19,0,574.7750000000001,52.76666666666667,2.466666666666667,103.99666666666667,446.72666666666663,6.5,Storm
F0335,LAX,Branch_B,12.0,3,1,595.925,50.53,0.36,103.02000000000001,434.40000000000003,25.4,Rain
F0336,ATL,Branch_C,45.0,14,4,602.95,36.54,2.6633333333333336,93.9,,29.2,Clear
F0337,ATL,Branch_D,21.0,4,6,603.6233333333333,94.56,2.766666666666667,98.50333333333333,584.6,29.9,Cloudy
F0338,ORD,Branch_D,26.0,20,3,542.61,69.66,1.79,92.52,509.915,25.9,Sunny
F0339,JFK,Branch_B,4.0,11,3,574.855,77.88,2.8699999999999997,99.17,539.45,23.8,Storm
F0342,JFK,Branch_D,28.0,6,0,537.06,74.22,2.0866666666666664,103.70500000000001,571.94,21.6,Sunny
F0343,LAX,Branch_A,41.0,20,5,598.5366666666667,48.47,2.78,97.85,469.515,11.0,Sunny
F0344,ORD,Branch_D,46.0,13,0,687.83,61.105,1.9,99.42,582.76,6.1,Sunny
F0345,ORD,Branch_A,27.0,2,1,549.9,72.96,4.22,99.32499999999999,413.0,18.9,Cloudy
F0346,LAX,Branch_C,14.0,18,2,529.4833333333333,54.84,3.24,99.38333333333333,517.6999999999999,16.3,Sunny
F0347,LAX,Branch_C,46.0,14,0,518.11,51.20666666666667,3.36,102.14,334.59666666666664,8.0,Rain
F0348,ATL,Branch_B,47.0,9,0,587.94,50.144999999999996,1.3,101.36,536.41,19.5,Storm
F0349,LAX,Branch_D,29.0,4,2,597.3366666666667,65.74,0.48,100.77000000000001,484.72666666666663,17.4,Storm
F0350,JFK,Branch_C,29.0,12,6,656.49,81.115,1.12,99.005,396.525,17.2,Rain
F0351,ORD,Branch_B,34.0,5,2,680.62,39.2,2.94,,454.36,28.9,Cloudy
F0352,DFW,Branch_B,9.0,3,1,526.335,59.56,3.61,100.77,425.25,28.2,Clear
F0353,LAX,Branch_C,43.0,17,1,638.8000000000001,95.45333333333333,2.1933333333333334,98.6,458.45,22.0,Cloudy
F0354,ATL,Branch_A,38.0,14,3,598.81,87.15,2.29,93.27,434.78999999999996,11.7,Clear
F0355,JFK,Branch_C,1.0,18,2,545.895,62.21,1.0266666666666666,96.39666666666666,405.02,8.8,Clear
F0356,LAX,Branch_C,21.0,9,2,578.3199999999999,94.03,2.47,95.43,501.54,18.7,Cloudy
F0357,DFW,Branch_C,20.0,1,1,585.62,82.38,4.47,92.41,,18.5,Clear
F0358,LAX,Branch_C,12.0,13,1,597.51,64.96,4.18,100.17500000000001,524.8066666666667,27.3,Sunny
F0359,JFK,Branch_C,42.0,9,1,636.3299999999999,54.68000000000001,4.77,105.38333333333333,526.32,13.8,Rain
F0360,DFW,Branch_E,31.0,13,5,567.67,41.79,2.49,107.08,369.62,5.7,Sunny
F0361,DFW,Branch_A,56.0,22,0,613.88,77.25,2.78,98.38499999999999,451.43666666666667,20.6,Clear
F0362,ORD,Branch_B,31.0,19,0,664.7566666666667,30.82,2.83,100.60499999999999,563.29,24.6,Rain
F0363,ATL,Branch_A,55.0,20,4,529.46,63.36000000000001,4.8100000000000005,91.68,584.22,27.7,Storm
F0364,DFW,Branch_A,55.0,5,3,548.395,85.31,1.59,96.61,537.37,19.9,Clear
F0365,ORD,Branch_E,7.0,1,2,595.665,81.575,4.185,97.44333333333333,457.03999999999996,28.5,Cloudy
F0366,DFW,Branch_D,44.0,23,4,604.2733333333334,46.91,3.81,100.01666666666667,563.9,23.5,Storm
F0367,JFK,Branch_E,28.0,11,4,585.4966666666667,62.07,1.37,93.16,404.96000000000004,17.6,Storm
F0368,JFK,Branch_A,16.0,9,6,534.94,76.73333333333333,0.985,105.99,449.075,10.9,Sunny
F0369,ORD,Branch_B,2.0,10,6,577.825,63.69,2.32,103.595,434.48,23.7,Cloudy
F0370,LAX,Branch_A,48.0,2,3,612.56,68.32,2.48,106.51,590.19,25.8,Rain
F0371,ATL,Branch_E,37.0,2,1,562.2866666666666,49.29666666666666,4.62,102.985,488.505,9.1,Rain
F0372,DFW,Branch_A,16.0,0,6,666.28,80.37,1.64,103.72999999999999,525.59,5.2,Cloudy
F0373,ORD,Branch_B,54.0,10,4,584.045,54.824999999999996,0.875,94.64,502.66,9.9,Cloudy
F0374,DFW,Branch_E,7.0,7,0,674.15,72.78,3.09,95.79333333333334,486.68,9.3,Sunny
F0375,DFW,Branch_A,38.0,3,3,586.76,38.235,3.186666666666667,101.81333333333333,412.58500000000004,19.7,Rain
F0376,ATL,Branch_A,8.0,11,0,549.515,38.24,2.27,99.71000000000001,424.565,10.0,Sunny
F0377,ORD,Branch_D,0.0,6,0,599.3000000000001,,4.325,109.16,374.44,20.7,Cloudy
F0378,DFW,Branch_B,60.0,14,3,577.61,56.97,3.0399999999999996,105.06,446.69,19.0,Clear
F0379,JFK,Branch_B,18.0,8,1,606.6,61.61666666666667,1.8649999999999998,99.805,331.39,5.9,Sunny
F0380,ATL,Branch_E,60.0,19,5,688.79,54.904999999999994,2.0900000000000003,107.33,547.87,28.4,Sunny
F0381,ATL,Branch_C,51.0,17,5,596.71,25.7,2.22,104.07000000000001,438.5333333333333,11.6,Cloudy
F0382,LAX,Branch_C,24.0,11,6,663.895,81.69,3.2399999999999998,106.13,526.77,9.6,Storm
F0384,ATL,Branch_A,44.0,4,5,597.95,63.045,3.74,103.20333333333333,474.32,18.7,Cloudy
F0385,ORD,Branch_D,47.0,0,3,608.3,46.373333333333335,2.4099999999999997,98.81666666666666,462.25,19.7,Rain
F0386,DFW,Branch_B,37.0,14,1,686.01,40.21,0.48,103.725,370.37,24.8,Cloudy
F0388,DFW,Branch_E,19.0,23,3,511.88,62.975,3.27,100.24000000000001,588.1,17.5,Clear
F0389,DFW,Branch_C,12.0,14,4,596.8733333333333,87.42,3.77,104.24000000000001,510.10999999999996,5.3,Sunny
F0390,JFK,Branch_E,14.0,23,6,640.8933333333333,77.54666666666667,2.895,102.29,427.15500000000003,17.0,Clear
F0391,ATL,Branch_D,39.0,1,5,621.12,42.803333333333335,4.19,99.74666666666667,499.19,7.9,Storm
F0392,LAX,Branch_B,9.0,6,6,615.0450000000001,94.13,2.3266666666666667,98.66333333333334,511.5033333333333,15.2,Sunny
F0393,ORD,Branch_D,34.0,5,4,637.84,31.535,4.51,100.52,508.0366666666667,18.2,Sunny
F0395,DFW,Branch_A,29.0,0,2,610.8666666666667,62.406666666666666,1.95,101.84,491.4433333333333,27.1,Storm
F0396,LAX,Branch_B,49.0,1,4,584.1733333333333,92.88,2.5549999999999997,105.77000000000001,380.56,18.1,Sunny
F0397,JFK,Branch_D,44.0,15,5,641.92,91.06,2.94,101.05,440.42999999999995,7.2,Clear
F0398,DFW,Branch_E,54.0,7,0,616.8066666666667,36.285,2.3466666666666667,101.93,364.755,24.0,Sunny
F0399,ORD,Branch_C,11.0,4,4,620.58,49.855000000000004,3.04,101.73,,27.7,Sunny
F0400,JFK,Branch_E,31.0,1,1,631.55,52.585,4.17,,540.0799999999999,27.8,Clear
F0401,DFW,Branch_A,10.0,2,6,591.4333333333333,34.96,1.79,99.97666666666667,545.5999999999999,10.4,Sunny
F0402,DFW,Branch_E,47.0,9,3,586.95,44.02,4.08,97.54333333333334,530.4300000000001,18.4,Rain
F0403,DFW,Branch_B,13.0,19,0,543.1,20.41,3.055,108.85,512.415,7.3,Clear
F0404,JFK,Branch_D,18.0,8,4,658.14,57.61,2.8600000000000003,102.475,483.80499999999995,13.2,Sunny
F0405,DFW,Branch_B,24.0,11,6,517.6166666666667,86.3,2.433333333333333,100.95,451.38,5.8,Clear
F0406,DFW,Branch_E,15.0,2,4,582.74,44.11,3.47,97.84,480.67,13.6,Sunny
F0407,LAX,Branch_A,33.0,11,5,608.335,58.910000000000004,1.285,100.95,531.39,7.1,Sunny
F0408,DFW,Branch_D,10.0,14,4,603.34,22.72,2.4733333333333336,97.555,454.81,14.1,Storm
F0409,ATL,Branch_C,31.0,13,4,560.515,70.62333333333333,2.45,109.3,378.03,17.0,Sunny
F0411,ATL,Branch_B,9.0,12,1,611.2149999999999,42.45,2.5700000000000003,101.7,549.7049999999999,21.7,Rain
F0412,ATL,Branch_E,22.0,21,4,551.9,59.01333333333333,2.91,100.28666666666668,587.12,29.2,Clear
F0413,LAX,Branch_E,44.0,2,1,549.61,66.02666666666667,2.505,105.64500000000001,590.02,16.4,Rain
F0414,DFW,Branch_E,50.0,13,6,578.81,64.28666666666668,3.9766666666666666,98.875,320.65,13.4,Rain
F0415,JFK,Branch_E,21.0,8,1,621.7199999999999,91.61,3.03,105.44,495.365,5.6,Storm
F0416,ORD,Branch_C,4.0,6,2,594.7533333333333,89.84,3.81,101.09,440.0133333333333,,Sunny
F0417,JFK,Branch_C,27.0,20,5,523.945,35.0,1.4766666666666666,103.58333333333333,501.99,13.6,Cloudy
F0418,LAX,Branch_A,31.0,20,0,655.2,50.73333333333333,2.0933333333333333,98.73,534.7033333333334,9.2,Clear
F0420,LAX,Branch_A,39.0,6,1,515.75,85.36,2.6833333333333336,103.87,355.03499999999997,23.9,Sunny
F0421,DFW,Branch_E,57.0,3,5,645.47,37.39,2.7533333333333334,100.06666666666666,386.63,28.4,Cloudy
F0422,JFK,Branch_C,10.0,22,4,638.6133333333333,61.08,4.86,104.325,396.8833333333334,9.3,Cloudy
F0423,DFW,Branch_E,43.0,7,4,519.13,26.27,1.82,107.39999999999999,367.79,6.2,Rain
F0424,LAX,Branch_E,13.0,13,5,588.75,64.32666666666667,0.84,105.395,360.69,6.4,Rain
F0425,ORD,Branch_C,35.0,11,6,612.65,45.65,1.42,108.04,469.8,,Cloudy
F0426,ORD,Branch_E,28.0,13,2,659.01,88.75,2.815,98.32,449.885,11.3,Cloudy
F0427,ORD,Branch_E,35.0,13,6,562.36,84.55000000000001,3.205,98.79666666666667,345.12,8.1,Storm
F0428,ATL,Branch_E,50.0,0,6,556.815,75.725,0.655,95.16,430.015,24.3,Rain
F0429,LAX,Branch_D,7.0,9,2,595.7433333333333,62.12,2.43,93.41666666666667,417.15999999999997,22.3,Clear
F0430,ATL,Branch_B,2.0,21,5,611.02,62.73,2.08,107.21,596.13,19.7,Sunny
F0431,ATL,Branch_A,60.0,10,0,637.48,39.91,1.383333333333333,100.14999999999999,533.29,24.6,Clear
F0432,ORD,Branch_B,28.0,5,2,681.74,68.81,2.74,,351.57,15.8,Storm
F0433,ORD,Branch_E,21.0,21,2,598.06,96.7,4.705,102.87333333333333,431.40500000000003,21.9,Clear
F0434,ATL,Branch_A,14.0,6,0,504.02,78.62666666666667,2.31,105.63,488.79,,Rain
F0435,JFK,Branch_B,23.0,10,6,584.845,29.14,3.48,106.83,391.255,18.3,Storm
F0436,ORD,Branch_C,24.0,17,3,642.48,59.205,3.57,101.82666666666667,552.47,8.2,Clear
F0437,ORD,Branch_B,11.0,19,0,607.7199999999999,57.31333333333333,3.93,108.48,570.6800000000001,12.6,Storm
F0439,LAX,Branch_B,49.0,13,6,553.02,60.875,1.7766666666666666,100.09,508.445,9.2,Clear
F0440,LAX,Branch_A,32.0,6,2,637.5733333333334,50.553333333333335,0.53,95.53,444.96,15.6,Sunny
F0441,LAX,Branch_D,38.0,2,3,696.2,61.01666666666667,4.19,108.13,362.48,25.8,Rain
F0442,ATL,Branch_E,29.0,17,2,580.96,41.05,0.55,105.56,410.58,,Clear
F0443,ATL,Branch_E,4.0,1,3,576.26,63.56333333333333,1.945,95.04,468.58,27.5,Storm
F0444,ATL,Branch_A,13.0,18,5,656.3,64.235,1.82,108.06,463.90000000000003,5.0,Sunny
F0445,JFK,Branch_B,11.0,2,5,586.825,39.65,0.25,103.08,596.74,24.5,Cloudy
F0446,ORD,Branch_B,2.0,12,4,692.3,22.66,1.9533333333333331,99.53,387.2266666666667,20.9,Clear
F0447,JFK,Branch_B,50.0,16,0,638.185,38.95666666666667,0.14,101.96666666666665,499.28,6.2,Sunny
F0448,ATL,Branch_A,40.0,2,6,686.8299999999999,46.99666666666667,0.46,104.16333333333334,384.08,19.3,Storm
F0449,JFK,Branch_C,54.0,19,2,529.44,54.78,1.14,90.64,484.75333333333333,9.4,Cloudy
F0450,ATL,Branch_C,33.0,18,2,595.72,84.44,2.25,98.64,381.2033333333333,21.6,Sunny
F0451,ATL,Branch_A,31.0,2,2,605.0766666666667,87.72,1.5933333333333335,107.63666666666666,470.44,22.7,Sunny
F0453,ORD,Branch_E,52.0,13,2,622.5699999999999,60.63,2.97,97.04,454.11,28.9,Cloudy
F0454,DFW,Branch_B,3.0,12,1,667.2249999999999,73.37,0.71,100.175,385.155,6.6,Storm
F0456,ATL,Branch_D,1.0,18,0,582.5066666666667,45.24666666666667,3.87,98.06666666666666,449.0133333333333,18.0,Clear
F0457,DFW,Branch_C,13.0,20,5,613.6700000000001,29.99,0.51,100.51,324.25,9.0,Rain
F0458,DFW,Branch_D,16.0,18,0,641.04,62.879999999999995,2.98,97.39,555.64,28.1,Storm
F0459,JFK,Branch_A,42.0,3,6,610.655,51.52666666666667,2.5,101.28,551.685,16.5,Rain
F0460,LAX,Branch_C,36.0,16,1,604.7650000000001,74.02,1.48,94.075,340.86,7.5,Rain
F0461,ATL,Branch_C,2.0,9,3,608.98,32.38666666666666,0.99,97.95333333333333,419.18333333333334,21.4,Cloudy
F0462,LAX,Branch_C,50.0,18,1,622.605,90.755,1.865,100.32499999999999,466.825,16.4,Rain
F0463,ATL,Branch_C,28.0,3,0,636.2666666666668,39.41,4.55,104.92,562.25,23.6,Clear
F0464,ATL,Branch_B,18.0,19,3,662.96,74.5,1.62,100.82499999999999,398.1566666666667,17.4,Sunny
F0466,DFW,Branch_B,2.0,3,5,599.9433333333333,29.97,2.29,92.32,483.44,25.8,Sunny
F0467,LAX,Branch_B,35.0,10,4,650.1,75.71,2.425,105.39,,17.1,Clear
F0468,ORD,Branch_E,30.0,11,4,576.8399999999999,58.825,1.63,97.05333333333333,425.8666666666666,29.2,Storm
F0469,LAX,Branch_C,7.0,7,0,504.145,39.68666666666667,1.8099999999999998,107.18,412.26,22.1,Sunny
F0470,ATL,Branch_D,21.0,0,1,656.82,72.155,2.2399999999999998,100.68,341.68,10.7,Storm
F0471,JFK,Branch_C,40.0,11,2,590.55,66.33,2.0933333333333333,101.18,323.795,27.0,Rain
F0472,JFK,Branch_A,27.0,11,5,639.95,56.459999999999994,1.09,99.44666666666667,400.25,12.3,Sunny
F0473,LAX,Branch_B,23.0,3,2,537.17,76.78666666666668,4.32,106.41499999999999,511.985,10.1,Cloudy
F0474,LAX,Branch_E,16.0,17,3,528.25,63.03,3.0566666666666666,96.855,421.06,10.3,Sunny
F0475,ATL,Branch_C,30.0,11,1,609.64,64.36666666666666,2.9333333333333336,104.15,553.4,9.0,Cloudy
F0477,ATL,Branch_D,8.0,15,5,584.0266666666666,54.55,1.9266666666666667,92.24,433.045,12.6,Rain
F0478,LAX,Branch_A,57.0,16,6,606.84,52.59,3.01,100.11,432.23333333333335,15.1,Rain
F0480,ATL,Branch_E,46.0,12,2,608.1433333333333,78.225,3.165,93.76,412.0833333333333,,Clear
F0481,ATL,Branch_A,21.0,3,0,558.46,80.34,3.54,99.66000000000001,434.07,18.3,Storm
F0482,ORD,Branch_A,5.0,9,0,528.75,31.44,4.29,94.03999999999999,406.3733333333333,29.4,Clear
F0483,DFW,Branch_B,17.0,9,1,649.685,44.74666666666667,2.52,100.675,436.93666666666667,11.2,Clear
F0484,DFW,Branch_D,15.0,11,5,650.28,46.795,3.63,93.6,422.14,26.2,Storm
F0485,LAX,Branch_E,6.0,1,2,533.1949999999999,60.625,1.6,99.9,426.64,22.1,Cloudy
F0486,JFK,Branch_B,34.0,4,3,585.005,50.74,2.805,105.36333333333334,440.505,23.9,Rain
F0487,DFW,Branch_D,46.0,6,3,607.525,57.25,2.2733333333333334,91.5,338.78,26.8,Clear
F0488,DFW,Branch_A,39.0,20,2,549.35,82.0,3.005,92.97,523.07,23.5,Rain
F0489,ORD,Branch_D,37.0,0,2,625.81,51.053333333333335,3.0366666666666666,101.31,351.74,11.3,Cloudy
F0490,ORD,Branch_A,42.0,3,6,619.5166666666668,61.44,2.045,104.10333333333334,,23.9,Clear
F0491,JFK,Branch_B,56.0,1,2,644.08,79.44,3.23,101.08666666666666,495.97,26.0,Rain
F0492,JFK,Branch_D,13.0,4,0,616.7633333333333,47.925,2.67,101.4,396.67333333333335,17.1,Cloudy
F0493,JFK,Branch_B,26.0,0,6,559.82,50.54,1.58,95.89,440.36,16.5,Rain
F0494,LAX,Branch_E,14.0,14,5,566.3966666666666,57.970000000000006,3.69,101.25,538.9599999999999,21.6,Clear
F0495,DFW,Branch_E,40.0,22,0,531.2366666666667,75.54,3.3600000000000003,97.33999999999999,522.02,21.1,Clear
F0496,DFW,Branch_B,52.0,21,5,529.36,93.16,2.8099999999999996,97.05666666666666,377.16499999999996,29.9,Cloudy
F0497,LAX,Branch_D,35.0,23,2,616.7666666666667,81.58,3.365,96.875,503.07500000000005,10.1,Cloudy
F0498,ORD,Branch_A,9.0,22,0,677.8966666666666,75.525,1.24,101.06,565.9849999999999,12.6,Storm
F0499,DFW,Branch_A,5.0,17,3,575.1999999999999,37.02,2.526666666666667,101.69333333333333,482.49333333333334,26.0,Cloudy
F0500,DFW,Branch_A,55.0,12,1,,84.58500000000001,2.546666666666667,101.87,524.9,23.8,Storm
F0501,LAX,Branch_A,30.0,2,4,567.43,71.85666666666667,2.37,100.61,484.50666666666666,16.8,Storm
F0502,ORD,Branch_A,18.0,23,3,603.18,59.166666666666664,0.95,97.3,443.925,25.5,Sunny
F0503,ORD,Branch_C,31.0,11,6,595.12,59.63666666666666,3.87,94.73333333333333,598.01,15.2,Clear
F0505,ATL,Branch_B,45.0,20,1,629.22,70.94333333333333,3.96,95.945,395.82000000000005,11.2,Storm
F0506,JFK,Branch_C,35.0,3,1,617.36,42.7,2.29,104.11,505.74,23.0,Cloudy
F0507,DFW,Branch_E,13.0,21,4,660.76,54.19333333333333,2.7399999999999998,101.65,347.71000000000004,9.5,Sunny
F0508,ATL,Branch_B,34.0,6,5,606.6700000000001,22.685000000000002,2.325,104.475,457.84999999999997,17.6,Clear
F0509,ORD,Branch_E,16.0,23,5,583.69,64.06,1.63,95.285,500.5,28.1,Sunny
F0510,LAX,Branch_D,26.0,2,0,545.6833333333333,,,102.7,431.03999999999996,6.1,Rain
F0511,DFW,Branch_A,15.0,5,5,578.235,,2.29,100.64,461.5933333333333,5.6,Rain
F0512,ORD,Branch_C,33.0,21,5,605.9533333333334,78.03,1.8099999999999998,,472.70666666666665,12.8,Clear
F0513,ORD,Branch_D,51.0,5,5,678.62,26.28,2.3533333333333335,97.8,462.95000000000005,29.8,Storm
F0514,ORD,Branch_C,29.0,22,1,631.4066666666666,70.82666666666667,1.82,106.69666666666667,,10.3,Rain
F0515,ATL,Branch_D,57.0,8,2,621.1366666666667,85.00999999999999,2.7600000000000002,98.53333333333335,372.07,29.4,Sunny
F0516,LAX,Branch_B,58.0,9,2,576.71,47.65333333333333,3.78,101.86666666666667,489.53000000000003,16.3,Sunny
F0517,LAX,Branch_D,32.0,6,1,546.98,68.23666666666668,4.9399999999999995,97.86500000000001,444.025,12.1,Clear
F0518,ATL,Branch_B,56.0,10,5,641.2566666666667,32.935,3.35,,361.12,11.8,Clear
F0520,ATL,Branch_A,3.0,7,0,546.66,26.94666666666667,3.52,98.12666666666667,316.97,13.4,Clear
F0521,JFK,Branch_B,52.0,7,2,622.54,51.3,0.86,94.5,439.065,9.4,Rain
F0522,ORD,Branch_A,2.0,15,5,625.7750000000001,21.96,2.43,104.53666666666668,355.545,18.2,Cloudy
F0523,ORD,Branch_D,40.0,22,3,549.77,81.52,1.785,106.74666666666667,470.91499999999996,15.8,Rain
F0524,DFW,Branch_A,35.0,20,3,589.83,41.63,0.92,109.9,515.565,17.5,Clear
F0525,ATL,Branch_E,52.0,0,1,559.71,61.35,1.9400000000000002,99.68333333333334,436.22333333333336,18.9,Clear
F0526,DFW,Branch_D,31.0,19,2,579.0633333333334,57.56,3.6266666666666665,,387.555,11.9,Sunny
F0527,DFW,Branch_D,7.0,0,6,675.72,45.28,1.86,109.49,401.46,6.2,Storm
F0528,DFW,Branch_A,42.0,21,0,634.8366666666667,54.51,0.66,103.12,456.1166666666666,10.8,Clear
F0529,DFW,Branch_E,4.0,6,6,635.95,56.45,2.665,99.65,506.78,27.7,Sunny
F0530,JFK,Branch_C,4.0,19,6,650.37,48.04,3.5666666666666664,95.70500000000001,402.0466666666666,25.3,Clear
F0533,JFK,Branch_B,12.0,20,5,522.92,49.913333333333334,3.08,92.17,562.48,8.4,Sunny
F0534,DFW,Branch_B,55.0,15,2,553.3,67.11,1.89,103.15,368.78499999999997,16.8,Rain
F0535,ATL,Branch_C,58.0,15,5,646.6533333333333,36.15,1.795,107.24333333333334,369.51,13.3,Storm
F0536,LAX,Branch_D,56.0,18,4,612.145,48.13,2.95,98.55,377.93,,Cloudy
F0537,ATL,Branch_B,39.0,20,3,632.8633333333333,72.07,0.1,102.43,329.41,27.5,Storm
F0538,LAX,Branch_B,27.0,3,4,656.6133333333333,46.345,4.706666666666667,95.27666666666666,461.65,21.1,Cloudy
F0539,JFK,Branch_E,37.0,16,4,616.78,67.73,2.01,96.995,474.3,18.2,Clear
F0540,DFW,Branch_B,59.0,17,1,612.28,42.71,1.895,97.79499999999999,323.97,9.5,Clear
F0541,LAX,Branch_E,53.0,6,2,665.9449999999999,31.94,2.92,101.65333333333332,300.44,17.5,Cloudy
F0542,JFK,Branch_C,53.0,13,2,650.4133333333333,31.79,3.2100000000000004,94.86500000000001,448.35,7.0,Cloudy
F0543,DFW,Branch_B,41.0,18,3,533.865,65.36,3.55,96.19333333333333,466.9,11.1,Storm
F0544,JFK,Branch_A,20.0,23,6,587.77,99.21,2.4850000000000003,100.74000000000001,465.53499999999997,9.2,Clear
F0545,JFK,Branch_E,57.0,1,6,609.15,33.78,1.435,93.54,410.265,15.6,Storm
F0546,ATL,Branch_E,46.0,4,0,555.255,97.44,3.0933333333333333,101.29666666666667,488.82666666666665,18.4,Cloudy
F0547,JFK,Branch_B,48.0,9,4,675.03,28.115000000000002,1.495,101.505,339.235,13.6,Clear
F0548,ORD,Branch_D,11.0,21,5,689.02,60.614999999999995,2.29,94.25,365.08,11.4,Rain
F0549,ATL,Branch_E,23.0,4,0,576.3366666666667,69.52333333333333,1.485,102.72,326.64,16.1,Storm
F0551,DFW,Branch_B,54.0,0,3,663.6,49.605,2.97,97.46000000000001,449.125,26.8,Clear
F0552,ORD,Branch_A,22.0,20,2,677.36,29.72,1.52,94.12,388.655,20.3,Storm
F0553,JFK,Branch_D,58.0,3,4,635.34,87.815,3.186666666666667,92.76,420.45,17.7,Cloudy
F0555,ORD,Branch_B,7.0,22,4,545.27,28.81,0.81,105.01499999999999,355.005,26.3,Cloudy
F0556,JFK,Branch_C,44.0,17,0,596.2766666666666,93.12,2.733333333333333,91.43,437.83500000000004,5.2,Storm
F0557,LAX,Branch_A,60.0,9,2,582.6166666666667,67.15,2.235,,530.605,13.9,Storm
F0558,DFW,Branch_D,0.0,21,2,606.1366666666667,70.18,2.455,98.51333333333332,385.755,16.2,Clear
F0559,ORD,Branch_D,0.0,17,0,641.1,90.22,2.0533333333333332,100.24,458.075,7.9,Cloudy
F0560,JFK,Branch_C,58.0,17,4,569.67,55.754999999999995,1.165,104.07,318.16499999999996,29.3,Rain
F0563,LAX,Branch_C,59.0,10,6,576.4766666666666,84.77,2.6433333333333335,106.32,356.18,7.3,Clear
F0564,JFK,Branch_B,4.0,15,5,592.675,54.23333333333333,2.04,98.17,446.59,8.6,Cloudy
F0565,DFW,Branch_C,4.0,11,6,559.575,46.9,3.12,107.32,400.9,5.8,Clear
F0567,JFK,Branch_E,56.0,19,1,682.09,58.84,1.49,107.54,326.87,18.6,Cloudy
F0568,ATL,Branch_D,37.0,20,2,612.755,58.45666666666667,3.32,102.73,500.01000000000005,18.5,Storm
F0569,ORD,Branch_C,9.0,2,5,649.8299999999999,67.04,2.3433333333333333,98.33,400.33500000000004,23.0,Storm
F0571,DFW,Branch_C,4.0,5,4,502.93,71.43,3.91,,390.28499999999997,25.1,Sunny
F0572,ORD,Branch_B,55.0,18,5,635.63,57.053333333333335,0.42,94.525,411.74666666666667,28.7,Sunny
F0573,DFW,Branch_E,24.0,15,1,518.0550000000001,59.725,2.643333333333333,103.06666666666666,520.785,12.3,Clear
F0574,ATL,Branch_D,18.0,9,1,588.98,76.595,2.736666666666667,98.27000000000001,336.87,12.6,Rain
F0575,LAX,Branch_A,8.0,13,6,598.8166666666667,62.82,1.7349999999999999,96.12,495.83666666666664,29.2,Rain
F0576,DFW,Branch_C,9.0,5,6,606.24,42.25,2.686666666666666,97.75,445.2,6.2,Storm
F0577,LAX,Branch_B,13.0,2,5,620.2433333333333,75.72,2.43,98.57,504.78999999999996,5.5,Cloudy
F0578,ATL,Branch_E,36.0,6,3,596.6700000000001,46.93,3.35,103.79,366.45,27.9,Storm
F0579,ORD,Branch_A,16.0,16,6,571.68,54.03666666666667,2.97,100.39666666666666,503.44,15.2,Clear
F0580,LAX,Branch_E,7.0,21,4,648.31,64.32,1.485,96.12,408.6933333333333,17.4,Sunny
F0581,ATL,Branch_B,22.0,4,2,589.8733333333333,98.53,1.2833333333333334,100.13333333333333,421.3766666666666,28.1,Clear
F0582,LAX,Branch_E,7.0,23,2,566.52,78.63,4.58,99.18,370.54,25.3,Cloudy
F0583,JFK,Branch_C,0.0,9,6,618.5533333333334,73.25999999999999,3.65,96.83,404.87,14.4,Cloudy
F0584,ATL,Branch_D,41.0,20,6,606.94,54.175,2.3049999999999997,99.96000000000001,384.4,10.1,Storm
F0585,ATL,Branch_D,23.0,20,1,645.775,61.173333333333325,2.94,100.11500000000001,375.755,12.6,Rain
F0586,ATL,Branch_A,5.0,19,0,624.01,78.66,4.99,91.23,468.885,25.2,Rain
F0587,LAX,Branch_E,21.0,16,5,502.24,99.41,1.5733333333333333,108.45,409.84999999999997,10.7,Cloudy
F0589,LAX,Branch_E,42.0,18,3,589.4866666666667,38.265,2.165,90.35,568.4000000000001,21.2,Cloudy
F0590,JFK,Branch_A,37.0,23,0,635.86,62.745000000000005,0.62,93.66,422.87999999999994,7.7,Clear
F0591,ORD,Branch_E,53.0,21,2,627.3299999999999,52.75,2.65,100.71000000000001,437.40000000000003,17.8,Rain
F0592,LAX,Branch_D,8.0,13,4,511.71500000000003,59.28,0.05,100.47999999999999,390.75,12.2,Clear
F0593,ORD,Branch_D,44.0,18,3,536.03,55.41,4.53,96.805,391.31,16.5,Storm
F0594,ORD,Branch_B,31.0,6,4,659.63,66.09,2.17,98.14,425.1033333333333,5.4,Clear
F0595,JFK,Branch_B,3.0,9,4,669.0699999999999,76.505,3.16,,361.6566666666667,16.4,Storm
F0596,ORD,Branch_D,6.0,2,3,594.2533333333334,,4.365,100.82,507.3966666666667,29.8,Sunny
F0597,ATL,Branch_D,46.0,1,2,619.0600000000001,82.89,2.965,108.17,499.77,21.2,Cloudy
F0598,ORD,Branch_B,58.0,4,2,639.4266666666666,56.99333333333333,3.76,101.6,595.18,28.5,Cloudy
F0599,JFK,Branch_C,31.0,2,1,591.79,54.42,2.296666666666667,104.67500000000001,473.14,22.1,Sunny
F0600,LAX,Branch_C,25.0,0,4,565.115,90.31,2.02,93.41499999999999,576.6966666666667,14.7,Cloudy
F0601,JFK,Branch_D,30.0,22,4,666.73,44.175,3.1999999999999997,101.04666666666667,538.82,13.7,Sunny
F0602,LAX,Branch_D,29.0,20,2,559.84,42.07,4.62,103.96,476.78499999999997,6.1,Sunny
F0603,ATL,Branch_A,18.0,12,4,634.44,84.625,3.03,103.59333333333332,527.395,7.9,Cloudy
F0604,ATL,Branch_A,21.0,5,3,598.1099999999999,50.85333333333333,3.0666666666666664,105.52,462.9,17.6,Rain
F0605,JFK,Branch_D,8.0,2,2,549.585,40.35,0.49,103.09,486.62,8.9,Storm
F0606,JFK,Branch_D,14.0,10,3,606.52,59.35,1.585,101.19,514.875,6.9,Clear
F0607,JFK,Branch_E,37.0,22,6,661.59,61.41,1.79,99.33666666666666,333.16,9.3,Rain
F0608,JFK,Branch_B,13.0,16,1,653.69,68.26666666666667,3.8166666666666664,107.57,490.92,20.8,Storm
F0609,ORD,Branch_C,3.0,20,2,640.7133333333333,,3.856666666666667,98.685,496.6833333333334,9.6,Rain
F0610,ORD,Branch_C,49.0,4,2,615.1366666666667,53.306666666666665,4.55,100.85,466.775,16.0,Sunny
F0611,ATL,Branch_D,4.0,11,0,610.81,77.06333333333333,3.87,90.78,466.91499999999996,18.2,Clear
F0612,ORD,Branch_B,45.0,1,1,643.25,36.69,1.3266666666666669,103.40333333333332,456.245,20.2,Sunny
F0613,LAX,Branch_C,3.0,13,1,595.6,54.055,2.44,101.86,420.0366666666667,7.9,Cloudy
F0614,ORD,Branch_B,38.0,13,5,616.6666666666666,81.47,2.645,97.89,519.775,23.0,Storm
F0615,ATL,Branch_B,43.0,11,6,623.86,60.36,1.925,108.12,403.44000000000005,6.7,Clear
F0616,ORD,Branch_E,39.0,18,1,653.65,42.85333333333333,3.205,95.05,444.67,17.9,Cloudy
F0618,ORD,Branch_C,53.0,19,1,634.7366666666667,59.879999999999995,1.635,106.9,398.34,26.9,Rain
F0619,ORD,Branch_E,55.0,0,2,621.6933333333333,65.67,4.89,96.03,536.26,11.7,Cloudy
F0620,ATL,Branch_E,51.0,20,2,627.01,59.02,0.7466666666666666,97.6,482.65,16.5,Storm
F0621,ATL,Branch_D,55.0,16,4,625.44,61.120000000000005,2.8866666666666667,109.09,455.97666666666663,19.1,Clear
F0622,DFW,Branch_C,37.0,9,6,635.61,49.26,1.7633333333333334,96.34333333333332,469.25,10.5,Clear
F0623,ORD,Branch_A,24.0,2,3,593.985,79.23666666666666,3.39,,474.99,10.9,Cloudy
F0624,ATL,Branch_E,33.0,19,6,674.26,55.78,0.5533333333333333,103.57,533.5450000000001,11.4,Clear
F0625,JFK,Branch_C,5.0,15,0,638.5666666666667,60.13,3.665,95.35,475.07000000000005,27.2,Storm
F0626,DFW,Branch_A,57.0,9,1,546.06,84.97,2.6550000000000002,109.16,382.17,9.2,Clear
F0627,JFK,Branch_C,17.0,3,3,619.32,50.76,4.03,94.04,494.44,11.7,Clear
F0628,ORD,Branch_A,3.0,10,3,,65.73666666666666,1.9233333333333331,102.81,578.96,21.3,Rain
F0629,ORD,Branch_C,39.0,14,2,634.5066666666667,82.14500000000001,2.745,91.23,513.595,7.0,Sunny
F0630,LAX,Branch_A,21.0,11,3,628.68,75.225,1.89,,411.19500000000005,15.4,Storm
F0632,ATL,Branch_B,47.0,7,3,534.5,72.89500000000001,3.46,98.845,526.79,10.4,Rain
F0633,ORD,Branch_B,41.0,22,4,627.7466666666667,40.21,2.65,92.44,404.155,5.0,Rain
F0634,DFW,Branch_D,35.0,14,5,686.595,91.985,3.2933333333333334,101.98,468.32,23.8,Storm
F0635,ATL,Branch_A,0.0,2,2,574.26,68.08,0.28,107.485,591.45,18.3,Clear
F0636,LAX,Branch_E,13.0,19,6,559.035,51.35333333333333,3.3633333333333333,105.98,409.375,11.3,Cloudy
F0637,DFW,Branch_D,6.0,1,3,525.1533333333333,65.87,2.2966666666666664,100.49333333333334,524.735,9.4,Clear
F0638,ATL,Branch_A,19.0,15,4,597.79,68.58,3.1366666666666667,104.655,352.31333333333333,21.6,Sunny
F0639,DFW,Branch_C,1.0,2,2,562.41,55.64333333333334,2.66,97.94999999999999,454.08666666666664,11.6,Sunny
F0640,DFW,Branch_E,30.0,5,5,608.0066666666667,29.64,2.31,101.64999999999999,441.56,15.2,Storm
F0641,DFW,Branch_E,16.0,21,0,653.2,38.88666666666667,4.08,97.18666666666667,435.245,10.4,Sunny
F0642,JFK,Branch_E,6.0,7,4,613.28,53.38666666666666,3.2,107.72,520.47,6.0,Sunny
F0643,DFW,Branch_D,14.0,18,1,571.8399999999999,45.84,,103.09,484.43999999999994,11.7,Sunny
F0644,LAX,Branch_E,60.0,14,0,,34.03,2.765,97.12666666666667,458.4066666666667,13.6,Cloudy
F0645,ATL,Branch_A,15.0,14,1,613.48,59.32,,95.64,366.83,11.2,Storm
F0646,LAX,Branch_C,54.0,23,4,522.87,60.43,3.47,101.09333333333332,472.07,17.1,Clear
F0647,DFW,Branch_E,60.0,10,6,593.24,21.21,2.825,99.04,467.44,13.4,Rain
F0649,ATL,Branch_A,2.0,0,4,635.15,44.78666666666667,1.83,96.4,,14.5,Clear
F0650,DFW,Branch_D,6.0,4,2,575.4200000000001,24.7,0.21,104.87,343.36,16.9,Clear
F0651,LAX,Branch_A,43.0,21,3,616.87,69.49666666666667,1.18,105.14,531.0933333333334,27.2,Clear
F0652,JFK,Branch_C,19.0,23,6,578.645,81.17500000000001,2.0,102.33,440.12000000000006,12.4,Clear
F0653,DFW,Branch_B,23.0,22,2,634.54,74.88,4.2,98.25999999999999,494.66,24.5,Storm
F0654,JFK,Branch_D,5.0,0,6,565.72,47.57,2.8233333333333337,96.38999999999999,543.58,20.1,Storm
F0655,ATL,Branch_C,21.0,14,0,544.47,63.916666666666664,,105.91000000000001,425.07000000000005,13.4,Cloudy
F0656,DFW,Branch_E,5.0,4,2,630.4833333333333,50.56333333333333,3.29,98.75666666666666,408.63,16.2,Clear
F0657,ORD,Branch_A,26.0,16,1,608.79,28.74,0.53,98.13333333333333,556.45,10.3,Rain
F0658,JFK,Branch_B,45.0,23,3,680.99,33.46333333333333,2.5366666666666666,99.95,469.6233333333333,14.1,Clear
F0659,ORD,Branch_A,26.0,8,2,659.3166666666667,68.025,3.8233333333333337,102.16499999999999,335.73,,Rain
F0660,ATL,Branch_C,49.0,1,4,671.83,55.525,1.7533333333333332,99.29,405.55,18.4,Clear
F0661,ATL,Branch_E,60.0,17,0,661.44,83.68,3.25,106.99,543.1866666666666,7.4,Cloudy
F0662,JFK,Branch_B,27.0,4,2,591.2800000000001,88.69,0.52,106.16,414.65999999999997,8.8,Clear
F0663,ATL,Branch_C,12.0,8,4,634.61,71.16,,102.71333333333332,478.90333333333336,9.6,Storm
F0664,ATL,Branch_C,28.0,23,6,617.7233333333334,81.99,3.04,101.095,428.185,28.6,Rain
F0665,JFK,Branch_D,15.0,12,4,698.92,88.71,1.28,100.44,412.86999999999995,5.1,Rain
F0666,LAX,Branch_E,56.0,11,0,542.53,73.66,0.9,93.95,557.51,20.7,Sunny
F0667,JFK,Branch_B,18.0,1,6,591.13,41.085,3.9,93.07,503.3500000000001,15.9,Rain
F0668,JFK,Branch_D,1.0,20,3,,67.03333333333333,2.32,104.62,495.34999999999997,24.9,Cloudy
F0669,ATL,Branch_A,53.0,4,3,649.3,20.16,2.6733333333333333,103.16,535.88,23.3,Sunny
F0670,LAX,Branch_D,10.0,19,1,547.3133333333334,54.50666666666666,3.33,91.975,427.22,13.7,Storm
F0671,ORD,Branch_C,14.0,17,6,628.1949999999999,25.77,1.275,102.60333333333334,,6.9,Clear
F0672,LAX,Branch_C,12.0,3,4,653.5100000000001,82.35,2.28,102.71000000000001,445.37,7.9,Rain
F0673,ATL,Branch_D,56.0,7,6,528.24,61.035000000000004,0.53,105.69666666666667,369.81666666666666,21.8,Cloudy
F0674,ATL,Branch_E,46.0,3,5,595.2,92.63,3.525,99.56666666666666,460.99333333333334,17.6,Clear
F0675,DFW,Branch_E,53.0,23,5,627.39,44.38666666666666,3.24,104.91000000000001,539.73,19.5,Sunny
F0676,JFK,Branch_B,38.0,7,4,556.065,49.739999999999995,0.52,98.17,478.01,17.2,Cloudy
F0677,DFW,Branch_E,35.0,6,2,610.53,41.46,3.8466666666666662,99.575,451.45666666666665,24.5,Storm
F0678,ORD,Branch_A,45.0,12,5,556.5133333333333,74.16,2.32,105.405,535.4433333333333,10.4,Clear
F0679,ORD,Branch_A,50.0,14,5,589.985,88.16,2.98,100.3,523.2466666666666,24.1,Cloudy
F0680,ATL,Branch_D,16.0,17,5,619.33,61.01,4.33,102.14666666666666,555.56,12.7,Cloudy
F0681,JFK,Branch_C,17.0,5,0,563.86,89.17,1.5566666666666666,98.86,479.46000000000004,6.2,Sunny
F0684,DFW,Branch_D,37.0,16,0,535.8,22.59,3.6100000000000003,94.86333333333333,421.87,13.2,Storm
F0685,ORD,Branch_C,7.0,8,1,619.12,45.300000000000004,3.47,90.12,394.54999999999995,23.7,Sunny
F0686,ORD,Branch_C,11.0,18,5,514.51,55.89,3.83,99.26,388.12,23.0,Storm
F0687,JFK,Branch_D,7.0,9,3,616.505,61.13333333333333,2.385,96.57,407.9633333333333,5.5,Clear
F0688,ORD,Branch_E,54.0,10,5,647.19,65.28,2.92,101.66,573.52,20.7,Sunny
F0689,ATL,Branch_B,58.0,20,1,576.6966666666666,60.11,2.7466666666666666,97.9,419.08000000000004,19.0,Clear
F0690,ORD,Branch_B,20.0,17,3,611.5,53.163333333333334,0.51,,472.69,,Sunny
F0691,ORD,Branch_C,10.0,16,1,567.385,68.09333333333333,2.505,104.905,485.24,8.1,Rain
F0692,ATL,Branch_B,38.0,9,5,683.42,27.8,3.83,97.02,379.895,28.4,Sunny
F0693,DFW,Branch_D,6.0,12,3,643.75,42.03,1.22,98.53666666666668,430.28,5.0,Clear
F0694,DFW,Branch_C,35.0,15,1,540.77,48.28,3.39,97.18,492.32500000000005,29.9,Clear
F0695,ORD,Branch_D,13.0,0,4,561.155,62.39333333333334,3.9166666666666665,102.92333333333333,453.06333333333333,27.2,Rain
F0696,DFW,Branch_B,23.0,19,5,625.13,49.14,2.78,99.55,450.21,9.0,Rain
F0697,LAX,Branch_D,38.0,20,4,596.47,72.41,0.21,95.19,538.8199999999999,10.9,Sunny
F0698,ATL,Branch_E,12.0,13,0,571.28,57.45,1.09,104.475,424.33,29.0,Clear
F0699,LAX,Branch_B,13.0,6,4,576.62,69.94,3.1966666666666668,96.98333333333333,419.07,16.0,Clear
F0700,DFW,Branch_D,9.0,19,2,579.2,76.00333333333333,2.8,103.61,444.39,24.6,Sunny
F0701,JFK,Branch_D,48.0,10,6,575.0633333333334,69.33333333333333,2.625,91.78,380.005,7.4,Cloudy
F0702,LAX,Branch_B,12.0,8,1,633.5766666666667,50.31,1.1,96.35,324.29,25.7,Cloudy
F0703,DFW,Branch_C,26.0,0,4,631.51,56.495,1.89,94.04333333333334,,11.4,Sunny
F0704,JFK,Branch_C,30.0,22,4,623.6366666666667,66.81,1.4466666666666665,,335.37,19.8,Cloudy
F0706,ORD,Branch_E,18.0,0,3,626.1899999999999,68.88666666666667,1.6433333333333333,103.14500000000001,406.56666666666666,25.7,Sunny
F0707,LAX,Branch_D,59.0,4,0,614.5450000000001,79.08,2.75,102.0,517.675,13.4,Sunny
F0708,LAX,Branch_B,54.0,23,4,573.08,53.66,2.37,96.83500000000001,494.55499999999995,22.9,Cloudy
F0709,ORD,Branch_D,24.0,16,2,630.51,64.625,4.074999999999999,103.59666666666665,460.8566666666666,,Rain
F0710,DFW,Branch_A,32.0,21,1,622.735,49.245000000000005,4.115,109.28,410.12,18.9,Clear
F0711,DFW,Branch_C,59.0,14,5,606.9649999999999,57.25,4.11,99.25999999999999,422.1,21.8,Cloudy
F0712,DFW,Branch_A,18.0,15,1,574.3066666666667,90.65,2.9,93.24,449.22333333333336,23.0,Clear
F0713,ATL,Branch_E,44.0,6,2,572.4266666666667,67.24666666666667,0.19,97.47,481.66499999999996,21.2,Cloudy
F0714,DFW,Branch_E,15.0,23,5,645.27,,2.165,109.03,358.68,26.5,Clear
F0716,LAX,Branch_D,37.0,11,0,583.0,28.675000000000004,4.48,101.91000000000001,493.515,8.0,Rain
F0717,ATL,Branch_C,40.0,15,1,571.7433333333333,63.290000000000006,3.715,104.33,499.98,15.8,Sunny
F0718,JFK,Branch_E,53.0,13,4,611.1633333333333,50.065,3.0033333333333334,93.14,470.91,17.6,Storm
F0720,ATL,Branch_E,20.0,10,5,507.34,40.800000000000004,1.8599999999999999,100.24666666666667,385.98,26.2,Storm
F0721,DFW,Branch_C,7.0,6,2,681.79,59.125,4.04,94.825,484.8,15.2,Storm
F0722,DFW,Branch_B,28.0,12,2,636.4833333333333,51.55,3.0999999999999996,104.16499999999999,302.38,11.9,Sunny
F0723,ATL,Branch_E,52.0,19,5,557.76,92.59,4.55,95.09333333333332,457.0,20.3,Cloudy
F0724,ATL,Branch_B,12.0,13,3,588.8233333333333,41.59,2.245,99.33666666666666,592.87,6.7,Clear
F0725,LAX,Branch_B,33.0,3,5,644.665,53.7,3.68,98.97,507.31,11.0,Sunny
F0727,DFW,Branch_E,33.0,21,2,609.98,75.87,1.21,101.32333333333334,315.16499999999996,16.7,Clear
F0728,LAX,Branch_A,18.0,9,6,616.335,48.056666666666665,1.6166666666666665,100.005,544.96,18.8,Clear
F0729,ATL,Branch_E,21.0,18,3,569.345,91.05,0.1,101.45,508.275,5.1,Clear
F0730,DFW,Branch_C,57.0,12,5,657.545,81.59,1.145,101.79,456.67,21.8,Cloudy
F0731,LAX,Branch_C,57.0,21,2,547.68,,2.1733333333333333,98.555,426.84,7.0,Clear
F0732,LAX,Branch_B,47.0,19,6,623.65,59.5,0.88,96.375,586.84,24.9,Rain
F0733,DFW,Branch_A,28.0,22,4,671.605,39.93,3.42,104.5,524.365,10.3,Cloudy
F0734,JFK,Branch_E,21.0,18,4,597.5033333333334,55.94,2.0433333333333334,91.8,465.5133333333333,14.9,Rain
F0735,DFW,Branch_D,11.0,4,4,530.67,75.32499999999999,3.1466666666666665,98.78,364.89,26.5,Clear
F0736,DFW,Branch_A,2.0,10,5,597.7266666666666,55.60333333333333,1.9933333333333334,91.01,476.52,21.4,Rain
F0737,DFW,Branch_D,13.0,13,4,685.375,68.03999999999999,3.3949999999999996,108.715,304.36,18.1,Storm
F0738,JFK,Branch_D,14.0,11,6,593.57,57.76333333333334,4.225,100.18666666666667,457.47,7.2,Sunny
F0739,ATL,Branch_E,45.0,14,6,,61.10999999999999,3.18,106.855,496.39,12.1,Cloudy
F0740,ATL,Branch_C,5.0,14,6,532.01,50.576666666666675,1.495,95.14666666666666,360.885,29.9,Cloudy
F0741,ATL,Branch_E,35.0,13,3,566.18,89.4,2.82,99.92,480.44,5.4,Rain
F0742,ATL,Branch_E,12.0,0,3,534.99,46.625,3.0149999999999997,96.62,340.9633333333333,15.8,Rain
F0743,ATL,Branch_D,31.0,12,4,537.51,77.68,4.695,98.225,435.04499999999996,8.9,Rain
F0744,DFW,Branch_E,45.0,1,0,,43.35,2.57,100.36,391.3533333333333,22.4,Clear
F0745,JFK,Branch_E,55.0,1,5,577.99,70.76333333333334,,100.23,564.69,8.4,Sunny
F0747,ORD,Branch_D,27.0,20,1,629.91,70.45,3.92,98.62666666666667,534.14,10.3,Rain
F0748,DFW,Branch_D,28.0,2,2,571.545,36.28,2.56,98.245,468.28,16.1,Cloudy
F0750,ATL,Branch_B,19.0,0,2,510.03,67.33333333333333,2.21,98.63333333333333,559.97,20.0,Clear
F0751,DFW,Branch_A,27.0,9,3,557.295,63.6,2.115,99.855,439.6033333333333,11.1,Storm
F0753,LAX,Branch_C,54.0,7,5,601.32,58.665,1.4533333333333334,94.01,371.26,18.2,Rain
F0754,LAX,Branch_E,35.0,17,6,598.5366666666667,49.84,2.5166666666666666,96.11,437.76666666666665,22.7,Clear
F0755,JFK,Branch_D,43.0,22,3,621.27,62.89333333333334,3.64,107.96,549.21,24.2,Storm
F0756,ORD,Branch_C,24.0,15,2,558.84,51.02,4.54,97.51333333333332,388.73,24.7,Clear
F0757,LAX,Branch_A,36.0,16,6,594.49,79.72,1.9433333333333334,103.705,390.99,13.1,Cloudy
F0759,JFK,Branch_A,8.0,8,1,607.035,98.10499999999999,2.04,97.66499999999999,467.75,17.3,Sunny
F0760,JFK,Branch_A,18.0,22,1,597.9,28.86,2.7533333333333334,101.79666666666667,516.78,5.5,Sunny
F0761,LAX,Branch_A,41.0,23,4,609.1466666666666,67.25,2.97,102.32,462.68999999999994,,Cloudy
F0762,ORD,Branch_A,22.0,7,6,564.33,99.1,2.19,97.23,476.135,25.4,Cloudy
F0763,LAX,Branch_B,11.0,2,2,613.76,72.26,3.233333333333333,99.02333333333333,482.6,5.0,Cloudy
F0764,ATL,Branch_A,55.0,21,4,585.0500000000001,50.29,0.5,97.9,427.2033333333334,21.6,Sunny
F0765,JFK,Branch_A,28.0,19,1,698.0,55.565,2.385,105.92,562.31,13.8,Rain
F0766,ORD,Branch_C,36.0,14,2,524.3233333333334,66.75,0.78,,524.31,,Sunny
F0767,JFK,Branch_E,39.0,16,5,615.235,61.574999999999996,3.1466666666666665,104.48333333333333,542.36,24.1,Storm
F0768,LAX,Branch_C,18.0,1,5,537.39,37.74,2.066666666666667,104.71,389.93,5.6,Storm
F0769,ORD,Branch_D,40.0,7,2,604.935,78.39,2.86,91.26,338.77,15.8,Storm
F0770,ORD,Branch_C,53.0,20,5,555.28,65.85,1.2650000000000001,94.515,358.4,22.8,Storm
F0771,ORD,Branch_A,34.0,20,4,591.4,46.22,4.58,92.21,318.39,20.9,Clear
F0772,JFK,Branch_C,46.0,14,6,561.67,50.650000000000006,1.78,93.55333333333333,492.98,15.2,Storm
F0773,ORD,Branch_B,3.0,21,6,536.25,76.155,2.42,102.43,426.3766666666667,27.0,Storm
F0774,LAX,Branch_B,22.0,7,3,552.8566666666667,50.545,2.3833333333333333,101.22,384.88,27.4,Clear
F0775,ATL,Branch_A,12.0,8,2,640.3833333333333,59.855,3.42,102.95333333333333,568.27,10.3,Storm
F0776,LAX,Branch_E,1.0,17,4,575.0533333333333,30.19,0.575,94.18333333333334,436.28,25.8,Cloudy
F0777,DFW,Branch_D,32.0,22,6,593.43,49.276666666666664,,96.25999999999999,313.65,12.1,Rain
F0778,DFW,Branch_A,54.0,8,5,585.79,51.06,2.15,98.16,463.43,7.9,Storm
F0779,ATL,Branch_D,17.0,8,1,565.7166666666667,75.45,2.0700000000000003,101.05333333333333,444.18,6.7,Rain
F0780,JFK,Branch_D,27.0,5,4,567.94,51.26666666666667,0.05,97.67666666666666,451.415,29.3,Rain
F0781,ATL,Branch_D,16.0,20,2,610.5300000000001,71.035,0.7000000000000001,101.10333333333334,381.95,25.5,Sunny
F0783,JFK,Branch_A,26.0,5,3,582.34,40.306666666666665,4.8,101.44666666666667,358.29,14.6,Sunny
F0784,DFW,Branch_C,22.0,11,2,608.7349999999999,49.31,2.41,105.37,493.965,11.9,Sunny
F0785,LAX,Branch_E,26.0,14,3,676.4866666666667,55.26,0.37,105.28999999999999,467.82,19.8,Cloudy
F0786,JFK,Branch_B,34.0,10,2,608.11,68.09333333333333,3.72,107.065,423.275,17.1,Storm
F0787,LAX,Branch_C,9.0,3,1,617.64,99.12,2.195,102.81,470.495,9.4,Sunny
F0788,JFK,Branch_A,16.0,2,1,649.785,67.53,1.98,100.44,438.29,23.0,Cloudy
F0789,ORD,Branch_C,20.0,23,5,644.57,27.77,2.6799999999999997,100.88666666666666,,26.8,Sunny
F0790,ATL,Branch_D,4.0,2,0,580.7666666666668,54.05,2.73,96.23,329.85,28.1,Storm
F0791,JFK,Branch_E,2.0,19,1,543.115,50.39,1.99,104.88,348.71,6.7,Cloudy
F0792,ATL,Branch_A,16.0,2,2,557.375,80.735,1.6400000000000001,95.54,549.855,18.3,Clear
F0793,ORD,Branch_A,2.0,0,4,642.5833333333334,69.33,1.43,97.38499999999999,353.9,20.7,Sunny
F0794,LAX,Branch_C,56.0,13,3,685.76,61.04333333333333,1.79,98.55333333333334,444.39,27.8,Clear
F0795,JFK,Branch_E,20.0,9,2,649.41,82.265,1.6166666666666665,97.60000000000001,437.29,28.7,Storm
F0796,JFK,Branch_A,21.0,20,4,504.49,72.25,1.0366666666666668,91.435,542.085,7.6,Rain
F0797,ORD,Branch_E,46.0,20,4,613.22,43.03,4.505,97.88999999999999,523.73,9.9,Cloudy
F0799,LAX,Branch_D,1.0,0,2,527.345,55.22,3.9050000000000002,96.28999999999999,508.855,24.6,Clear
F0800,LAX,Branch_E,8.0,21,3,601.855,28.23,0.24,105.64,394.15,9.6,Rain
F0801,JFK,Branch_B,7.0,0,0,501.23,37.419999999999995,3.24,108.93,455.45,10.8,Clear
F0802,JFK,Branch_C,22.0,12,1,661.37,86.63333333333333,1.855,104.47,436.86,28.2,Clear
F0803,ORD,Branch_A,25.0,4,3,582.79,51.623333333333335,0.97,97.58,429.91,5.8,Sunny
F0804,DFW,Branch_C,30.0,6,4,585.095,73.50999999999999,2.7399999999999998,105.36333333333334,470.43,29.2,Clear
F0805,ATL,Branch_D,24.0,17,0,625.5550000000001,65.67,1.37,96.38,407.96,24.0,Sunny
F0806,ATL,Branch_A,27.0,13,1,529.77,94.81,3.3466666666666662,101.0,429.6,16.4,Cloudy
F0807,ORD,Branch_E,3.0,5,2,658.4766666666667,70.86,3.8099999999999996,99.36500000000001,327.46,28.5,Cloudy
F0808,ORD,Branch_C,58.0,20,6,565.6933333333333,75.42999999999999,2.956666666666667,101.545,396.25,15.2,Clear
F0809,ORD,Branch_A,58.0,23,1,570.6,49.346666666666664,3.68,102.35333333333334,572.57,17.9,Cloudy
F0810,JFK,Branch_E,22.0,6,4,532.3133333333334,45.86,3.05,105.86,522.875,6.4,Clear
F0811,JFK,Branch_B,21.0,22,0,623.1766666666666,55.74,4.77,90.51,442.95,,Rain
F0812,JFK,Branch_E,27.0,20,2,597.0766666666667,49.265,2.78,103.25999999999999,434.8866666666666,19.9,Clear
F0814,LAX,Branch_B,53.0,20,2,574.57,55.78666666666667,0.25,,342.83,29.5,Storm
F0815,LAX,Branch_A,23.0,15,0,549.47,41.735,2.8,106.02,417.9666666666667,20.2,Sunny
F0817,ATL,Branch_C,19.0,7,4,531.36,61.46,2.22,103.35499999999999,342.93,5.7,Sunny
F0818,JFK,Branch_C,43.0,19,1,532.54,55.01,1.43,90.55,553.55,10.5,Storm
F0819,ATL,Branch_B,1.0,9,1,596.44,65.48333333333333,3.6900000000000004,98.89500000000001,349.045,17.2,Sunny
F0820,DFW,Branch_B,54.0,2,4,591.565,60.760000000000005,1.2266666666666666,96.89,536.1500000000001,9.5,Sunny
F0821,LAX,Branch_C,35.0,8,6,599.6500000000001,,2.5,100.15,563.7,7.3,Clear
F0822,DFW,Branch_E,54.0,5,0,561.4666666666667,63.73,0.48,107.98,382.69,28.1,Storm
F0823,JFK,Branch_B,21.0,10,3,590.65,84.01333333333334,2.316666666666667,98.75,344.5,16.9,Storm
F0824,ATL,Branch_B,59.0,15,2,641.095,74.23,3.5349999999999997,95.61,395.06,19.6,Rain
F0825,ATL,Branch_C,49.0,0,6,519.32,78.29,4.99,99.32,390.19666666666666,10.7,Cloudy
F0826,JFK,Branch_B,38.0,4,5,557.62,54.843333333333334,2.8899999999999997,97.47,306.65,5.9,Sunny
F0827,ATL,Branch_A,6.0,1,3,603.995,65.65,2.3200000000000003,108.9,387.78,12.7,Sunny
F0828,LAX,Branch_E,7.0,19,2,539.435,72.45,2.5,97.92,418.0933333333333,14.3,Sunny
F0829,ORD,Branch_B,34.0,1,5,599.9266666666666,82.46000000000001,1.8,104.75999999999999,304.975,12.9,Cloudy
F0830,LAX,Branch_E,10.0,12,3,612.6633333333333,73.87666666666667,2.21,98.81333333333333,367.645,17.1,Clear
F0832,JFK,Branch_C,50.0,1,4,697.74,73.49000000000001,3.6633333333333336,106.37,347.365,6.3,Cloudy
F0833,ATL,Branch_C,7.0,7,0,622.5566666666667,54.32666666666666,1.895,98.62,551.0450000000001,11.9,Cloudy
F0834,ATL,Branch_B,43.0,20,0,585.45,49.650000000000006,1.575,98.325,392.99,11.9,Cloudy
F0835,LAX,Branch_E,54.0,5,6,650.0833333333334,69.145,1.44,105.75,385.29,17.8,Sunny
F0837,ATL,Branch_A,37.0,15,6,578.9833333333333,68.57,3.23,109.75,399.89000000000004,16.8,Cloudy
F0838,DFW,Branch_E,23.0,10,4,541.74,72.78666666666666,3.18,90.19,392.92333333333335,25.1,Sunny
F0839,ATL,Branch_C,25.0,3,5,666.75,23.86,3.443333333333333,100.25,446.505,28.2,Sunny
F0840,ATL,Branch_A,6.0,21,5,654.72,52.83,3.3266666666666667,96.75999999999999,468.85499999999996,18.7,Cloudy
F0841,DFW,Branch_B,27.0,7,2,633.535,31.87,3.035,108.565,444.96500000000003,21.5,Cloudy
F0842,JFK,Branch_E,60.0,16,0,539.1099999999999,36.97,3.3699999999999997,104.53,535.345,6.6,Rain
F0843,ORD,Branch_C,21.0,4,4,636.7066666666666,79.41666666666667,3.7100000000000004,92.995,513.395,12.7,Clear
F0844,LAX,Branch_D,6.0,12,3,569.83,40.77,0.07,100.36500000000001,359.68,19.8,Cloudy
F0845,ORD,Branch_D,4.0,0,5,619.0799999999999,48.785,3.35,101.21,559.65,29.8,Storm
F0846,JFK,Branch_E,31.0,22,6,593.7666666666667,,1.8599999999999999,101.07,477.48333333333335,5.0,Sunny
F0848,ATL,Branch_B,39.0,1,4,574.9266666666666,59.855000000000004,3.66,97.95,311.21,7.0,Sunny
F0849,DFW,Branch_B,33.0,21,1,620.355,58.64666666666667,2.685,102.77,441.71,12.3,Clear
F0850,DFW,Branch_E,56.0,6,2,575.0766666666667,81.03,0.635,101.505,476.235,18.4,Cloudy
F0851,ORD,Branch_D,47.0,18,0,612.26,60.25333333333333,4.99,95.52000000000001,394.06,7.5,Clear
F0852,JFK,Branch_A,3.0,10,2,594.56,58.215,2.4050000000000002,99.83,566.65,17.9,Rain
F0853,LAX,Branch_C,34.0,7,1,555.025,72.87,0.5,,314.1,24.6,Sunny
F0854,ATL,Branch_E,18.0,14,2,598.45,59.91,2.0966666666666667,,401.105,7.2,Sunny
F0855,ATL,Branch_E,54.0,9,3,634.5866666666667,90.62,3.6,106.72666666666667,416.99333333333334,5.3,Sunny
F0856,ATL,Branch_C,20.0,8,4,637.81,21.32,2.21,90.46,481.9466666666667,8.9,Rain
F0857,ORD,Branch_E,42.0,19,6,538.79,77.39,4.396666666666667,98.12333333333333,434.745,19.5,Storm
F0858,JFK,Branch_A,0.0,5,6,647.67,32.99,2.26,94.31,489.57,23.4,Storm
F0859,JFK,Branch_A,60.0,15,2,643.1533333333333,61.01,1.4399999999999997,97.49,574.44,23.0,Sunny
F0860,DFW,Branch_D,50.0,10,1,591.0699999999999,27.5,1.5266666666666666,91.1,477.43333333333334,8.9,Storm
F0861,DFW,Branch_A,48.0,4,4,555.33,33.86,2.19,95.64,518.885,13.3,Clear
F0862,ATL,Branch_D,23.0,4,6,622.405,58.39000000000001,2.3166666666666664,92.99,475.3733333333333,6.3,Rain
F0863,JFK,Branch_A,30.0,6,6,558.485,73.79,,94.94,492.96,10.9,Sunny
F0864,JFK,Branch_D,42.0,13,2,613.3033333333334,68.86,1.2333333333333332,107.265,493.76000000000005,9.9,Clear
F0865,DFW,Branch_D,35.0,16,6,567.18,73.68,0.42,107.695,399.98,13.7,Cloudy
F0866,ATL,Branch_D,54.0,10,1,536.24,65.21000000000001,3.245,95.16333333333334,388.12999999999994,10.2,Clear
F0867,DFW,Branch_B,45.0,23,5,661.59,76.96,1.3466666666666667,102.32499999999999,560.66,5.3,Rain
F0868,LAX,Branch_C,43.0,13,6,654.09,66.79666666666667,0.7799999999999999,102.91,510.13,15.6,Clear
F0870,ATL,Branch_A,41.0,23,1,648.46,46.156666666666666,1.6966666666666665,90.81,492.9333333333334,18.9,Clear
F0872,ATL,Branch_B,36.0,5,4,511.92,30.76,2.405,98.13,515.1,21.2,Storm
F0873,ORD,Branch_C,25.0,3,3,550.2266666666666,66.78,2.72,99.175,431.865,18.5,Cloudy
F0874,DFW,Branch_A,49.0,8,4,543.7666666666667,90.045,0.5800000000000001,91.67,334.95,26.5,Clear
F0876,ATL,Branch_B,57.0,10,3,671.65,44.28,4.74,100.01,371.2366666666667,20.6,Sunny
F0877,ATL,Branch_D,29.0,9,6,613.0266666666666,58.88666666666666,1.55,98.41333333333334,433.5,6.7,Clear
F0878,ATL,Branch_E,2.0,8,5,640.985,51.18,4.31,97.82,401.32,23.3,Rain
F0880,ATL,Branch_E,29.0,11,2,553.16,50.24,3.63,102.91333333333334,354.92,5.4,Clear
F0881,JFK,Branch_A,55.0,7,3,536.04,54.199999999999996,4.8,90.66,380.925,16.2,Rain
F0882,DFW,Branch_A,49.0,18,3,592.855,22.74,3.745,105.68,583.7,5.0,Clear
F0883,JFK,Branch_E,34.0,23,3,,75.16666666666667,4.89,92.25,476.0,23.0,Sunny
F0884,DFW,Branch_B,47.0,17,6,662.255,75.69,2.535,95.71,551.61,10.4,Sunny
F0885,LAX,Branch_D,4.0,6,6,629.38,71.72,2.18,101.96,436.00333333333333,9.6,Cloudy
F0886,LAX,Branch_E,0.0,8,0,537.77,44.74,1.6099999999999999,97.7,573.83,20.2,Sunny
F0887,ATL,Branch_A,40.0,1,3,546.75,64.21,0.17,104.065,460.11,5.1,Clear
F0888,DFW,Branch_A,39.0,1,0,528.75,90.11,0.13,93.6,402.6766666666667,25.5,Sunny
F0889,DFW,Branch_A,20.0,5,6,535.3,36.77,3.1133333333333333,104.26,488.935,13.1,Clear
F0890,ATL,Branch_C,9.0,23,4,616.505,47.23,3.31,97.44,482.27666666666664,5.7,Sunny
F0891,ORD,Branch_B,19.0,17,1,620.7133333333333,54.49,0.58,100.39,400.14,26.2,Clear
F0892,ORD,Branch_A,7.0,13,6,580.1,36.63,3.15,104.51333333333334,516.6899999999999,25.8,Sunny
F0894,ATL,Branch_B,1.0,11,6,637.2833333333333,28.03,2.45,101.235,306.94,17.6,Storm
F0895,JFK,Branch_C,38.0,18,0,607.48,70.13000000000001,1.38,98.33,546.23,7.7,Sunny
F0896,ORD,Branch_C,49.0,18,3,576.66,43.894999999999996,1.58,98.005,378.9,21.3,Rain
F0898,ATL,Branch_E,8.0,8,4,558.855,54.605000000000004,4.79,97.79,374.56,6.2,Rain
F0899,LAX,Branch_B,41.0,5,1,648.0933333333334,87.61,3.98,100.85000000000001,526.39,12.6,Sunny
F0900,ORD,Branch_C,60.0,1,6,589.76,62.129999999999995,4.035,93.46000000000001,375.81,,Cloudy
F0902,ORD,Branch_B,55.0,4,2,610.3566666666667,79.505,0.565,97.11,474.7,24.7,Clear
F0903,LAX,Branch_E,42.0,6,1,597.83,68.75,4.47,99.18,549.335,9.1,Clear
F0904,ORD,Branch_E,12.0,23,2,601.6600000000001,61.38333333333333,2.145,97.19,304.25,11.2,Storm
F0906,JFK,Branch_E,7.0,1,5,597.545,66.90333333333334,1.775,91.43,552.1233333333333,14.2,Sunny
F0907,JFK,Branch_E,9.0,2,0,671.4549999999999,52.723333333333336,3.263333333333333,103.16000000000001,471.95,,Cloudy
F0908,DFW,Branch_A,57.0,18,1,577.56,69.84333333333333,1.7,100.845,476.06,6.6,Storm
F0909,LAX,Branch_D,42.0,23,4,585.0066666666667,59.08,3.95,108.11,463.95666666666665,,Cloudy
F0910,LAX,Branch_B,30.0,10,1,570.2366666666667,66.95,4.215,,440.7,24.7,Storm
F0911,ATL,Branch_C,26.0,15,2,547.84,72.48,3.6533333333333338,99.485,456.945,21.2,Cloudy
F0912,JFK,Branch_D,17.0,23,5,,89.79,2.11,100.15,365.28,17.7,Sunny
F0913,ATL,Branch_A,10.0,1,1,671.685,71.59,3.53,99.04333333333334,451.81333333333333,8.5,Sunny
F0914,DFW,Branch_D,22.0,3,2,603.3666666666667,60.33,3.79,100.745,438.77,25.5,Cloudy
F0916,ORD,Branch_B,41.0,21,6,576.295,44.92,4.699999999999999,108.79499999999999,490.6566666666667,21.3,Rain
F0917,LAX,Branch_E,0.0,18,3,548.06,47.77,1.51,105.15,407.4,9.6,Rain
F0920,JFK,Branch_B,39.0,12,2,613.25,69.67,1.1733333333333333,100.82333333333334,405.745,22.4,Storm
F0921,JFK,Branch_B,27.0,7,3,607.56,59.04333333333333,2.53,103.23666666666668,416.53,14.1,Clear
F0922,LAX,Branch_B,30.0,15,0,607.7733333333334,47.900000000000006,2.8200000000000003,102.81,488.45,13.4,Sunny
F0923,LAX,Branch_A,10.0,5,6,638.22,20.74,1.73,101.33,369.39000000000004,21.4,Sunny
F0924,JFK,Branch_D,19.0,6,6,506.9,53.416666666666664,2.5,98.17,443.75,6.2,Cloudy
F0925,LAX,Branch_D,31.0,6,5,628.7,78.67,3.4633333333333334,99.17,519.93,28.5,Cloudy
F0926,ORD,Branch_B,11.0,16,3,591.41,62.78,2.875,102.62666666666667,370.9066666666667,26.5,Cloudy
F0927,JFK,Branch_B,43.0,6,5,667.155,71.30333333333333,2.42,104.05666666666666,396.07,6.0,Storm
F0928,JFK,Branch_A,23.0,2,6,565.35,82.84,2.29,107.01,373.29,21.8,Sunny
F0929,LAX,Branch_B,49.0,16,1,600.2,77.21,3.915,95.69999999999999,328.95,18.1,Sunny
F0930,ATL,Branch_A,48.0,19,5,622.52,30.21,3.6999999999999997,94.36,547.75,22.0,Rain
F0931,LAX,Branch_C,39.0,7,1,600.61,87.53,,92.63,529.6800000000001,10.2,Clear
F0932,JFK,Branch_B,36.0,18,3,695.92,85.215,4.27,98.61,466.33,7.5,Cloudy
F0933,ATL,Branch_D,60.0,22,4,644.5433333333334,35.51,0.98,95.11,531.58,29.4,Rain
F0934,LAX,Branch_D,55.0,6,3,583.675,70.29666666666667,3.29,107.99,331.09,15.4,Storm
F0935,ATL,Branch_D,37.0,3,3,537.4,,2.953333333333333,101.43333333333334,368.26,10.2,Clear
F0936,LAX,Branch_E,35.0,0,2,,56.11333333333334,1.1133333333333333,97.08,517.525,9.3,Clear
F0937,DFW,Branch_B,6.0,0,4,616.19,62.77666666666667,3.5949999999999998,96.99333333333334,351.85999999999996,5.6,Rain
F0938,ORD,Branch_B,36.0,19,4,626.76,97.03,3.4599999999999995,100.85000000000001,412.60999999999996,17.0,Storm
F0939,DFW,Branch_D,20.0,13,6,644.53,21.95,3.605,101.55,305.96,22.8,Storm
F0940,ORD,Branch_E,19.0,2,1,578.7866666666666,51.67,2.31,94.49333333333334,556.26,22.4,Clear
F0941,JFK,Branch_E,8.0,17,0,607.7,,2.5700000000000003,104.12666666666667,522.02,27.0,Storm
F0942,JFK,Branch_D,8.0,16,6,652.71,68.175,0.24,91.995,357.9766666666667,16.5,Rain
F0943,JFK,Branch_A,54.0,23,2,562.5,46.185,3.97,102.21,395.3066666666667,13.6,Cloudy
F0944,ORD,Branch_B,57.0,6,5,558.3366666666667,48.565,2.455,96.52,,28.1,Sunny
F0945,ORD,Branch_A,19.0,2,0,588.4100000000001,41.47666666666667,2.92,103.04,399.83,29.8,Clear
F0946,ORD,Branch_E,14.0,11,1,595.085,61.64666666666667,2.415,97.965,423.21,15.5,Sunny
F0947,DFW,Branch_C,45.0,8,4,613.16,59.915,2.4566666666666666,107.47,487.535,17.7,Sunny
F0948,LAX,Branch_C,1.0,16,3,670.96,88.72,3.0,91.19,441.96999999999997,23.3,Sunny
F0949,ORD,Branch_D,20.0,18,6,659.04,63.37,2.165,104.97,368.5,25.3,Clear
F0950,LAX,Branch_A,22.0,8,4,644.28,64.06,1.9849999999999999,98.965,554.64,21.7,Rain
F0951,JFK,Branch_A,30.0,19,2,668.94,61.866666666666674,,95.99,441.195,18.0,Storm
F0952,JFK,Branch_E,33.0,18,2,619.5,68.94,1.59,99.7,468.18666666666667,23.0,Sunny
F0953,LAX,Branch_A,36.0,22,0,629.31,92.545,3.23,109.33,323.65,8.0,Rain
F0954,LAX,Branch_A,40.0,7,3,595.7133333333333,21.89,1.04,105.63,362.72,8.1,Cloudy
F0955,ATL,Branch_E,7.0,12,6,584.06,68.42,,100.3,452.655,22.8,Sunny
F0956,ORD,Branch_D,28.0,23,3,559.09,76.04,3.77,94.83,562.51,18.5,Cloudy
F0957,JFK,Branch_B,23.0,17,6,583.36,54.59,4.72,104.83,490.4866666666667,7.2,Sunny
F0958,ATL,Branch_B,54.0,16,0,560.4566666666667,39.53666666666667,2.7199999999999998,96.03,490.545,17.9,Rain
F0959,DFW,Branch_A,8.0,9,2,562.91,46.715,2.2100000000000004,92.875,544.8,26.9,Cloudy
F0960,DFW,Branch_A,23.0,13,6,553.515,65.56,2.6033333333333335,100.21333333333332,570.2,27.3,Cloudy
F0961,ORD,Branch_E,40.0,5,2,636.85,65.34,2.24,105.08,332.91,20.0,Cloudy
F0962,ATL,Branch_B,49.0,18,6,594.12,47.06333333333333,,109.48,446.69500000000005,,Cloudy
F0963,ORD,Branch_C,41.0,13,4,531.03,46.30666666666667,3.91,96.19,440.57,27.7,Sunny
F0964,LAX,Branch_A,49.0,18,5,675.4100000000001,22.32,1.93,97.315,354.08000000000004,5.5,Cloudy
F0965,ATL,Branch_E,39.0,11,6,579.32,45.51,1.93,108.76,525.19,12.1,Sunny
F0966,ORD,Branch_A,51.0,6,5,687.12,51.38,3.7,98.91666666666667,523.0699999999999,18.0,Clear
F0967,DFW,Branch_B,1.0,17,2,625.15,62.660000000000004,3.705,95.83,369.19,12.9,Cloudy
F0969,ORD,Branch_E,36.0,20,3,623.2866666666667,96.29,0.435,94.375,376.4533333333333,19.7,Rain
F0970,DFW,Branch_C,30.0,8,2,501.34,64.42666666666666,2.69,103.58500000000001,425.77,5.8,Clear
F0971,LAX,Branch_A,30.0,5,3,505.37,62.836666666666666,1.27,104.22,352.26,5.2,Sunny
F0972,ORD,Branch_A,48.0,13,4,696.97,95.08,3.9299999999999997,96.04,562.47,23.8,Clear
F0973,ORD,Branch_D,2.0,10,2,556.46,77.255,3.2433333333333327,101.27333333333333,543.34,12.4,Storm
F0975,ATL,Branch_A,27.0,2,3,590.47,71.4,2.013333333333333,98.86333333333334,532.47,29.2,Rain
F0976,LAX,Branch_A,50.0,12,0,667.89,23.855,1.17,95.97333333333331,423.12,13.4,Sunny
F0977,DFW,Branch_A,4.0,17,5,629.43,64.54,2.74,103.13499999999999,509.27,16.3,Rain
F0978,ORD,Branch_D,5.0,13,6,658.67,56.61,0.11,103.36,499.82,25.4,Cloudy
F0979,LAX,Branch_A,7.0,21,5,558.7533333333333,54.93,2.225,102.64,543.4,6.8,Cloudy
F0980,LAX,Branch_D,13.0,3,3,591.03,38.99333333333333,2.2399999999999998,105.48,484.08500000000004,21.5,Rain
F0981,LAX,Branch_A,24.0,18,4,587.7,22.75,0.88,100.77666666666666,331.32,22.9,Cloudy
F0982,DFW,Branch_A,52.0,19,3,564.415,73.28,2.763333333333333,99.575,530.9033333333333,26.4,Clear
F0983,LAX,Branch_D,48.0,5,1,576.98,32.760000000000005,1.2866666666666666,95.52666666666666,450.6666666666667,13.7,Storm
F0984,ORD,Branch_B,27.0,9,0,574.1766666666666,75.02,2.56,95.75,364.52,7.5,Clear
F0985,DFW,Branch_B,40.0,19,2,697.46,52.59,3.0,105.75,493.43666666666667,26.6,Cloudy
F0986,JFK,Branch_B,8.0,19,0,640.4449999999999,90.69,2.91,99.17,526.2533333333333,6.6,Rain
F0987,DFW,Branch_D,20.0,21,1,534.7900000000001,79.25,2.3200000000000003,92.1,402.48,16.4,Sunny
F0988,DFW,Branch_E,55.0,18,6,535.93,64.25666666666666,2.73,96.185,498.07333333333327,21.0,Clear
F0989,ATL,Branch_D,33.0,18,3,599.9499999999999,39.36,2.265,91.225,393.79,23.4,Rain
F0990,LAX,Branch_D,32.0,5,4,575.2433333333333,47.57,3.91,102.81,363.1433333333334,24.0,Clear
F0991,ATL,Branch_D,6.0,11,0,592.74,52.92,2.6733333333333333,104.46,,13.4,Clear
F0992,ATL,Branch_E,1.0,10,2,582.32,80.1,3.0599999999999996,96.03,574.03,25.8,Cloudy
F0993,JFK,Branch_C,42.0,0,5,604.2433333333333,51.910000000000004,3.143333333333333,96.86,459.45000000000005,15.3,Storm
F0994,JFK,Branch_E,54.0,5,3,663.42,52.953333333333326,0.99,90.39,499.9866666666667,5.5,Clear
F0995,JFK,Branch_E,33.0,7,2,637.6949999999999,,1.9,102.36500000000001,495.18,9.9,Clear
F0996,LAX,Branch_A,56.0,22,2,515.85,53.095,1.85,103.70333333333333,520.745,17.4,Storm
F0997,ATL,Branch_B,40.0,21,0,631.715,,4.89,92.60333333333334,405.07,20.8,Cloudy
F0998,JFK,Branch_E,5.0,5,3,,55.465,1.6,96.93,470.15333333333336,8.4,Clear
F0999,JFK,Branch_E,42.0,3,3,512.31,42.87,4.78,95.57,486.66,23.9,Rain
F1000,DFW,Branch_C,58.0,9,1,533.46,35.85333333333333,1.4900000000000002,100.47999999999999,378.44,6.6,Storm
