booking_id,ticket_id,flight_id,booking_date,passenger_count,booking_channel
B000001,W,F0158,2023-11-17,1,MobileApp
B000002,F,F0305,2023-02-06,3,Online
B000003,W,F0319,2023-02-11,3,MobileApp
B000004,F,F0383,2023-06-05,2,Online
B000005,F,F0143,2023-02-26,3,Online
B000006,W,F0349,2023-09-23,3,Online
B000007,W,F0475,2023-07-15,2,Online
B000008,W,F0433,2023-01-27,2,Online
B000009,Y,F0402,2023-06-30,1,MobileApp
B000010,Y,F0499,2023-02-22,1,MobileApp
B000011,F,F0260,2023-03-05,2,TravelAgency
B000012,F,F0491,2023-10-28,1,TravelAgency
B000013,F,F0115,2023-08-25,1,TravelAgency
B000014,W,F0049,2023-07-02,2,MobileApp
B000015,Y,F0177,2023-02-23,3,Online
B000016,Y,F0066,2022-12-08,2,TravelAgency
B000017,W,F0454,2023-03-11,2,TravelAgency
B000018,F,F0252,2022-11-11,2,TravelAgency
B000019,Y,F0217,2022-12-08,2,MobileApp
B000020,W,F0367,2022-12-26,2,TravelAgency
B000021,W,F0028,2023-11-06,3,Online
B000022,F,F0485,2022-12-09,3,MobileApp
B000023,F,F0267,2023-02-05,2,TravelAgency
B000024,W,F0002,2023-01-24,2,TravelAgency
B000025,F,F0155,2022-12-03,1,TravelAgency
B000026,Y,F0159,2023-03-08,1,MobileApp
B000027,Y,F0223,2023-03-27,2,Online
B000028,W,F0115,2023-09-02,1,Online
B000029,Y,F0051,2023-11-10,1,MobileApp
B000030,F,F0420,2023-01-19,1,Online
B000031,Y,F0092,2023-06-12,2,TravelAgency
B000032,F,F0391,2023-03-11,1,TravelAgency
B000033,Y,F0372,2023-09-17,3,MobileApp
B000034,F,F0290,2023-10-05,3,MobileApp
B000035,Y,F0089,2023-10-20,3,TravelAgency
B000036,Y,F0442,2023-02-06,2,TravelAgency
B000037,W,F0049,2023-07-17,3,TravelAgency
B000038,W,F0498,2023-05-01,1,Online
B000039,W,F0035,2023-06-08,3,Online
B000040,W,F0369,2023-08-12,3,MobileApp
B000041,Y,F0143,2023-03-28,2,MobileApp
B000042,Y,F0478,2023-08-13,1,MobileApp
B000043,Y,F0194,2023-05-27,3,Online
B000044,F,F0208,2023-10-30,1,MobileApp
B000045,Y,F0481,2023-08-16,3,TravelAgency
B000046,F,F0008,2023-08-23,2,MobileApp
B000047,Y,F0293,2023-02-16,3,Online
B000048,W,F0054,2022-12-07,3,TravelAgency
B000049,Y,F0281,2023-05-17,3,Online
B000050,F,F0342,2023-01-31,1,TravelAgency
B000051,W,F0364,2023-10-21,1,Online
B000052,W,F0193,2023-09-26,1,Online
B000053,F,F0309,2023-09-05,1,TravelAgency
B000054,Y,F0394,2023-08-16,2,MobileApp
B000055,Y,F0075,2023-10-31,1,MobileApp
B000056,Y,F0258,2023-09-11,1,Online
B000057,F,F0303,2023-11-23,2,TravelAgency
B000058,Y,F0442,2023-02-26,3,Online
B000059,W,F0045,2023-06-20,2,TravelAgency
B000060,W,F0272,2023-03-28,3,Online
B000061,W,F0122,2023-06-20,1,TravelAgency
B000062,Y,F0227,2023-07-29,2,TravelAgency
B000063,W,F0467,2023-04-06,2,TravelAgency
B000064,W,F0436,2023-04-23,1,TravelAgency
B000065,F,F0234,2023-01-24,3,TravelAgency
B000066,W,F0171,2023-12-15,3,TravelAgency
B000067,W,F0018,2023-02-14,1,TravelAgency
B000068,W,F0153,2023-10-12,3,MobileApp
B000069,Y,F0203,2023-01-28,3,TravelAgency
B000070,W,F0038,2023-08-21,3,MobileApp
B000071,F,F0493,2023-04-15,2,Online
B000072,W,F0400,2023-08-09,2,Online
B000073,W,F0107,2023-08-11,1,Online
B000074,F,F0468,2023-06-24,3,TravelAgency
B000075,Y,F0432,2023-06-19,1,MobileApp
B000076,W,F0440,2023-07-11,1,Online
B000077,Y,F0362,2023-09-18,2,Online
B000078,F,F0088,2023-05-19,1,MobileApp
B000079,Y,F0037,2023-01-07,2,MobileApp
B000080,W,F0093,2023-11-19,1,MobileApp
B000081,Y,F0015,2023-05-05,2,MobileApp
B000082,Y,F0276,2023-03-06,1,TravelAgency
B000083,W,F0037,2023-01-25,3,Online
B000084,F,F0490,2023-05-07,1,TravelAgency
B000085,Y,F0288,2022-12-06,3,TravelAgency
B000086,Y,F0316,2023-01-16,2,Online
B000087,Y,F0433,2023-01-14,2,Online
B000088,Y,F0148,2023-09-16,3,TravelAgency
B000089,F,F0161,2023-07-29,3,TravelAgency
B000090,Y,F0312,2023-09-15,3,MobileApp
B000091,W,F0092,2023-06-21,1,TravelAgency
B000092,Y,F0205,2023-01-10,2,Online
B000093,W,F0181,2023-04-08,2,Online
B000094,W,F0447,2023-03-08,3,TravelAgency
B000095,F,F0407,2023-12-14,3,TravelAgency
B000096,Y,F0334,2023-09-11,2,TravelAgency
B000097,Y,F0247,2022-12-18,1,MobileApp
B000098,Y,F0414,2023-06-01,2,MobileApp
B000099,W,F0282,2023-02-07,2,TravelAgency
B000100,Y,F0084,2023-08-13,1,MobileApp
B000101,F,F0491,2023-10-11,2,MobileApp
B000102,Y,F0021,2023-05-13,3,TravelAgency
B000103,W,F0260,2023-01-21,1,MobileApp
B000104,Y,F0335,2023-01-22,2,MobileApp
B000105,F,F0421,2022-11-14,2,MobileApp
B000106,F,F0334,2023-08-20,3,MobileApp
B000107,F,F0378,2023-02-26,1,Online
B000108,Y,F0204,2023-02-12,3,MobileApp
B000109,Y,F0237,2023-10-25,3,MobileApp
B000110,F,F0402,2023-05-17,1,TravelAgency
B000111,F,F0339,2022-11-19,2,Online
B000112,F,F0116,2023-12-22,1,TravelAgency
B000113,W,F0094,2023-10-28,2,MobileApp
B000114,Y,F0365,2023-03-12,1,Online
B000115,F,F0183,2023-05-07,3,Online
B000116,Y,F0439,2023-09-13,2,MobileApp
B000117,F,F0297,2023-05-12,3,MobileApp
B000118,F,F0019,2023-08-15,2,MobileApp
B000119,W,F0232,2023-01-02,1,TravelAgency
B000120,W,F0357,2023-06-15,2,MobileApp
B000121,Y,F0084,2023-08-27,3,Online
B000122,W,F0368,2023-06-30,3,TravelAgency
B000123,W,F0063,2023-07-13,2,TravelAgency
B000124,F,F0316,2023-01-20,2,MobileApp
B000125,Y,F0278,2023-01-24,3,TravelAgency
B000126,F,F0085,2023-10-16,1,MobileApp
B000127,W,F0223,2023-03-31,2,Online
B000128,W,F0087,2023-09-12,3,TravelAgency
B000129,F,F0141,2023-11-21,3,TravelAgency
B000130,W,F0056,2023-08-17,3,MobileApp
B000131,W,F0127,2023-12-01,2,Online
B000132,W,F0065,2023-07-17,2,TravelAgency
B000133,W,F0299,2023-08-06,3,TravelAgency
B000134,W,F0172,2023-08-09,2,TravelAgency
B000135,Y,F0154,2023-06-22,1,Online
B000136,W,F0188,2023-02-05,2,TravelAgency
B000137,W,F0360,2023-09-02,1,MobileApp
B000138,Y,F0167,2022-12-27,1,TravelAgency
B000139,Y,F0029,2023-11-23,1,TravelAgency
B000140,F,F0459,2023-11-03,2,MobileApp
B000141,F,F0195,2023-02-28,3,MobileApp
B000142,W,F0058,2022-12-04,1,MobileApp
B000143,Y,F0361,2023-07-25,2,MobileApp
B000144,Y,F0111,2022-11-30,3,Online
B000145,Y,F0011,2023-05-14,2,Online
B000146,F,F0366,2023-10-22,3,MobileApp
B000147,F,F0494,2023-07-28,3,TravelAgency
B000148,W,F0030,2023-09-06,3,MobileApp
B000149,Y,F0043,2023-06-28,2,TravelAgency
B000150,Y,F0087,2023-09-06,1,Online
B000151,Y,F0150,2022-12-15,2,MobileApp
B000152,Y,F0267,2022-12-23,3,MobileApp
B000153,Y,F0312,2023-08-31,2,MobileApp
B000154,Y,F0138,2023-03-06,3,MobileApp
B000155,F,F0260,2023-02-13,1,Online
B000156,W,F0231,2023-04-15,1,Online
B000157,W,F0157,2023-10-30,2,MobileApp
B000158,F,F0006,2023-07-23,1,Online
B000159,W,F0006,2023-08-20,1,Online
B000160,F,F0313,2023-05-29,3,MobileApp
B000161,F,F0299,2023-09-19,2,MobileApp
B000162,W,F0081,2023-07-10,3,MobileApp
B000163,Y,F0351,2023-03-06,2,TravelAgency
B000164,Y,F0171,2023-12-17,2,Online
B000165,F,F0325,2022-12-30,2,Online
B000166,F,F0500,2023-05-26,3,Online
B000167,F,F0333,2023-01-11,2,TravelAgency
B000168,W,F0197,2023-11-17,3,Online
B000169,Y,F0133,2022-11-12,2,Online
B000170,F,F0044,2023-03-23,1,MobileApp
B000171,W,F0182,2023-08-05,3,TravelAgency
B000172,Y,F0196,2023-09-19,1,Online
B000173,W,F0470,2023-09-28,3,Online
B000174,F,F0181,2023-03-25,1,MobileApp
B000175,F,F0038,2023-08-14,2,MobileApp
B000176,F,F0105,2023-01-02,1,MobileApp
B000177,F,F0090,2023-09-23,1,Online
B000178,Y,F0217,2022-12-10,1,TravelAgency
B000179,W,F0277,2023-03-05,1,MobileApp
B000180,F,F0261,2023-03-16,3,Online
B000181,W,F0146,2023-02-04,3,Online
B000182,F,F0189,2023-06-14,3,MobileApp
B000183,Y,F0344,2023-07-11,3,TravelAgency
B000184,Y,F0318,2023-02-23,3,Online
B000185,W,F0301,2023-10-11,2,MobileApp
B000186,F,F0103,2022-12-16,3,Online
B000187,W,F0392,2023-02-01,2,MobileApp
B000188,F,F0214,2023-02-02,2,Online
B000189,W,F0260,2023-02-03,1,TravelAgency
B000190,Y,F0275,2023-04-26,1,Online
B000191,W,F0171,2023-10-30,1,MobileApp
B000192,Y,F0389,2023-08-11,3,TravelAgency
B000193,W,F0341,2023-06-08,3,Online
B000194,W,F0006,2023-08-29,2,Online
B000195,W,F0316,2023-01-03,3,MobileApp
B000196,F,F0303,2023-10-26,2,MobileApp
B000197,Y,F0333,2022-11-20,1,TravelAgency
B000198,Y,F0122,2023-07-17,1,Online
B000199,Y,F0068,2023-03-27,2,MobileApp
B000200,Y,F0259,2023-09-11,2,TravelAgency
B000201,F,F0275,2023-06-12,3,Online
B000202,W,F0219,2023-08-07,3,Online
B000203,Y,F0245,2023-10-30,1,MobileApp
B000204,Y,F0150,2023-01-06,3,TravelAgency
B000205,F,F0259,2023-09-05,1,Online
B000206,W,F0275,2023-06-12,2,TravelAgency
B000207,Y,F0308,2023-11-02,1,MobileApp
B000208,F,F0429,2023-03-03,3,TravelAgency
B000209,W,F0262,2023-06-22,1,Online
B000210,Y,F0174,2022-12-14,2,MobileApp
B000211,F,F0115,2023-07-27,2,TravelAgency
B000212,F,F0062,2023-08-08,1,MobileApp
B000213,F,F0256,2022-12-10,2,Online
B000214,W,F0490,2023-05-03,1,MobileApp
B000215,Y,F0020,2023-07-31,2,TravelAgency
B000216,F,F0101,2023-01-15,2,MobileApp
B000217,W,F0286,2023-09-30,2,MobileApp
B000218,Y,F0288,2022-12-21,1,Online
B000219,W,F0115,2023-08-04,3,Online
B000220,Y,F0003,2023-10-10,2,Online
B000221,F,F0292,2023-09-16,1,Online
B000222,W,F0195,2023-03-24,3,MobileApp
B000223,F,F0490,2023-05-28,1,TravelAgency
B000224,F,F0196,2023-10-19,1,TravelAgency
B000225,F,F0271,2023-03-09,3,TravelAgency
B000226,F,F0056,2023-07-23,3,TravelAgency
B000227,W,F0267,2023-02-16,1,MobileApp
B000228,W,F0321,2023-02-11,2,MobileApp
B000229,F,F0157,2023-10-03,3,Online
B000230,W,F0355,2023-03-30,1,TravelAgency
B000231,W,F0334,2023-09-16,2,MobileApp
B000232,Y,F0357,2023-05-18,1,Online
B000233,Y,F0130,2022-12-11,1,TravelAgency
B000234,F,F0090,2023-09-23,3,TravelAgency
B000235,W,F0037,2023-01-17,3,MobileApp
B000236,W,F0070,2022-12-25,3,Online
B000237,W,F0001,2023-02-18,1,TravelAgency
B000238,Y,F0463,2023-01-15,1,Online
B000239,F,F0388,2023-02-03,3,TravelAgency
B000240,W,F0085,2023-11-25,2,Online
B000241,Y,F0030,2023-09-15,2,Online
B000242,Y,F0295,2023-09-17,1,Online
B000243,W,F0294,2022-11-27,2,MobileApp
B000244,Y,F0098,2023-08-03,1,TravelAgency
B000245,F,F0367,2023-01-25,2,MobileApp
B000246,F,F0265,2023-07-19,3,TravelAgency
B000247,Y,F0248,2023-06-25,3,TravelAgency
B000248,W,F0307,2023-11-11,3,TravelAgency
B000249,F,F0185,2023-08-30,2,Online
B000250,W,F0190,2023-01-14,1,TravelAgency
B000251,F,F0270,2023-03-31,2,MobileApp
B000252,F,F0008,2023-09-11,3,Online
B000253,Y,F0116,2023-11-15,2,TravelAgency
B000254,Y,F0386,2023-01-30,1,MobileApp
B000255,F,F0443,2023-09-07,3,Online
B000256,Y,F0243,2023-06-02,2,TravelAgency
B000257,F,F0445,2023-03-27,2,MobileApp
B000258,W,F0346,2022-12-10,1,Online
B000259,F,F0364,2023-10-31,2,MobileApp
B000260,Y,F0252,2022-11-11,3,TravelAgency
B000261,F,F0311,2023-10-30,3,TravelAgency
B000262,Y,F0062,2023-07-06,1,MobileApp
B000263,W,F0414,2023-06-12,2,TravelAgency
B000264,W,F0350,2023-05-02,3,TravelAgency
B000265,W,F0290,2023-09-28,3,TravelAgency
B000266,Y,F0479,2023-10-10,2,MobileApp
B000267,Y,F0378,2023-02-21,2,Online
B000268,F,F0183,2023-06-08,2,Online
B000269,Y,F0400,2023-10-02,3,Online
B000270,W,F0169,2022-12-30,1,TravelAgency
B000271,W,F0182,2023-07-23,3,Online
B000272,Y,F0228,2023-07-04,1,Online
B000273,Y,F0244,2023-07-28,1,Online
B000274,F,F0277,2023-02-13,3,TravelAgency
B000275,F,F0050,2023-03-21,3,TravelAgency
B000276,Y,F0322,2023-01-24,3,TravelAgency
B000277,W,F0462,2022-12-21,2,Online
B000278,F,F0352,2023-01-24,3,TravelAgency
B000279,W,F0179,2023-11-03,3,MobileApp
B000280,Y,F0448,2023-03-24,3,TravelAgency
B000281,F,F0020,2023-07-29,1,MobileApp
B000282,F,F0330,2023-05-07,2,TravelAgency
B000283,W,F0418,2023-06-06,2,MobileApp
B000284,W,F0215,2023-02-18,3,TravelAgency
B000285,W,F0267,2023-01-14,2,TravelAgency
B000286,W,F0236,2023-10-01,2,MobileApp
B000287,F,F0386,2023-02-08,2,Online
B000288,W,F0056,2023-07-20,2,Online
B000289,Y,F0399,2023-11-05,3,TravelAgency
B000290,F,F0212,2023-02-01,2,TravelAgency
B000291,Y,F0400,2023-10-01,3,MobileApp
B000292,F,F0108,2023-05-13,2,MobileApp
B000293,W,F0343,2023-12-25,2,MobileApp
B000294,Y,F0237,2023-09-25,3,TravelAgency
B000295,W,F0092,2023-07-14,1,Online
B000296,F,F0019,2023-09-15,2,Online
B000297,Y,F0177,2023-02-02,1,Online
B000298,W,F0478,2023-08-13,3,MobileApp
B000299,Y,F0323,2023-11-07,3,TravelAgency
B000300,Y,F0138,2023-02-19,1,TravelAgency
B000301,F,F0378,2023-01-23,1,MobileApp
B000302,F,F0355,2023-04-01,1,TravelAgency
B000303,W,F0287,2023-06-27,1,Online
B000304,W,F0123,2023-02-19,1,TravelAgency
B000305,W,F0326,2023-09-04,1,TravelAgency
B000306,W,F0239,2023-06-24,1,Online
B000307,Y,F0047,2023-10-11,2,MobileApp
B000308,Y,F0033,2023-07-03,2,MobileApp
B000309,Y,F0489,2023-06-21,1,Online
B000310,F,F0246,2023-09-25,2,Online
B000311,F,F0002,2023-02-18,2,MobileApp
B000312,W,F0237,2023-10-14,1,Online
B000313,F,F0021,2023-06-25,1,MobileApp
B000314,W,F0421,2022-12-29,1,MobileApp
B000315,Y,F0098,2023-06-30,3,TravelAgency
B000316,F,F0371,2023-02-14,1,Online
B000317,Y,F0053,2023-05-14,1,Online
B000318,W,F0380,2023-02-04,2,TravelAgency
B000319,F,F0373,2023-03-12,1,TravelAgency
B000320,F,F0018,2023-04-04,3,TravelAgency
B000321,Y,F0045,2023-05-03,2,TravelAgency
B000322,W,F0246,2023-11-05,1,TravelAgency
B000323,F,F0240,2023-11-08,1,TravelAgency
B000324,F,F0100,2023-08-02,3,TravelAgency
B000325,Y,F0334,2023-08-18,3,TravelAgency
B000326,W,F0419,2022-12-17,3,MobileApp
B000327,W,F0280,2023-01-01,2,MobileApp
B000328,F,F0471,2023-04-16,3,TravelAgency
B000329,W,F0007,2023-01-12,3,TravelAgency
B000330,W,F0102,2023-06-15,1,MobileApp
B000331,W,F0421,2022-11-29,3,TravelAgency
B000332,W,F0129,2023-05-07,2,Online
B000333,W,F0120,2023-10-08,3,TravelAgency
B000334,W,F0098,2023-08-05,3,Online
B000335,Y,F0299,2023-09-18,1,TravelAgency
B000336,W,F0063,2023-07-30,1,MobileApp
B000337,W,F0186,2023-02-07,3,MobileApp
B000338,F,F0305,2023-02-28,2,Online
B000339,Y,F0357,2023-05-09,1,MobileApp
B000340,W,F0066,2022-12-09,3,Online
B000341,W,F0221,2023-12-14,2,TravelAgency
B000342,W,F0380,2023-02-11,2,MobileApp
B000343,W,F0219,2023-07-24,1,Online
B000344,Y,F0500,2023-05-16,2,MobileApp
B000345,W,F0473,2023-09-06,1,Online
B000346,Y,F0357,2023-05-22,2,MobileApp
B000347,F,F0376,2022-12-13,3,Online
B000348,Y,F0145,2023-01-03,2,Online
B000349,W,F0283,2023-10-12,2,Online
B000350,Y,F0185,2023-08-09,2,Online
B000351,F,F0386,2023-01-09,3,MobileApp
B000352,Y,F0097,2023-04-10,3,TravelAgency
B000353,F,F0221,2023-12-12,2,MobileApp
B000354,F,F0340,2023-04-25,2,MobileApp
B000355,W,F0221,2023-12-24,3,MobileApp
B000356,F,F0312,2023-09-20,2,MobileApp
B000357,W,F0240,2023-11-10,3,MobileApp
B000358,W,F0487,2023-05-03,1,TravelAgency
B000359,F,F0342,2023-03-19,2,Online
B000360,F,F0357,2023-04-29,1,Online
B000361,F,F0225,2023-04-01,3,TravelAgency
B000362,F,F0420,2022-12-31,1,Online
B000363,W,F0396,2023-02-12,2,Online
B000364,F,F0220,2023-09-30,2,Online
B000365,W,F0305,2023-02-25,2,Online
B000366,W,F0052,2023-07-20,2,MobileApp
B000367,Y,F0157,2023-10-19,1,Online
B000368,F,F0175,2023-07-12,3,Online
B000369,Y,F0084,2023-09-19,3,TravelAgency
B000370,Y,F0125,2023-04-22,2,Online
B000371,W,F0376,2023-01-17,1,TravelAgency
B000372,W,F0398,2022-11-17,1,MobileApp
B000373,Y,F0330,2023-04-09,1,Online
B000374,Y,F0319,2023-01-16,1,Online
B000375,Y,F0250,2023-07-23,2,MobileApp
B000376,Y,F0059,2023-04-14,1,TravelAgency
B000377,Y,F0306,2023-04-11,1,MobileApp
B000378,Y,F0277,2023-02-07,2,MobileApp
B000379,F,F0486,2023-04-22,1,MobileApp
B000380,W,F0331,2023-08-21,2,MobileApp
B000381,W,F0104,2023-07-25,2,MobileApp
B000382,Y,F0365,2023-03-17,3,Online
B000383,W,F0489,2023-07-14,2,TravelAgency
B000384,W,F0439,2023-09-14,3,MobileApp
B000385,F,F0464,2023-04-26,2,TravelAgency
B000386,F,F0436,2023-05-14,2,MobileApp
B000387,Y,F0056,2023-07-20,2,MobileApp
B000388,W,F0349,2023-10-17,2,Online
B000389,Y,F0304,2023-02-27,3,MobileApp
B000390,W,F0073,2023-01-11,3,TravelAgency
B000391,Y,F0137,2023-07-09,1,MobileApp
B000392,W,F0257,2023-05-10,1,Online
B000393,F,F0467,2023-04-27,2,Online
B000394,Y,F0042,2022-12-21,3,TravelAgency
B000395,Y,F0278,2023-01-12,3,Online
B000396,F,F0081,2023-07-22,1,Online
B000397,W,F0098,2023-07-17,3,MobileApp
B000398,Y,F0232,2022-11-19,3,Online
B000399,F,F0180,2022-12-30,1,MobileApp
B000400,F,F0466,2023-05-20,3,MobileApp
B000401,W,F0335,2023-03-05,1,MobileApp
B000402,F,F0066,2022-12-08,1,Online
B000403,Y,F0323,2023-10-27,2,MobileApp
B000404,Y,F0477,2023-07-11,1,Online
B000405,W,F0409,2023-02-22,3,MobileApp
B000406,F,F0290,2023-09-02,2,MobileApp
B000407,F,F0148,2023-09-14,1,Online
B000408,W,F0077,2023-07-25,1,TravelAgency
B000409,Y,F0088,2023-05-19,3,MobileApp
B000410,Y,F0236,2023-09-10,3,MobileApp
B000411,F,F0406,2022-12-02,1,Online
B000412,Y,F0486,2023-03-10,2,Online
B000413,W,F0268,2023-08-11,2,Online
B000414,Y,F0430,2023-10-29,2,TravelAgency
B000415,W,F0345,2023-05-07,3,TravelAgency
B000416,Y,F0312,2023-07-28,2,Online
B000417,F,F0157,2023-10-05,3,MobileApp
B000418,W,F0320,2023-07-10,3,MobileApp
B000419,W,F0433,2023-01-09,2,Online
B000420,F,F0184,2022-12-31,2,TravelAgency
B000421,W,F0416,2023-08-17,1,TravelAgency
B000422,Y,F0125,2023-04-25,1,TravelAgency
B000423,F,F0064,2022-12-21,1,MobileApp
B000424,F,F0146,2023-02-07,2,MobileApp
B000425,Y,F0422,2023-06-12,3,Online
B000426,F,F0462,2022-11-26,1,TravelAgency
B000427,F,F0251,2023-12-17,3,TravelAgency
B000428,F,F0033,2023-07-09,1,Online
B000429,W,F0217,2022-11-16,3,Online
B000430,F,F0196,2023-10-16,2,Online
B000431,F,F0351,2023-03-20,2,Online
B000432,W,F0109,2023-09-17,2,Online
B000433,F,F0091,2023-05-07,2,MobileApp
B000434,W,F0357,2023-06-03,2,MobileApp
B000435,Y,F0106,2022-11-21,2,Online
B000436,W,F0477,2023-07-17,3,Online
B000437,F,F0132,2023-10-26,1,MobileApp
B000438,F,F0193,2023-10-01,2,TravelAgency
B000439,W,F0171,2023-12-02,3,Online
B000440,Y,F0362,2023-09-24,1,MobileApp
B000441,W,F0449,2023-05-23,1,TravelAgency
B000442,Y,F0392,2023-02-10,2,MobileApp
B000443,Y,F0016,2023-07-27,2,Online
B000444,F,F0036,2023-10-20,1,TravelAgency
B000445,W,F0416,2023-09-26,2,TravelAgency
B000446,W,F0443,2023-10-18,1,MobileApp
B000447,F,F0460,2023-05-24,1,TravelAgency
B000448,W,F0349,2023-09-17,3,TravelAgency
B000449,W,F0313,2023-05-04,1,MobileApp
B000450,Y,F0160,2022-12-03,1,Online
B000451,W,F0500,2023-05-24,1,MobileApp
B000452,F,F0130,2023-01-11,3,Online
B000453,Y,F0153,2023-10-15,3,TravelAgency
B000454,F,F0234,2023-02-19,3,Online
B000455,Y,F0113,2023-01-07,1,MobileApp
B000456,F,F0448,2023-03-14,1,TravelAgency
B000457,Y,F0180,2022-12-25,3,Online
B000458,W,F0073,2022-12-05,3,TravelAgency
B000459,Y,F0190,2023-01-12,2,TravelAgency
B000460,W,F0058,2023-01-02,3,Online
B000461,F,F0033,2023-07-16,3,Online
B000462,W,F0003,2023-09-01,3,MobileApp
B000463,F,F0159,2023-02-09,1,MobileApp
B000464,W,F0256,2023-01-03,3,Online
B000465,Y,F0266,2023-05-19,1,TravelAgency
B000466,W,F0137,2023-05-21,1,TravelAgency
B000467,W,F0490,2023-06-13,3,MobileApp
B000468,W,F0415,2023-09-12,2,Online
B000469,Y,F0346,2023-01-27,2,MobileApp
B000470,Y,F0197,2023-10-15,1,MobileApp
B000471,Y,F0490,2023-04-27,3,TravelAgency
B000472,F,F0353,2023-08-30,1,TravelAgency
B000473,Y,F0491,2023-11-01,2,Online
B000474,Y,F0044,2023-05-14,3,Online
B000475,Y,F0367,2022-12-17,2,TravelAgency
B000476,Y,F0133,2023-01-09,1,Online
B000477,F,F0015,2023-03-16,3,Online
B000478,W,F0142,2023-01-04,3,TravelAgency
B000479,Y,F0284,2023-11-14,2,Online
B000480,W,F0485,2022-12-04,2,Online
B000481,W,F0282,2023-02-03,2,TravelAgency
B000482,W,F0068,2023-04-22,3,MobileApp
B000483,Y,F0359,2023-05-27,3,MobileApp
B000484,W,F0319,2023-01-11,1,Online
B000485,F,F0284,2023-12-04,1,MobileApp
B000486,W,F0398,2022-12-09,3,Online
B000487,F,F0348,2023-06-25,3,TravelAgency
B000488,W,F0354,2023-08-15,1,Online
B000489,W,F0362,2023-10-21,2,Online
B000490,W,F0194,2023-06-01,1,Online
B000491,W,F0376,2023-01-02,1,Online
B000492,W,F0250,2023-07-18,2,TravelAgency
B000493,Y,F0167,2023-01-01,2,Online
B000494,Y,F0072,2023-02-28,3,Online
B000495,W,F0180,2022-12-31,3,TravelAgency
B000496,W,F0472,2023-08-16,1,TravelAgency
B000497,W,F0165,2022-12-24,2,Online
B000498,W,F0110,2023-06-15,3,Online
B000499,Y,F0104,2023-09-04,2,MobileApp
B000500,W,F0240,2023-10-05,1,TravelAgency
B000501,Y,F0082,2023-01-18,1,Online
B000502,Y,F0231,2023-03-26,3,Online
B000503,W,F0287,2023-08-02,1,Online
B000504,Y,F0191,2023-08-27,3,Online
B000505,W,F0174,2022-12-16,3,MobileApp
B000506,F,F0426,2023-04-29,2,TravelAgency
B000507,Y,F0411,2023-06-05,2,TravelAgency
B000508,W,F0457,2023-11-03,3,TravelAgency
B000509,Y,F0375,2023-08-03,1,TravelAgency
B000510,F,F0202,2023-08-28,1,TravelAgency
B000511,Y,F0351,2023-04-01,2,Online
B000512,Y,F0047,2023-11-15,1,Online
B000513,W,F0024,2023-10-08,1,TravelAgency
B000514,W,F0312,2023-07-31,3,TravelAgency
B000515,Y,F0169,2022-11-26,2,Online
B000516,F,F0385,2023-01-23,2,Online
B000517,W,F0409,2023-02-27,1,Online
B000518,W,F0262,2023-06-03,1,MobileApp
B000519,F,F0076,2023-09-21,1,MobileApp
B000520,Y,F0069,2023-10-27,1,TravelAgency
B000521,W,F0231,2023-03-26,2,MobileApp
B000522,W,F0230,2023-02-07,1,Online
B000523,W,F0460,2023-04-26,1,Online
B000524,Y,F0148,2023-08-18,3,MobileApp
B000525,W,F0248,2023-07-26,3,TravelAgency
B000526,F,F0285,2023-07-22,2,MobileApp
B000527,Y,F0053,2023-05-18,1,TravelAgency
B000528,Y,F0372,2023-08-27,2,TravelAgency
B000529,W,F0141,2023-11-10,1,TravelAgency
B000530,Y,F0144,2023-05-16,1,TravelAgency
B000531,Y,F0220,2023-09-02,2,TravelAgency
B000532,F,F0098,2023-07-26,3,TravelAgency
B000533,W,F0441,2023-03-20,1,TravelAgency
B000534,Y,F0387,2023-02-10,3,Online
B000535,F,F0233,2023-01-25,1,MobileApp
B000536,F,F0047,2023-11-17,2,MobileApp
B000537,W,F0313,2023-04-16,2,Online
B000538,F,F0187,2023-03-26,1,MobileApp
B000539,Y,F0018,2023-02-22,3,Online
B000540,W,F0241,2023-04-06,1,TravelAgency
B000541,W,F0061,2023-01-19,3,TravelAgency
B000542,W,F0459,2023-11-04,1,MobileApp
B000543,Y,F0444,2022-11-27,3,MobileApp
B000544,F,F0109,2023-09-20,1,MobileApp
B000545,Y,F0452,2023-09-28,2,TravelAgency
B000546,F,F0387,2023-02-23,1,TravelAgency
B000547,W,F0068,2023-03-22,1,TravelAgency
B000548,Y,F0097,2023-05-25,2,TravelAgency
B000549,W,F0193,2023-10-28,1,MobileApp
B000550,W,F0089,2023-12-02,3,Online
B000551,Y,F0065,2023-08-02,2,Online
B000552,W,F0266,2023-05-30,2,MobileApp
B000553,F,F0195,2023-02-15,3,TravelAgency
B000554,W,F0220,2023-09-20,2,Online
B000555,W,F0450,2023-05-03,3,MobileApp
B000556,F,F0496,2023-06-21,1,Online
B000557,Y,F0117,2023-12-06,2,Online
B000558,W,F0468,2023-06-17,2,MobileApp
B000559,W,F0356,2023-02-11,2,MobileApp
B000560,Y,F0152,2023-10-28,1,Online
B000561,F,F0127,2023-12-04,3,MobileApp
B000562,F,F0130,2022-12-12,1,Online
B000563,W,F0001,2023-02-17,3,MobileApp
B000564,W,F0225,2023-03-15,1,Online
B000565,W,F0410,2023-05-07,1,Online
B000566,W,F0317,2023-06-29,3,MobileApp
B000567,Y,F0324,2023-04-20,2,TravelAgency
B000568,F,F0491,2023-10-20,3,Online
B000569,Y,F0290,2023-10-04,2,Online
B000570,W,F0144,2023-05-03,1,TravelAgency
B000571,W,F0231,2023-02-15,2,TravelAgency
B000572,Y,F0475,2023-09-03,2,MobileApp
B000573,Y,F0338,2023-04-01,3,Online
B000574,Y,F0427,2023-07-31,1,Online
B000575,F,F0453,2023-09-19,1,Online
B000576,W,F0320,2023-07-30,1,TravelAgency
B000577,F,F0124,2023-02-03,3,TravelAgency
B000578,Y,F0100,2023-07-03,3,MobileApp
B000579,W,F0238,2023-09-22,2,TravelAgency
B000580,F,F0170,2023-08-21,2,Online
B000581,F,F0038,2023-08-20,3,TravelAgency
B000582,W,F0113,2022-12-24,3,MobileApp
B000583,Y,F0045,2023-06-21,2,Online
B000584,F,F0296,2023-08-15,1,MobileApp
B000585,F,F0220,2023-09-22,3,MobileApp
B000586,W,F0377,2023-11-02,2,TravelAgency
B000587,F,F0249,2023-07-11,2,MobileApp
B000588,W,F0093,2023-11-19,3,TravelAgency
B000589,Y,F0197,2023-12-06,3,MobileApp
B000590,W,F0270,2023-04-12,3,Online
B000591,F,F0046,2023-04-13,3,MobileApp
B000592,F,F0297,2023-04-10,2,MobileApp
B000593,W,F0370,2022-12-11,3,MobileApp
B000594,Y,F0049,2023-07-07,1,TravelAgency
B000595,Y,F0071,2023-05-17,3,MobileApp
B000596,Y,F0210,2023-03-29,3,TravelAgency
B000597,Y,F0017,2023-10-08,2,MobileApp
B000598,W,F0302,2023-11-25,1,MobileApp
B000599,F,F0310,2023-06-06,1,MobileApp
B000600,Y,F0273,2023-10-28,3,MobileApp
B000601,Y,F0027,2023-03-27,1,TravelAgency
B000602,W,F0315,2022-12-22,2,MobileApp
B000603,Y,F0067,2023-05-05,1,Online
B000604,W,F0493,2023-02-26,3,TravelAgency
B000605,W,F0452,2023-09-01,1,TravelAgency
B000606,W,F0115,2023-08-17,1,Online
B000607,F,F0049,2023-08-02,3,TravelAgency
B000608,F,F0247,2023-01-29,1,Online
B000609,Y,F0148,2023-10-08,3,TravelAgency
B000610,W,F0241,2023-04-30,1,MobileApp
B000611,Y,F0342,2023-03-14,1,MobileApp
B000612,W,F0332,2023-02-15,2,MobileApp
B000613,Y,F0275,2023-05-03,1,TravelAgency
B000614,Y,F0229,2023-03-08,1,Online
B000615,W,F0398,2022-12-06,1,TravelAgency
B000616,W,F0360,2023-09-21,2,TravelAgency
B000617,W,F0460,2023-06-17,3,Online
B000618,Y,F0185,2023-09-01,3,MobileApp
B000619,F,F0098,2023-07-22,3,Online
B000620,W,F0485,2022-11-24,2,MobileApp
B000621,Y,F0165,2022-12-12,1,TravelAgency
B000622,Y,F0296,2023-08-15,3,Online
B000623,Y,F0171,2023-11-13,1,MobileApp
B000624,F,F0357,2023-06-09,1,Online
B000625,W,F0235,2023-05-06,2,Online
B000626,F,F0187,2023-04-09,1,TravelAgency
B000627,F,F0300,2023-11-28,1,TravelAgency
B000628,F,F0017,2023-09-20,2,TravelAgency
B000629,Y,F0183,2023-06-08,2,TravelAgency
B000630,Y,F0375,2023-07-26,1,TravelAgency
B000631,W,F0217,2022-12-17,2,TravelAgency
B000632,Y,F0053,2023-06-20,1,Online
B000633,Y,F0235,2023-03-25,3,TravelAgency
B000634,Y,F0157,2023-10-27,2,Online
B000635,Y,F0467,2023-03-27,3,MobileApp
B000636,F,F0282,2023-02-06,3,TravelAgency
B000637,F,F0368,2023-07-10,3,Online
B000638,F,F0317,2023-06-25,3,TravelAgency
B000639,Y,F0062,2023-07-05,3,MobileApp
B000640,F,F0005,2023-11-11,1,TravelAgency
B000641,Y,F0162,2023-11-06,3,MobileApp
B000642,F,F0393,2023-03-02,1,MobileApp
B000643,Y,F0093,2023-10-26,2,Online
B000644,W,F0118,2023-04-21,3,TravelAgency
B000645,W,F0070,2022-11-28,2,Online
B000646,F,F0123,2023-03-07,1,TravelAgency
B000647,W,F0278,2023-01-10,1,MobileApp
B000648,F,F0152,2023-10-12,2,TravelAgency
B000649,F,F0321,2023-03-26,3,MobileApp
B000650,F,F0496,2023-06-04,2,MobileApp
B000651,Y,F0342,2023-03-14,1,TravelAgency
B000652,Y,F0002,2023-02-07,2,MobileApp
B000653,W,F0321,2023-03-01,1,Online
B000654,F,F0440,2023-08-25,2,TravelAgency
B000655,W,F0009,2023-10-01,2,TravelAgency
B000656,F,F0108,2023-06-25,2,TravelAgency
B000657,Y,F0068,2023-04-23,1,TravelAgency
B000658,Y,F0165,2022-12-10,1,Online
B000659,F,F0316,2022-12-17,1,MobileApp
B000660,Y,F0404,2023-10-29,1,Online
B000661,W,F0491,2023-10-29,2,Online
B000662,Y,F0189,2023-05-13,2,TravelAgency
B000663,Y,F0111,2022-12-17,2,MobileApp
B000664,F,F0158,2023-12-06,2,MobileApp
B000665,Y,F0048,2023-05-01,1,MobileApp
B000666,F,F0297,2023-04-11,2,Online
B000667,Y,F0269,2023-06-30,3,Online
B000668,Y,F0197,2023-11-01,3,TravelAgency
B000669,Y,F0046,2023-05-09,2,Online
B000670,W,F0488,2023-03-06,2,TravelAgency
B000671,F,F0189,2023-05-31,1,TravelAgency
B000672,W,F0461,2023-04-21,3,TravelAgency
B000673,W,F0037,2023-01-19,1,Online
B000674,F,F0370,2023-01-29,1,MobileApp
B000675,F,F0236,2023-10-03,1,Online
B000676,Y,F0480,2023-10-22,2,TravelAgency
B000677,Y,F0238,2023-09-14,3,TravelAgency
B000678,Y,F0379,2023-07-08,3,MobileApp
B000679,F,F0353,2023-09-08,1,MobileApp
B000680,F,F0051,2023-11-19,1,Online
B000681,W,F0256,2022-12-28,1,MobileApp
B000682,W,F0366,2023-09-26,3,Online
B000683,F,F0342,2023-02-04,3,MobileApp
B000684,W,F0188,2023-02-02,1,MobileApp
B000685,F,F0069,2023-10-08,3,Online
B000686,F,F0393,2023-04-04,2,MobileApp
B000687,F,F0269,2023-08-14,3,Online
B000688,Y,F0277,2023-03-31,2,MobileApp
B000689,F,F0046,2023-05-12,2,MobileApp
B000690,W,F0371,2023-01-27,2,MobileApp
B000691,W,F0338,2023-03-31,2,Online
B000692,Y,F0308,2023-11-18,2,TravelAgency
B000693,Y,F0351,2023-03-17,1,TravelAgency
B000694,F,F0240,2023-11-14,2,MobileApp
B000695,W,F0237,2023-11-15,2,MobileApp
B000696,W,F0260,2023-02-08,3,Online
B000697,Y,F0102,2023-07-04,3,TravelAgency
B000698,W,F0179,2023-11-19,2,TravelAgency
B000699,W,F0027,2023-03-16,2,MobileApp
B000700,Y,F0129,2023-04-28,1,MobileApp
B000701,W,F0388,2022-12-31,1,MobileApp
B000702,Y,F0175,2023-07-17,2,Online
B000703,F,F0032,2023-02-20,2,TravelAgency
B000704,W,F0036,2023-11-01,1,TravelAgency
B000705,F,F0350,2023-05-09,1,MobileApp
B000706,W,F0101,2023-02-16,3,Online
B000707,F,F0126,2022-12-30,1,TravelAgency
B000708,F,F0378,2023-01-26,1,Online
B000709,Y,F0183,2023-06-01,1,MobileApp
B000710,Y,F0423,2023-11-13,2,TravelAgency
B000711,W,F0227,2023-06-15,1,TravelAgency
B000712,W,F0024,2023-09-20,2,TravelAgency
B000713,Y,F0388,2023-01-12,3,Online
B000714,W,F0465,2023-04-02,2,MobileApp
B000715,F,F0002,2023-01-16,1,Online
B000716,W,F0498,2023-03-12,3,MobileApp
B000717,W,F0183,2023-05-13,1,TravelAgency
B000718,Y,F0064,2023-01-09,1,Online
B000719,F,F0283,2023-10-14,2,MobileApp
B000720,W,F0141,2023-10-24,3,MobileApp
B000721,W,F0254,2023-05-27,2,Online
B000722,Y,F0256,2022-12-10,2,MobileApp
B000723,W,F0022,2022-12-02,1,MobileApp
B000724,Y,F0032,2023-01-22,1,TravelAgency
B000725,W,F0473,2023-10-05,2,TravelAgency
B000726,W,F0213,2023-01-14,3,MobileApp
B000727,Y,F0289,2023-04-30,2,MobileApp
B000728,F,F0382,2023-02-27,3,TravelAgency
B000729,F,F0195,2023-02-16,2,MobileApp
B000730,Y,F0448,2023-04-23,3,TravelAgency
B000731,W,F0259,2023-10-27,2,TravelAgency
B000732,F,F0237,2023-10-09,1,MobileApp
B000733,W,F0037,2023-01-13,1,MobileApp
B000734,Y,F0028,2023-11-16,2,MobileApp
B000735,Y,F0039,2023-09-12,2,TravelAgency
B000736,W,F0240,2023-10-01,2,MobileApp
B000737,F,F0390,2023-03-19,1,Online
B000738,F,F0412,2023-02-25,1,MobileApp
B000739,F,F0316,2022-12-29,2,Online
B000740,W,F0194,2023-07-04,3,TravelAgency
B000741,Y,F0188,2023-02-12,2,MobileApp
B000742,W,F0053,2023-06-18,1,TravelAgency
B000743,Y,F0194,2023-06-28,2,MobileApp
B000744,F,F0339,2022-11-30,2,Online
B000745,Y,F0134,2023-05-24,2,MobileApp
B000746,Y,F0428,2023-11-25,1,Online
B000747,W,F0055,2023-07-18,2,TravelAgency
B000748,F,F0109,2023-10-29,1,Online
B000749,Y,F0185,2023-09-13,1,MobileApp
B000750,W,F0348,2023-05-28,1,TravelAgency
B000751,F,F0122,2023-07-28,1,Online
B000752,W,F0145,2022-12-18,1,TravelAgency
B000753,F,F0101,2023-02-06,3,Online
B000754,Y,F0072,2023-02-23,2,Online
B000755,F,F0381,2023-09-14,2,Online
B000756,F,F0210,2023-03-19,2,MobileApp
B000757,W,F0082,2023-01-05,1,TravelAgency
B000758,F,F0362,2023-09-18,2,TravelAgency
B000759,W,F0422,2023-06-08,1,Online
B000760,Y,F0306,2023-03-03,1,MobileApp
B000761,W,F0316,2022-12-21,2,TravelAgency
B000762,Y,F0353,2023-09-17,1,TravelAgency
B000763,F,F0261,2023-04-11,3,Online
B000764,F,F0003,2023-09-04,3,MobileApp
B000765,Y,F0234,2023-01-19,1,TravelAgency
B000766,Y,F0077,2023-09-04,2,MobileApp
B000767,W,F0257,2023-06-14,3,MobileApp
B000768,F,F0293,2023-01-18,1,TravelAgency
B000769,W,F0061,2022-12-14,3,TravelAgency
B000770,Y,F0006,2023-07-24,3,Online
B000771,F,F0407,2023-11-20,3,Online
B000772,Y,F0272,2023-04-16,1,MobileApp
B000773,F,F0484,2023-08-28,1,TravelAgency
B000774,W,F0291,2023-09-24,1,Online
B000775,Y,F0079,2023-09-18,3,TravelAgency
B000776,Y,F0446,2023-04-27,3,MobileApp
B000777,Y,F0200,2023-01-07,3,TravelAgency
B000778,Y,F0359,2023-07-13,2,Online
B000779,F,F0302,2023-10-22,3,Online
B000780,W,F0044,2023-04-30,2,TravelAgency
B000781,Y,F0339,2022-12-26,2,MobileApp
B000782,Y,F0148,2023-08-20,2,MobileApp
B000783,W,F0322,2022-12-15,3,Online
B000784,Y,F0341,2023-05-21,3,TravelAgency
B000785,F,F0227,2023-06-27,3,TravelAgency
B000786,Y,F0454,2023-05-02,2,TravelAgency
B000787,F,F0025,2023-06-06,1,Online
B000788,F,F0350,2023-04-24,1,MobileApp
B000789,W,F0271,2023-03-01,2,MobileApp
B000790,F,F0342,2023-03-20,2,MobileApp
B000791,F,F0250,2023-08-09,1,Online
B000792,F,F0483,2023-08-22,1,MobileApp
B000793,F,F0392,2023-02-17,3,MobileApp
B000794,F,F0049,2023-06-28,1,TravelAgency
B000795,F,F0044,2023-05-17,2,Online
B000796,W,F0406,2022-12-09,3,MobileApp
B000797,W,F0455,2023-11-22,2,Online
B000798,F,F0217,2022-12-22,2,Online
B000799,Y,F0246,2023-09-21,2,TravelAgency
B000800,Y,F0233,2023-03-05,2,Online
B000801,F,F0414,2023-07-05,3,TravelAgency
B000802,W,F0328,2023-02-28,3,MobileApp
B000803,W,F0428,2023-11-25,3,Online
B000804,Y,F0409,2023-03-16,1,Online
B000805,Y,F0174,2023-01-07,1,TravelAgency
B000806,W,F0245,2023-12-16,1,MobileApp
B000807,F,F0239,2023-07-24,2,TravelAgency
B000808,Y,F0139,2023-01-12,2,TravelAgency
B000809,F,F0195,2023-02-22,1,MobileApp
B000810,F,F0124,2023-03-26,2,TravelAgency
B000811,Y,F0004,2023-03-13,3,TravelAgency
B000812,F,F0482,2023-04-07,3,MobileApp
B000813,F,F0461,2023-05-15,3,Online
B000814,F,F0259,2023-10-04,2,TravelAgency
B000815,Y,F0041,2023-09-24,1,MobileApp
B000816,F,F0457,2023-10-21,3,TravelAgency
B000817,Y,F0261,2023-04-23,2,MobileApp
B000818,W,F0319,2023-01-02,2,TravelAgency
B000819,Y,F0300,2023-10-28,1,MobileApp
B000820,F,F0242,2023-07-02,2,MobileApp
B000821,W,F0305,2023-03-07,1,MobileApp
B000822,Y,F0447,2023-02-24,1,Online
B000823,Y,F0077,2023-08-06,1,Online
B000824,F,F0114,2023-05-04,3,MobileApp
B000825,Y,F0275,2023-06-10,1,TravelAgency
B000826,W,F0104,2023-08-20,3,Online
B000827,F,F0499,2023-02-03,3,Online
B000828,F,F0056,2023-08-18,3,TravelAgency
B000829,F,F0300,2023-11-20,1,Online
B000830,F,F0159,2023-01-16,2,Online
B000831,F,F0460,2023-04-26,3,Online
B000832,F,F0297,2023-04-24,2,MobileApp
B000833,W,F0336,2023-07-14,3,Online
B000834,W,F0412,2023-02-26,3,TravelAgency
B000835,W,F0212,2023-03-11,2,TravelAgency
B000836,F,F0232,2022-12-02,1,Online
B000837,W,F0043,2023-08-06,3,Online
B000838,F,F0116,2023-11-24,1,TravelAgency
B000839,Y,F0480,2023-11-04,2,TravelAgency
B000840,F,F0127,2023-11-29,2,Online
B000841,Y,F0059,2023-04-05,3,MobileApp
B000842,Y,F0445,2023-04-27,3,MobileApp
B000843,F,F0016,2023-07-07,3,Online
B000844,F,F0197,2023-11-08,3,TravelAgency
B000845,W,F0439,2023-08-29,3,MobileApp
B000846,F,F0059,2023-04-11,3,Online
B000847,Y,F0337,2023-02-16,1,Online
B000848,F,F0220,2023-10-04,3,TravelAgency
B000849,W,F0174,2023-01-29,1,Online
B000850,F,F0095,2023-12-05,3,TravelAgency
B000851,F,F0236,2023-08-30,1,TravelAgency
B000852,W,F0272,2023-04-21,1,TravelAgency
B000853,W,F0062,2023-07-21,2,Online
B000854,W,F0017,2023-10-26,1,TravelAgency
B000855,F,F0275,2023-06-08,3,MobileApp
B000856,W,F0118,2023-04-18,2,TravelAgency
B000857,Y,F0192,2023-11-20,2,TravelAgency
B000858,Y,F0036,2023-10-19,3,TravelAgency
B000859,W,F0230,2023-01-06,2,MobileApp
B000860,W,F0039,2023-10-07,3,MobileApp
B000861,W,F0281,2023-06-06,3,MobileApp
B000862,F,F0437,2023-08-29,3,TravelAgency
B000863,F,F0487,2023-04-22,2,MobileApp
B000864,W,F0004,2023-02-24,1,MobileApp
B000865,Y,F0437,2023-07-12,1,Online
B000866,F,F0442,2023-02-12,1,MobileApp
B000867,F,F0273,2023-09-25,3,MobileApp
B000868,W,F0348,2023-06-13,1,Online
B000869,W,F0253,2023-01-01,3,MobileApp
B000870,W,F0316,2023-01-15,1,Online
B000871,F,F0496,2023-06-22,3,TravelAgency
B000872,W,F0263,2023-02-07,2,Online
B000873,Y,F0034,2023-07-14,1,Online
B000874,F,F0302,2023-10-21,2,TravelAgency
B000875,W,F0480,2023-12-09,3,TravelAgency
B000876,Y,F0305,2023-01-14,2,Online
B000877,Y,F0160,2023-01-06,2,MobileApp
B000878,F,F0188,2023-02-08,1,TravelAgency
B000879,W,F0432,2023-07-18,2,TravelAgency
B000880,F,F0485,2022-11-19,2,TravelAgency
B000881,Y,F0019,2023-09-04,3,MobileApp
B000882,W,F0001,2023-03-02,1,MobileApp
B000883,Y,F0247,2023-02-08,1,MobileApp
B000884,W,F0277,2023-02-21,2,MobileApp
B000885,F,F0154,2023-06-16,3,Online
B000886,W,F0020,2023-07-30,1,Online
B000887,F,F0190,2023-02-04,1,Online
B000888,F,F0044,2023-05-02,2,Online
B000889,W,F0474,2023-04-24,3,TravelAgency
B000890,F,F0256,2023-01-09,3,TravelAgency
B000891,F,F0127,2023-11-07,2,MobileApp
B000892,W,F0139,2023-01-30,2,Online
B000893,F,F0445,2023-04-03,1,MobileApp
B000894,F,F0374,2023-11-04,1,Online
B000895,F,F0201,2023-06-18,2,TravelAgency
B000896,W,F0054,2022-12-29,3,MobileApp
B000897,Y,F0375,2023-08-04,2,MobileApp
B000898,F,F0326,2023-09-30,3,MobileApp
B000899,F,F0284,2023-11-14,3,MobileApp
B000900,F,F0418,2023-04-14,2,Online
B000901,W,F0192,2023-12-02,3,MobileApp
B000902,F,F0253,2022-11-22,2,MobileApp
B000903,W,F0126,2023-01-13,2,TravelAgency
B000904,F,F0288,2023-01-14,3,Online
B000905,Y,F0453,2023-08-07,2,Online
B000906,Y,F0198,2023-10-06,2,MobileApp
B000907,F,F0327,2023-01-24,3,TravelAgency
B000908,F,F0099,2023-01-24,3,MobileApp
B000909,W,F0199,2023-02-13,1,Online
B000910,F,F0470,2023-10-22,3,MobileApp
B000911,F,F0183,2023-05-21,2,Online
B000912,F,F0015,2023-05-01,1,Online
B000913,Y,F0148,2023-08-29,3,Online
B000914,W,F0219,2023-07-21,2,Online
B000915,F,F0235,2023-03-17,1,TravelAgency
B000916,F,F0398,2022-12-28,1,MobileApp
B000917,Y,F0391,2023-02-16,3,TravelAgency
B000918,F,F0149,2023-02-28,2,MobileApp
B000919,Y,F0243,2023-04-06,1,TravelAgency
B000920,W,F0428,2023-12-27,1,TravelAgency
B000921,W,F0478,2023-08-23,2,MobileApp
B000922,F,F0345,2023-04-29,2,Online
B000923,W,F0424,2023-09-04,3,Online
B000924,W,F0227,2023-06-19,3,Online
B000925,F,F0476,2023-01-30,3,Online
B000926,Y,F0312,2023-09-04,3,Online
B000927,Y,F0236,2023-09-16,1,MobileApp
B000928,Y,F0440,2023-08-20,3,Online
B000929,F,F0339,2023-01-14,2,MobileApp
B000930,Y,F0452,2023-09-29,3,Online
B000931,W,F0279,2023-04-03,2,MobileApp
B000932,Y,F0246,2023-10-20,2,TravelAgency
B000933,Y,F0169,2022-12-09,1,MobileApp
B000934,Y,F0386,2023-02-11,2,TravelAgency
B000935,W,F0216,2023-04-13,1,TravelAgency
B000936,Y,F0399,2023-10-24,2,Online
B000937,W,F0233,2023-03-14,1,MobileApp
B000938,F,F0166,2023-02-11,1,MobileApp
B000939,Y,F0196,2023-09-23,1,Online
B000940,Y,F0218,2023-04-30,3,TravelAgency
B000941,F,F0403,2023-03-31,3,Online
B000942,Y,F0334,2023-09-28,1,MobileApp
B000943,Y,F0478,2023-08-27,2,MobileApp
B000944,Y,F0462,2022-12-27,2,TravelAgency
B000945,F,F0051,2023-10-23,1,MobileApp
B000946,F,F0414,2023-06-16,3,Online
B000947,F,F0130,2022-12-18,2,Online
B000948,W,F0399,2023-10-03,1,TravelAgency
B000949,Y,F0041,2023-09-03,2,TravelAgency
B000950,F,F0070,2023-01-03,1,TravelAgency
B000951,Y,F0142,2023-02-11,3,MobileApp
B000952,F,F0264,2022-12-18,2,Online
B000953,F,F0067,2023-05-01,2,MobileApp
B000954,F,F0095,2023-11-02,3,MobileApp
B000955,Y,F0020,2023-07-24,3,MobileApp
B000956,F,F0177,2023-02-22,3,Online
B000957,Y,F0135,2023-03-31,1,MobileApp
B000958,Y,F0318,2023-01-28,3,MobileApp
B000959,W,F0418,2023-05-02,1,Online
B000960,F,F0455,2023-12-28,2,MobileApp
B000961,F,F0071,2023-04-15,3,Online
B000962,F,F0243,2023-05-11,1,TravelAgency
B000963,W,F0434,2022-12-19,1,MobileApp
B000964,Y,F0115,2023-08-09,2,Online
B000965,Y,F0322,2022-12-21,3,Online
B000966,Y,F0246,2023-09-21,1,Online
B000967,Y,F0289,2023-04-28,3,Online
B000968,Y,F0122,2023-06-11,3,Online
B000969,Y,F0081,2023-08-01,2,TravelAgency
B000970,Y,F0499,2023-01-08,3,MobileApp
B000971,W,F0163,2023-09-06,1,MobileApp
B000972,Y,F0030,2023-10-15,2,Online
B000973,Y,F0450,2023-05-15,1,MobileApp
B000974,W,F0496,2023-06-24,2,TravelAgency
B000975,W,F0156,2023-11-17,1,Online
B000976,W,F0179,2023-12-10,2,MobileApp
B000977,W,F0116,2023-11-27,2,Online
B000978,F,F0170,2023-08-20,1,Online
B000979,W,F0469,2023-06-16,1,Online
B000980,W,F0258,2023-10-23,3,TravelAgency
B000981,W,F0443,2023-09-04,2,MobileApp
B000982,F,F0103,2022-11-08,2,TravelAgency
B000983,F,F0348,2023-05-18,3,Online
B000984,Y,F0254,2023-06-28,3,MobileApp
B000985,W,F0001,2023-03-08,2,Online
B000986,W,F0368,2023-08-04,2,MobileApp
B000987,W,F0145,2023-01-01,1,TravelAgency
B000988,F,F0444,2023-01-05,1,MobileApp
B000989,F,F0103,2022-11-16,2,TravelAgency
B000990,Y,F0301,2023-10-15,3,MobileApp
B000991,W,F0043,2023-06-25,2,MobileApp
B000992,F,F0266,2023-06-04,3,Online
B000993,F,F0328,2023-02-24,2,Online
B000994,Y,F0407,2023-11-20,3,MobileApp
B000995,W,F0312,2023-08-13,1,MobileApp
B000996,F,F0343,2023-12-13,1,TravelAgency
B000997,F,F0044,2023-05-05,2,MobileApp
B000998,W,F0398,2022-11-14,1,Online
B000999,Y,F0088,2023-05-18,3,MobileApp
B001000,Y,F0485,2022-12-31,2,Online
B001001,Y,F0489,2023-08-08,1,TravelAgency
B001002,Y,F0420,2023-01-20,3,MobileApp
B001003,W,F0393,2023-03-12,2,TravelAgency
B001004,F,F0388,2023-01-06,3,Online
B001005,Y,F0184,2023-01-21,2,TravelAgency
B001006,F,F0205,2023-01-18,2,Online
B001007,Y,F0325,2022-11-24,1,MobileApp
B001008,Y,F0421,2022-12-11,2,MobileApp
B001009,W,F0413,2023-04-01,2,MobileApp
B001010,F,F0274,2023-06-27,3,Online
B001011,F,F0157,2023-10-27,2,MobileApp
B001012,W,F0168,2023-04-24,3,Online
B001013,F,F0143,2023-04-02,3,Online
B001014,W,F0488,2023-01-18,3,MobileApp
B001015,Y,F0123,2023-02-10,1,Online
B001016,W,F0043,2023-06-26,1,Online
B001017,Y,F0094,2023-11-08,2,Online
B001018,F,F0482,2023-04-27,1,MobileApp
B001019,W,F0401,2023-08-30,2,TravelAgency
B001020,F,F0116,2023-10-27,2,Online
B001021,Y,F0299,2023-07-31,3,Online
B001022,F,F0244,2023-06-25,1,Online
B001023,F,F0022,2022-11-29,1,MobileApp
B001024,W,F0287,2023-08-06,3,Online
B001025,W,F0153,2023-11-08,2,TravelAgency
B001026,Y,F0298,2023-08-26,1,Online
B001027,W,F0433,2022-12-13,3,TravelAgency
B001028,W,F0185,2023-08-28,1,MobileApp
B001029,W,F0227,2023-06-19,2,Online
B001030,W,F0361,2023-08-15,3,Online
B001031,F,F0346,2023-01-22,3,TravelAgency
B001032,W,F0194,2023-07-07,3,TravelAgency
B001033,F,F0355,2023-05-04,1,MobileApp
B001034,W,F0029,2023-11-12,1,MobileApp
B001035,Y,F0429,2023-03-09,1,MobileApp
B001036,W,F0120,2023-09-16,1,MobileApp
B001037,W,F0389,2023-08-07,2,MobileApp
B001038,F,F0460,2023-06-23,2,TravelAgency
B001039,W,F0360,2023-10-21,1,TravelAgency
B001040,F,F0462,2022-12-14,3,MobileApp
B001041,Y,F0009,2023-09-19,2,MobileApp
B001042,F,F0310,2023-06-30,1,MobileApp
B001043,W,F0309,2023-09-18,2,MobileApp
B001044,Y,F0017,2023-11-10,3,MobileApp
B001045,Y,F0258,2023-10-24,2,MobileApp
B001046,W,F0269,2023-07-24,3,MobileApp
B001047,W,F0174,2023-01-28,3,Online
B001048,Y,F0100,2023-06-28,2,TravelAgency
B001049,Y,F0422,2023-04-30,2,MobileApp
B001050,Y,F0264,2023-01-20,3,MobileApp
B001051,Y,F0305,2023-01-22,1,Online
B001052,Y,F0079,2023-11-04,3,MobileApp
B001053,W,F0123,2023-02-03,2,Online
B001054,W,F0078,2023-11-23,2,Online
B001055,Y,F0189,2023-06-24,1,Online
B001056,F,F0127,2023-10-30,2,MobileApp
B001057,F,F0267,2023-02-20,2,MobileApp
B001058,W,F0372,2023-08-16,3,TravelAgency
B001059,W,F0412,2023-02-03,3,Online
B001060,F,F0234,2023-02-07,1,MobileApp
B001061,F,F0139,2023-01-22,3,MobileApp
B001062,Y,F0238,2023-10-21,1,MobileApp
B001063,F,F0404,2023-10-31,3,Online
B001064,F,F0423,2023-12-07,3,Online
B001065,F,F0099,2023-02-22,1,Online
B001066,Y,F0500,2023-06-04,2,TravelAgency
B001067,W,F0331,2023-08-29,2,Online
B001068,W,F0334,2023-08-30,2,MobileApp
B001069,Y,F0184,2022-12-20,1,MobileApp
B001070,W,F0184,2023-02-04,1,Online
B001071,F,F0125,2023-04-03,2,TravelAgency
B001072,Y,F0438,2023-01-08,2,Online
B001073,W,F0010,2023-08-10,1,MobileApp
B001074,Y,F0184,2023-01-21,3,TravelAgency
B001075,W,F0444,2022-11-26,1,TravelAgency
B001076,Y,F0020,2023-08-12,2,TravelAgency
B001077,F,F0034,2023-06-10,1,TravelAgency
B001078,Y,F0051,2023-11-02,3,Online
B001079,W,F0203,2023-02-19,1,TravelAgency
B001080,F,F0241,2023-05-08,2,Online
B001081,Y,F0131,2023-02-23,1,TravelAgency
B001082,Y,F0161,2023-08-10,3,TravelAgency
B001083,W,F0267,2023-01-30,2,MobileApp
B001084,W,F0276,2023-03-01,3,TravelAgency
B001085,Y,F0079,2023-10-26,2,TravelAgency
B001086,W,F0418,2023-05-21,2,TravelAgency
B001087,F,F0322,2023-01-05,3,Online
B001088,Y,F0053,2023-06-24,1,Online
B001089,W,F0436,2023-05-21,3,TravelAgency
B001090,W,F0417,2023-03-11,3,TravelAgency
B001091,F,F0280,2022-12-27,3,Online
B001092,F,F0111,2023-01-10,3,MobileApp
B001093,Y,F0275,2023-05-06,1,TravelAgency
B001094,Y,F0273,2023-09-13,3,Online
B001095,W,F0190,2023-03-02,3,Online
B001096,F,F0458,2023-12-07,3,Online
B001097,Y,F0008,2023-09-23,3,TravelAgency
B001098,Y,F0084,2023-08-07,1,Online
B001099,Y,F0163,2023-08-21,2,MobileApp
B001100,F,F0158,2023-12-13,2,TravelAgency
B001101,F,F0500,2023-05-11,1,Online
B001102,W,F0351,2023-03-27,2,Online
B001103,F,F0353,2023-10-18,3,Online
B001104,Y,F0254,2023-05-21,3,MobileApp
B001105,W,F0449,2023-05-11,3,TravelAgency
B001106,Y,F0423,2023-11-21,3,Online
B001107,F,F0326,2023-09-12,2,Online
B001108,W,F0033,2023-07-25,3,MobileApp
B001109,W,F0104,2023-07-30,3,Online
B001110,F,F0381,2023-09-10,2,TravelAgency
B001111,Y,F0270,2023-02-16,1,MobileApp
B001112,W,F0432,2023-07-10,1,TravelAgency
B001113,F,F0052,2023-08-05,1,Online
B001114,Y,F0220,2023-10-22,2,TravelAgency
B001115,W,F0183,2023-06-16,1,MobileApp
B001116,Y,F0027,2023-03-13,3,MobileApp
B001117,W,F0374,2023-11-04,2,MobileApp
B001118,F,F0185,2023-09-06,3,MobileApp
B001119,Y,F0110,2023-07-13,1,MobileApp
B001120,Y,F0351,2023-04-08,2,MobileApp
B001121,Y,F0340,2023-03-22,1,TravelAgency
B001122,W,F0208,2023-10-27,1,MobileApp
B001123,Y,F0170,2023-08-10,3,TravelAgency
B001124,W,F0071,2023-04-27,3,Online
B001125,F,F0464,2023-05-09,3,MobileApp
B001126,Y,F0488,2023-01-17,2,Online
B001127,Y,F0037,2023-02-03,3,MobileApp
B001128,W,F0136,2023-12-10,3,Online
B001129,Y,F0332,2023-03-28,3,Online
B001130,W,F0221,2023-11-15,3,MobileApp
B001131,F,F0298,2023-07-11,3,MobileApp
B001132,W,F0472,2023-07-21,2,MobileApp
B001133,F,F0169,2023-01-20,1,Online
B001134,F,F0052,2023-08-03,1,Online
B001135,Y,F0171,2023-11-07,2,Online
B001136,F,F0146,2022-12-31,2,TravelAgency
B001137,F,F0347,2022-12-03,2,TravelAgency
B001138,F,F0047,2023-11-19,3,Online
B001139,W,F0279,2023-04-15,3,TravelAgency
B001140,Y,F0440,2023-09-01,1,MobileApp
B001141,F,F0336,2023-08-18,2,Online
B001142,F,F0431,2023-04-18,2,MobileApp
B001143,Y,F0202,2023-08-13,1,Online
B001144,Y,F0097,2023-04-24,2,Online
B001145,F,F0448,2023-04-28,2,TravelAgency
B001146,W,F0215,2023-01-29,1,MobileApp
B001147,Y,F0309,2023-10-05,2,Online
B001148,Y,F0169,2022-12-26,3,Online
B001149,W,F0320,2023-07-10,3,MobileApp
B001150,W,F0269,2023-08-19,2,TravelAgency
B001151,Y,F0192,2023-11-22,2,Online
B001152,F,F0126,2022-12-12,1,TravelAgency
B001153,F,F0238,2023-10-19,3,TravelAgency
B001154,W,F0145,2023-01-25,1,Online
B001155,F,F0210,2023-04-06,2,MobileApp
B001156,Y,F0137,2023-05-19,2,TravelAgency
B001157,Y,F0372,2023-08-18,2,MobileApp
B001158,Y,F0073,2022-12-12,1,MobileApp
B001159,W,F0390,2023-03-17,1,Online
B001160,F,F0344,2023-06-18,3,TravelAgency
B001161,W,F0444,2023-01-04,1,TravelAgency
B001162,Y,F0111,2023-01-10,3,Online
B001163,Y,F0249,2023-08-15,1,MobileApp
B001164,Y,F0475,2023-08-26,3,Online
B001165,F,F0166,2023-03-21,1,TravelAgency
B001166,Y,F0094,2023-11-07,3,Online
B001167,F,F0266,2023-05-29,3,TravelAgency
B001168,Y,F0496,2023-05-26,3,MobileApp
B001169,F,F0251,2023-12-10,2,Online
B001170,Y,F0430,2023-11-06,3,Online
B001171,Y,F0199,2023-02-14,3,TravelAgency
B001172,W,F0137,2023-06-26,2,MobileApp
B001173,W,F0219,2023-08-01,2,TravelAgency
B001174,Y,F0177,2023-02-06,1,Online
B001175,F,F0151,2023-04-07,1,Online
B001176,W,F0241,2023-04-06,1,Online
B001177,W,F0292,2023-08-15,3,MobileApp
B001178,W,F0109,2023-10-17,2,MobileApp
B001179,Y,F0046,2023-04-30,3,TravelAgency
B001180,W,F0309,2023-08-28,1,MobileApp
B001181,W,F0457,2023-11-29,3,MobileApp
B001182,F,F0477,2023-06-24,3,Online
B001183,Y,F0027,2023-04-02,3,MobileApp
B001184,F,F0304,2023-03-08,3,TravelAgency
B001185,Y,F0489,2023-07-16,3,MobileApp
B001186,Y,F0431,2023-04-25,1,Online
B001187,Y,F0274,2023-07-17,3,TravelAgency
B001188,W,F0094,2023-11-28,1,MobileApp
B001189,F,F0097,2023-04-01,1,MobileApp
B001190,W,F0435,2023-03-01,1,TravelAgency
B001191,F,F0051,2023-10-30,3,Online
B001192,W,F0379,2023-07-23,1,TravelAgency
B001193,W,F0107,2023-06-24,1,MobileApp
B001194,W,F0321,2023-02-19,3,MobileApp
B001195,F,F0451,2023-02-04,1,Online
B001196,W,F0138,2023-03-25,3,MobileApp
B001197,Y,F0338,2023-05-10,3,Online
B001198,Y,F0309,2023-08-24,1,Online
B001199,Y,F0222,2023-02-22,1,TravelAgency
B001200,Y,F0026,2023-07-15,3,TravelAgency
B001201,F,F0106,2022-12-23,2,MobileApp
B001202,W,F0456,2023-10-25,3,Online
B001203,W,F0060,2023-07-04,2,MobileApp
B001204,W,F0154,2023-07-20,1,MobileApp
B001205,W,F0172,2023-09-16,3,TravelAgency
B001206,W,F0475,2023-07-30,3,TravelAgency
B001207,F,F0046,2023-05-16,3,TravelAgency
B001208,W,F0251,2023-12-19,1,MobileApp
B001209,W,F0424,2023-07-30,1,Online
B001210,W,F0197,2023-10-22,2,MobileApp
B001211,W,F0083,2023-11-27,2,TravelAgency
B001212,W,F0270,2023-04-01,1,MobileApp
B001213,Y,F0256,2022-11-30,3,MobileApp
B001214,Y,F0133,2022-12-08,2,MobileApp
B001215,Y,F0060,2023-06-12,1,MobileApp
B001216,F,F0353,2023-10-10,1,Online
B001217,F,F0218,2023-04-18,1,MobileApp
B001218,W,F0095,2023-12-18,3,TravelAgency
B001219,F,F0378,2023-01-13,3,MobileApp
B001220,F,F0468,2023-07-14,1,Online
B001221,W,F0276,2023-03-25,2,TravelAgency
B001222,F,F0103,2022-11-19,3,Online
B001223,W,F0378,2023-01-16,2,MobileApp
B001224,F,F0106,2023-01-09,1,MobileApp
B001225,W,F0473,2023-09-08,1,TravelAgency
B001226,Y,F0119,2023-04-15,2,Online
B001227,Y,F0275,2023-06-13,2,MobileApp
B001228,Y,F0312,2023-09-16,2,TravelAgency
B001229,F,F0407,2023-12-04,1,Online
B001230,W,F0024,2023-09-08,2,MobileApp
B001231,W,F0158,2023-11-25,1,Online
B001232,W,F0441,2023-02-13,2,MobileApp
B001233,F,F0161,2023-08-02,2,TravelAgency
B001234,F,F0122,2023-06-25,1,MobileApp
B001235,F,F0485,2023-01-06,3,MobileApp
B001236,F,F0163,2023-10-08,2,Online
B001237,W,F0007,2022-12-05,2,Online
B001238,F,F0087,2023-08-31,1,Online
B001239,F,F0043,2023-06-23,1,MobileApp
B001240,W,F0299,2023-09-17,3,TravelAgency
B001241,Y,F0377,2023-12-12,3,TravelAgency
B001242,W,F0136,2023-11-12,2,TravelAgency
B001243,F,F0295,2023-11-14,1,Online
B001244,W,F0333,2023-01-16,1,MobileApp
B001245,W,F0209,2023-03-30,3,MobileApp
B001246,F,F0225,2023-03-24,1,Online
B001247,Y,F0048,2023-04-14,3,Online
B001248,F,F0380,2023-02-27,1,TravelAgency
B001249,W,F0398,2022-11-28,2,TravelAgency
B001250,F,F0420,2023-01-24,3,MobileApp
B001251,W,F0304,2023-03-08,3,Online
B001252,F,F0497,2023-05-29,2,Online
B001253,Y,F0087,2023-09-22,2,MobileApp
B001254,F,F0060,2023-06-07,3,MobileApp
B001255,W,F0479,2023-08-17,2,TravelAgency
B001256,Y,F0467,2023-05-01,1,TravelAgency
B001257,F,F0022,2023-01-14,1,Online
B001258,W,F0070,2022-11-11,1,MobileApp
B001259,Y,F0135,2023-03-18,2,TravelAgency
B001260,W,F0095,2023-12-13,3,TravelAgency
B001261,Y,F0497,2023-05-06,1,MobileApp
B001262,F,F0363,2023-09-19,2,MobileApp
B001263,F,F0466,2023-05-14,3,MobileApp
B001264,W,F0082,2023-01-13,3,TravelAgency
B001265,F,F0392,2023-03-08,3,MobileApp
B001266,Y,F0031,2023-07-11,3,MobileApp
B001267,F,F0445,2023-04-21,1,Online
B001268,F,F0365,2023-04-18,1,Online
B001269,F,F0100,2023-07-03,1,TravelAgency
B001270,F,F0285,2023-08-06,2,MobileApp
B001271,F,F0441,2023-03-01,3,MobileApp
B001272,W,F0165,2023-01-10,3,TravelAgency
B001273,Y,F0399,2023-09-26,3,Online
B001274,W,F0311,2023-10-06,1,MobileApp
B001275,Y,F0198,2023-10-12,3,TravelAgency
B001276,W,F0074,2022-12-29,2,Online
B001277,W,F0323,2023-11-04,1,MobileApp
B001278,W,F0424,2023-09-17,3,Online
B001279,F,F0388,2023-02-04,1,TravelAgency
B001280,Y,F0219,2023-07-20,3,TravelAgency
B001281,W,F0189,2023-06-24,2,TravelAgency
B001282,W,F0102,2023-07-12,1,Online
B001283,W,F0470,2023-10-15,3,MobileApp
B001284,Y,F0099,2023-02-27,2,TravelAgency
B001285,Y,F0235,2023-04-26,2,TravelAgency
B001286,W,F0150,2022-11-16,3,MobileApp
B001287,W,F0315,2023-01-18,1,Online
B001288,F,F0072,2023-02-05,3,Online
B001289,Y,F0358,2023-08-16,1,MobileApp
B001290,W,F0397,2023-07-24,3,TravelAgency
B001291,Y,F0362,2023-09-21,2,MobileApp
B001292,Y,F0148,2023-10-05,2,MobileApp
B001293,Y,F0068,2023-03-25,2,MobileApp
B001294,F,F0229,2023-04-27,1,TravelAgency
B001295,F,F0142,2023-02-03,1,TravelAgency
B001296,Y,F0154,2023-08-12,3,MobileApp
B001297,F,F0340,2023-03-30,2,MobileApp
B001298,Y,F0167,2023-01-26,3,Online
B001299,W,F0089,2023-11-29,2,MobileApp
B001300,W,F0254,2023-06-03,2,MobileApp
B001301,W,F0360,2023-10-09,3,MobileApp
B001302,F,F0038,2023-10-05,3,MobileApp
B001303,F,F0338,2023-03-20,1,MobileApp
B001304,F,F0237,2023-10-20,2,MobileApp
B001305,Y,F0480,2023-11-26,1,TravelAgency
B001306,Y,F0112,2023-08-05,3,MobileApp
B001307,W,F0357,2023-05-09,1,TravelAgency
B001308,W,F0045,2023-05-23,2,MobileApp
B001309,F,F0018,2023-03-08,1,Online
B001310,W,F0387,2023-01-08,2,MobileApp
B001311,W,F0440,2023-07-15,2,Online
B001312,Y,F0016,2023-08-11,1,TravelAgency
B001313,Y,F0285,2023-08-12,1,TravelAgency
B001314,W,F0449,2023-04-21,3,TravelAgency
B001315,F,F0419,2022-11-22,3,TravelAgency
B001316,W,F0209,2023-04-05,3,Online
B001317,Y,F0424,2023-08-29,3,TravelAgency
B001318,F,F0344,2023-07-03,1,TravelAgency
B001319,Y,F0321,2023-02-14,2,TravelAgency
B001320,Y,F0217,2022-11-17,3,Online
B001321,F,F0135,2023-03-10,2,MobileApp
B001322,Y,F0344,2023-07-08,3,TravelAgency
B001323,Y,F0154,2023-07-16,1,TravelAgency
B001324,F,F0237,2023-10-02,2,TravelAgency
B001325,W,F0159,2023-03-01,2,Online
B001326,F,F0063,2023-07-06,1,Online
B001327,Y,F0284,2023-11-04,3,TravelAgency
B001328,W,F0315,2023-01-24,3,MobileApp
B001329,W,F0435,2023-02-26,1,Online
B001330,W,F0052,2023-08-16,2,MobileApp
B001331,F,F0309,2023-09-30,2,MobileApp
B001332,F,F0162,2023-11-10,1,Online
B001333,Y,F0006,2023-08-31,3,MobileApp
B001334,F,F0286,2023-10-15,3,TravelAgency
B001335,Y,F0401,2023-08-23,2,TravelAgency
B001336,Y,F0107,2023-08-02,1,Online
B001337,Y,F0273,2023-10-05,2,Online
B001338,Y,F0087,2023-09-26,1,TravelAgency
B001339,F,F0317,2023-07-30,2,TravelAgency
B001340,W,F0399,2023-10-10,3,MobileApp
B001341,Y,F0432,2023-06-09,2,Online
B001342,F,F0443,2023-10-21,1,TravelAgency
B001343,Y,F0193,2023-10-25,3,MobileApp
B001344,F,F0327,2022-12-30,1,Online
B001345,W,F0492,2023-11-21,3,TravelAgency
B001346,Y,F0255,2023-05-29,1,Online
B001347,F,F0229,2023-03-11,1,MobileApp
B001348,F,F0349,2023-09-30,3,MobileApp
B001349,Y,F0342,2023-02-02,3,Online
B001350,W,F0002,2023-01-02,2,Online
B001351,W,F0087,2023-09-28,1,MobileApp
B001352,Y,F0210,2023-02-22,2,MobileApp
B001353,F,F0276,2023-04-12,1,MobileApp
B001354,Y,F0002,2023-01-29,1,TravelAgency
B001355,Y,F0077,2023-09-01,3,TravelAgency
B001356,F,F0475,2023-07-26,3,MobileApp
B001357,Y,F0348,2023-06-09,1,MobileApp
B001358,Y,F0214,2023-01-25,2,Online
B001359,W,F0277,2023-03-07,1,MobileApp
B001360,Y,F0241,2023-04-16,3,MobileApp
B001361,W,F0098,2023-06-15,1,TravelAgency
B001362,W,F0260,2023-01-20,2,Online
B001363,Y,F0161,2023-08-02,1,Online
B001364,W,F0215,2023-01-09,3,TravelAgency
B001365,Y,F0228,2023-05-25,1,Online
B001366,Y,F0050,2023-02-19,2,MobileApp
B001367,Y,F0147,2023-04-19,2,MobileApp
B001368,W,F0119,2023-04-12,1,MobileApp
B001369,Y,F0243,2023-05-11,2,Online
B001370,Y,F0185,2023-09-25,3,TravelAgency
B001371,F,F0348,2023-05-24,3,TravelAgency
B001372,W,F0304,2023-02-04,1,Online
B001373,F,F0104,2023-07-12,3,Online
B001374,W,F0486,2023-03-08,3,TravelAgency
B001375,W,F0255,2023-05-19,3,Online
B001376,F,F0204,2023-02-21,3,Online
B001377,W,F0179,2023-10-31,3,Online
B001378,W,F0091,2023-04-10,2,TravelAgency
B001379,W,F0406,2022-12-09,3,MobileApp
B001380,Y,F0029,2023-11-11,1,TravelAgency
B001381,F,F0393,2023-04-03,2,Online
B001382,W,F0035,2023-05-12,2,Online
B001383,F,F0170,2023-08-16,1,TravelAgency
B001384,W,F0077,2023-09-02,3,TravelAgency
B001385,W,F0177,2023-02-26,2,Online
B001386,W,F0172,2023-09-04,1,TravelAgency
B001387,Y,F0104,2023-07-29,3,Online
B001388,W,F0429,2023-03-13,2,TravelAgency
B001389,W,F0449,2023-05-02,2,TravelAgency
B001390,Y,F0439,2023-08-29,3,Online
B001391,W,F0135,2023-04-09,3,Online
B001392,Y,F0495,2022-12-18,2,Online
B001393,W,F0430,2023-11-09,2,MobileApp
B001394,F,F0421,2022-12-22,3,Online
B001395,W,F0123,2023-02-26,3,Online
B001396,F,F0146,2023-02-26,3,Online
B001397,W,F0066,2022-12-31,3,Online
B001398,W,F0253,2022-12-07,3,TravelAgency
B001399,F,F0465,2023-04-12,1,Online
B001400,W,F0336,2023-07-26,1,Online
B001401,W,F0400,2023-09-25,2,Online
B001402,F,F0088,2023-06-08,2,TravelAgency
B001403,F,F0052,2023-08-09,1,TravelAgency
B001404,F,F0117,2023-12-13,3,TravelAgency
B001405,Y,F0319,2023-01-03,3,TravelAgency
B001406,F,F0410,2023-04-27,3,Online
B001407,Y,F0362,2023-11-02,2,Online
B001408,Y,F0282,2023-02-20,2,Online
B001409,Y,F0280,2022-12-08,3,TravelAgency
B001410,W,F0108,2023-05-19,2,TravelAgency
B001411,W,F0225,2023-03-23,2,Online
B001412,W,F0202,2023-08-31,2,Online
B001413,F,F0334,2023-08-18,3,Online
B001414,F,F0318,2023-02-10,2,TravelAgency
B001415,F,F0109,2023-11-02,1,MobileApp
B001416,Y,F0094,2023-10-11,2,MobileApp
B001417,F,F0114,2023-04-26,3,TravelAgency
B001418,Y,F0375,2023-06-24,2,MobileApp
B001419,F,F0305,2023-02-11,3,MobileApp
B001420,W,F0352,2022-12-28,3,Online
B001421,F,F0323,2023-11-07,3,Online
B001422,W,F0384,2023-03-05,1,Online
B001423,W,F0193,2023-10-23,1,TravelAgency
B001424,Y,F0071,2023-03-24,3,MobileApp
B001425,W,F0138,2023-02-14,3,Online
B001426,W,F0341,2023-07-05,2,Online
B001427,W,F0449,2023-04-12,1,TravelAgency
B001428,F,F0454,2023-03-27,2,MobileApp
B001429,W,F0312,2023-09-13,1,MobileApp
B001430,F,F0003,2023-09-11,3,Online
B001431,W,F0162,2023-10-14,3,Online
B001432,Y,F0015,2023-05-08,2,Online
B001433,F,F0327,2023-01-30,1,TravelAgency
B001434,W,F0305,2023-02-06,1,Online
B001435,Y,F0464,2023-06-03,3,Online
B001436,F,F0292,2023-08-11,1,TravelAgency
B001437,F,F0077,2023-09-01,3,MobileApp
B001438,F,F0359,2023-06-13,3,MobileApp
B001439,W,F0267,2023-02-09,2,MobileApp
B001440,Y,F0313,2023-05-11,1,MobileApp
B001441,W,F0397,2023-06-28,1,Online
B001442,W,F0477,2023-08-07,1,MobileApp
B001443,W,F0305,2023-03-04,2,Online
B001444,F,F0177,2023-02-05,1,TravelAgency
B001445,Y,F0075,2023-10-06,1,MobileApp
B001446,F,F0089,2023-12-11,3,TravelAgency
B001447,W,F0019,2023-09-30,3,Online
B001448,W,F0233,2023-03-09,2,Online
B001449,F,F0147,2023-03-21,1,Online
B001450,Y,F0193,2023-09-22,3,MobileApp
B001451,F,F0355,2023-04-26,2,TravelAgency
B001452,Y,F0075,2023-11-16,1,MobileApp
B001453,Y,F0013,2023-02-24,3,Online
B001454,F,F0125,2023-03-14,3,TravelAgency
B001455,Y,F0265,2023-06-16,3,Online
B001456,F,F0392,2023-02-26,3,Online
B001457,F,F0091,2023-04-22,3,TravelAgency
B001458,Y,F0096,2023-02-28,2,TravelAgency
B001459,W,F0455,2023-12-22,1,TravelAgency
B001460,W,F0377,2023-10-30,1,MobileApp
B001461,F,F0285,2023-08-08,1,MobileApp
B001462,W,F0139,2023-01-13,1,MobileApp
B001463,Y,F0096,2023-03-06,2,MobileApp
B001464,F,F0049,2023-07-09,3,Online
B001465,Y,F0146,2023-02-14,1,Online
B001466,W,F0452,2023-09-02,3,Online
B001467,Y,F0424,2023-07-29,1,MobileApp
B001468,F,F0067,2023-04-21,3,Online
B001469,W,F0199,2023-03-07,1,Online
B001470,F,F0345,2023-05-14,2,Online
B001471,F,F0458,2023-12-18,2,Online
B001472,Y,F0167,2023-01-31,3,Online
B001473,F,F0010,2023-07-26,1,TravelAgency
B001474,Y,F0192,2023-11-05,1,MobileApp
B001475,W,F0369,2023-09-20,3,TravelAgency
B001476,F,F0048,2023-04-05,1,TravelAgency
B001477,F,F0290,2023-08-26,2,TravelAgency
B001478,Y,F0142,2023-02-27,2,TravelAgency
B001479,W,F0112,2023-08-17,2,TravelAgency
B001480,Y,F0240,2023-09-25,2,TravelAgency
B001481,F,F0464,2023-05-05,3,MobileApp
B001482,Y,F0124,2023-02-13,2,Online
B001483,F,F0475,2023-08-24,2,TravelAgency
B001484,Y,F0025,2023-06-01,1,TravelAgency
B001485,Y,F0168,2023-05-18,1,TravelAgency
B001486,F,F0271,2023-03-03,3,TravelAgency
B001487,W,F0199,2023-03-01,3,MobileApp
B001488,Y,F0423,2023-11-28,3,TravelAgency
B001489,Y,F0401,2023-08-24,1,TravelAgency
B001490,F,F0295,2023-11-09,2,MobileApp
B001491,Y,F0065,2023-08-03,1,MobileApp
B001492,F,F0126,2023-01-07,3,TravelAgency
B001493,F,F0075,2023-11-15,2,MobileApp
B001494,F,F0315,2022-12-14,3,Online
B001495,W,F0002,2023-02-18,1,Online
B001496,Y,F0056,2023-08-23,1,TravelAgency
B001497,Y,F0309,2023-10-04,3,TravelAgency
B001498,F,F0216,2023-03-29,1,MobileApp
B001499,Y,F0166,2023-02-20,2,Online
B001500,W,F0010,2023-08-14,2,Online
