flight_id,departure_time,arrival_time,delay_minutes,airport,gate
F0001,2023-01-26 06:21:04,2023-01-26 11:21:04,34,ATL,ATL_G2
F0002,2023-07-20 14:18:08,2023-07-20 19:18:08,53,ORD,ORD_G4
F0003,2023-10-21 22:41:30,2023-10-21 23:41:30,56,DFW,DFW_G3
F0004,2023-11-15 20:07:28,2023-11-15 23:07:28,12,LAX,LAX_G4
F0005,2023-05-04 23:17:52,2023-05-05 01:17:52,34,JFK,JFK_G1
F0006,2023-10-07 13:27:49,2023-10-07 17:27:49,5,JFK,JFK_G8
F0007,2023-09-25 17:19:22,2023-09-25 19:19:22,28,LAX,LAX_G2
F0008,2023-07-10 23:17:51,2023-07-11 01:17:51,54,ATL,ATL_G1
F0009,2023-11-23 03:23:37,2023-11-23 05:23:37,35,LAX,LAX_G1
F0010,2023-11-06 06:05:05,2023-11-06 07:05:05,9,ORD,ORD_G3
F0011,2023-08-15 00:27:42,2023-08-15 01:27:42,12,JFK,JFK_G5
F0012,2023-04-06 17:28:03,2023-04-06 22:28:03,53,ATL,ATL_G3
F0013,2023-06-23 01:57:42,2023-06-23 06:57:42,9,DFW,DFW_G1
F0014,2023-05-11 13:51:12,2023-05-11 17:51:12,53,ATL,ATL_G4
F0015,2023-11-30 14:59:28,2023-11-30 17:59:28,28,JFK,JFK_G1
F0016,2023-03-25 18:23:50,2023-03-25 23:23:50,50,ATL,ATL_G1
F0017,2023-04-27 11:16:04,2023-04-27 12:16:04,39,DFW,DFW_G5
F0018,2023-07-22 06:06:54,2023-07-22 11:06:54,8,ATL,ATL_G4
F0019,2023-06-08 07:01:37,2023-06-08 12:01:37,29,ATL,ATL_G1
F0020,2023-06-10 16:28:16,2023-06-10 20:28:16,28,JFK,JFK_G1
F0021,2023-02-26 09:43:54,2023-02-26 13:43:54,60,LAX,LAX_G3
F0022,2023-12-28 22:08:33,2023-12-29 02:08:33,7,JFK,JFK_G3
F0023,2023-04-07 18:02:16,2023-04-07 22:02:16,50,ORD,ORD_G2
F0024,2023-10-29 04:19:54,2023-10-29 09:19:54,11,LAX,LAX_G10
F0025,2023-04-29 01:12:28,2023-04-29 03:12:28,60,JFK,JFK_G6
F0026,,2023-05-04 21:01:08,49,ATL,ATL_G9
F0027,2023-10-09 00:50:04,2023-10-09 05:50:04,29,DFW,DFW_G2
F0028,2023-08-17 15:52:15,2023-08-17 19:52:15,57,DFW,DFW_G1
F0029,2023-04-24 19:06:04,2023-04-24 20:06:04,18,ORD,ORD_G10
F0030,2023-09-25 14:58:52,2023-09-25 17:58:52,56,LAX,LAX_G5
F0031,2023-11-28 18:05:08,2023-11-28 20:05:08,7,JFK,JFK_G10
F0032,2023-01-12 21:01:29,2023-01-13 01:01:29,2,LAX,LAX_G10
F0033,2023-05-16 15:13:23,2023-05-16 20:13:23,28,JFK,JFK_G7
F0034,2023-03-07 22:52:08,2023-03-08 02:52:08,2,LAX,LAX_G6
F0035,2023-07-09 06:47:37,2023-07-09 07:47:37,12,LAX,LAX_G10
F0036,2023-07-17 04:24:05,2023-07-17 08:24:05,4,ORD,ORD_G8
F0037,2023-11-13 00:39:57,2023-11-13 05:39:57,18,LAX,LAX_G6
F0038,2023-09-27 21:11:51,2023-09-27 22:11:51,45,DFW,DFW_G4
F0039,2023-11-24 13:29:19,2023-11-24 16:29:19,25,LAX,LAX_G7
F0040,2023-08-17 17:53:44,2023-08-17 19:53:44,57,ATL,ATL_G8
F0041,2023-08-15 09:26:37,2023-08-15 11:26:37,54,ORD,ORD_G2
F0042,2023-03-18 18:43:00,2023-03-18 19:43:00,53,ORD,ORD_G10
F0043,2023-04-21 21:52:22,2023-04-22 01:52:22,7,JFK,JFK_G2
F0044,2023-09-24 01:25:24,2023-09-24 04:25:24,18,LAX,LAX_G1
F0045,2023-07-11 09:40:08,2023-07-11 12:40:08,56,DFW,DFW_G9
F0046,,2023-07-19 06:16:09,57,ATL,ATL_G2
F0047,2023-07-18 19:45:53,2023-07-19 00:45:53,18,ORD,ORD_G5
F0048,2023-07-19 01:16:44,2023-07-19 04:16:44,23,ATL,ATL_G6
F0049,2023-10-14 21:13:12,2023-10-15 00:13:12,44,ORD,ORD_G8
F0050,2023-04-23 18:30:56,2023-04-23 23:30:56,error,JFK,JFK_G4
F0051,2023-01-04 06:24:40,2023-01-04 07:24:40,4,DFW,DFW_G6
F0052,2023-06-20 19:35:30,2023-06-20 22:35:30,7,DFW,DFW_G9
F0053,2023-09-08 08:52:17,2023-09-08 11:52:17,22,JFK,JFK_G10
F0054,2023-04-29 18:47:37,2023-04-29 19:47:37,20,DFW,DFW_G4
F0055,2023-04-21 13:11:43,2023-04-21 16:11:43,26,DFW,DFW_G10
F0056,2023-10-13 13:52:36,2023-10-13 14:52:36,error,LAX,LAX_G2
F0057,2023-10-12 14:07:59,2023-10-12 19:07:59,58,ORD,ORD_G4
F0058,2023-11-06 07:17:14,2023-11-06 11:17:14,error,ORD,ORD_G4
F0059,2023-06-09 08:38:40,2023-06-09 09:38:40,2,ATL,ATL_G1
F0060,2023-01-15 12:46:30,2023-01-15 13:46:30,57,DFW,DFW_G1
F0061,2023-01-04 18:14:28,2023-01-04 20:14:28,22,LAX,LAX_G5
F0062,2023-10-10 14:33:37,2023-10-10 16:33:37,24,LAX,LAX_G9
F0063,2023-01-28 06:49:51,2023-01-28 07:49:51,error,DFW,DFW_G10
F0064,2023-02-02 13:01:42,2023-02-02 15:01:42,23,LAX,LAX_G8
F0065,,2023-06-18 21:41:04,19,JFK,JFK_G3
F0066,2023-08-20 03:55:48,2023-08-20 07:55:48,24,LAX,LAX_G4
F0067,2023-08-11 18:43:07,2023-08-11 20:43:07,46,ATL,ATL_G1
F0068,2023-01-02 14:12:36,2023-01-02 15:12:36,27,DFW,DFW_G10
F0069,2023-11-30 01:53:54,2023-11-30 05:53:54,0,LAX,LAX_G7
F0070,2023-04-03 06:24:17,2023-04-03 11:24:17,55,DFW,DFW_G2
F0071,2023-07-05 21:48:04,2023-07-06 02:48:04,31,JFK,JFK_G4
F0072,2023-10-24 07:52:54,2023-10-24 12:52:54,22,DFW,DFW_G10
F0073,2023-07-23 09:53:08,2023-07-23 13:53:08,47,DFW,DFW_G8
F0074,2023-04-04 17:12:20,2023-04-04 19:12:20,13,JFK,JFK_G3
F0075,2023-08-08 20:07:28,2023-08-09 01:07:28,1,LAX,LAX_G4
F0076,2023-10-01 16:26:05,2023-10-01 21:26:05,24,JFK,JFK_G1
F0077,2023-01-10 15:35:02,2023-01-10 16:35:02,57,LAX,LAX_G4
F0078,2023-07-11 01:48:18,2023-07-11 03:48:18,57,ORD,ORD_G8
F0079,2023-04-22 11:31:01,2023-04-22 14:31:01,29,JFK,JFK_G10
F0080,2023-12-24 20:05:56,2023-12-24 23:05:56,58,LAX,LAX_G10
F0081,2023-09-24 05:33:49,2023-09-24 06:33:49,16,ATL,ATL_G10
F0082,2023-10-22 05:54:33,2023-10-22 09:54:33,19,ORD,ORD_G1
F0083,2023-03-14 13:42:20,2023-03-14 16:42:20,29,JFK,JFK_G5
F0084,2023-11-29 10:10:30,2023-11-29 11:10:30,35,JFK,JFK_G9
F0085,2023-07-28 05:53:29,2023-07-28 07:53:29,34,DFW,DFW_G2
F0086,2023-11-26 01:20:06,2023-11-26 03:20:06,43,ORD,ORD_G4
F0087,2023-11-12 14:22:40,2023-11-12 18:22:40,38,ORD,ORD_G3
F0088,,2023-03-26 03:46:17,54,LAX,LAX_G4
F0089,2023-09-13 15:58:11,2023-09-13 20:58:11,8,ATL,ATL_G10
F0090,2023-02-09 05:26:58,2023-02-09 10:26:58,59,ORD,ORD_G6
F0091,2023-06-10 07:28:40,2023-06-10 11:28:40,54,DFW,DFW_G9
F0092,2023-09-16 16:20:39,2023-09-16 20:20:39,24,DFW,DFW_G3
F0093,2023-04-08 06:41:28,2023-04-08 07:41:28,40,LAX,LAX_G3
F0094,2023-01-17 11:33:19,2023-01-17 16:33:19,13,ORD,ORD_G9
F0095,2023-05-10 05:04:03,2023-05-10 07:04:03,1,ATL,ATL_G5
F0096,2023-06-14 11:46:11,2023-06-14 15:46:11,8,LAX,LAX_G4
F0097,2023-03-12 06:03:15,2023-03-12 09:03:15,27,DFW,DFW_G7
F0098,2023-02-08 20:08:25,2023-02-08 21:08:25,21,LAX,LAX_G10
F0099,2023-09-30 22:18:43,2023-10-01 00:18:43,26,DFW,DFW_G2
F0100,2023-01-20 15:36:14,2023-01-20 20:36:14,14,DFW,DFW_G2
F0101,,2023-03-07 21:24:11,8,ORD,ORD_G2
F0102,2023-11-20 14:14:42,2023-11-20 19:14:42,7,LAX,LAX_G4
F0103,2023-04-14 13:19:17,2023-04-14 14:19:17,4,ORD,ORD_G5
F0104,2023-09-16 02:08:38,2023-09-16 03:08:38,32,ATL,ATL_G6
F0105,2023-12-29 23:33:49,2023-12-30 01:33:49,31,ATL,ATL_G2
F0106,2023-10-28 23:55:09,2023-10-29 02:55:09,18,DFW,DFW_G5
F0107,2023-11-22 08:22:39,2023-11-22 11:22:39,57,LAX,LAX_G10
F0108,2023-01-01 20:20:04,2023-01-01 22:20:04,23,LAX,LAX_G8
F0109,2023-10-18 02:06:20,2023-10-18 06:06:20,56,JFK,JFK_G4
F0110,2023-09-02 03:27:38,2023-09-02 07:27:38,29,JFK,JFK_G7
F0111,2023-02-28 23:18:46,2023-03-01 04:18:46,18,LAX,LAX_G7
F0112,2023-03-14 17:56:13,2023-03-14 21:56:13,48,ORD,ORD_G1
F0113,2023-02-11 07:36:07,2023-02-11 12:36:07,0,ORD,ORD_G6
F0114,2023-03-11 11:06:25,2023-03-11 15:06:25,37,LAX,LAX_G1
F0115,2023-02-14 07:35:51,2023-02-14 11:35:51,30,LAX,LAX_G3
F0116,2023-12-20 23:10:46,2023-12-21 04:10:46,33,ORD,ORD_G8
F0117,2023-04-28 21:34:31,2023-04-29 01:34:31,16,ORD,ORD_G1
F0118,2023-02-10 09:01:44,2023-02-10 14:01:44,32,ATL,ATL_G1
F0119,2023-07-11 17:40:30,2023-07-11 21:40:30,46,JFK,JFK_G8
F0120,2023-03-21 06:13:35,2023-03-21 07:13:35,51,JFK,JFK_G10
F0121,2023-01-07 15:24:54,2023-01-07 18:24:54,15,ATL,ATL_G7
F0122,2023-12-03 05:25:02,2023-12-03 06:25:02,31,DFW,DFW_G10
F0123,2023-06-24 14:58:52,2023-06-24 19:58:52,39,JFK,JFK_G4
F0124,2023-11-26 14:23:18,2023-11-26 19:23:18,57,LAX,LAX_G8
F0125,2023-06-26 20:19:04,2023-06-26 22:19:04,40,JFK,JFK_G7
F0126,,2023-01-08 22:54:57,50,JFK,JFK_G3
F0127,2023-11-13 08:22:15,2023-11-13 09:22:15,57,ATL,ATL_G10
F0128,2023-05-27 23:31:52,2023-05-28 01:31:52,6,JFK,JFK_G8
F0129,2023-12-29 19:59:47,2023-12-29 21:59:47,3,ATL,ATL_G8
F0130,2023-07-02 11:46:58,2023-07-02 15:46:58,19,LAX,LAX_G1
F0131,2023-09-28 11:20:15,2023-09-28 16:20:15,41,ATL,ATL_G6
F0132,2023-06-29 21:03:18,2023-06-30 00:03:18,45,DFW,DFW_G10
F0133,2023-07-01 04:41:14,2023-07-01 06:41:14,36,DFW,DFW_G5
F0134,2023-04-14 03:40:13,2023-04-14 04:40:13,55,LAX,LAX_G4
F0135,2023-02-28 15:46:30,2023-02-28 18:46:30,38,LAX,LAX_G7
F0136,2023-04-01 18:26:35,2023-04-01 21:26:35,28,ATL,ATL_G2
F0137,2023-06-07 19:11:26,2023-06-08 00:11:26,59,DFW,DFW_G6
F0138,2023-06-21 15:48:05,2023-06-21 20:48:05,31,ORD,ORD_G1
F0139,2023-11-17 11:29:18,2023-11-17 13:29:18,59,LAX,LAX_G3
F0140,2023-08-11 07:22:06,2023-08-11 09:22:06,37,DFW,DFW_G3
F0141,2023-01-18 14:20:40,2023-01-18 16:20:40,26,DFW,DFW_G10
F0142,2023-10-12 17:16:48,2023-10-12 18:16:48,32,ORD,ORD_G2
F0143,2023-10-09 15:37:09,2023-10-09 19:37:09,58,JFK,JFK_G7
F0144,2023-04-07 01:16:55,2023-04-07 02:16:55,54,ATL,ATL_G1
F0145,2023-06-23 11:05:41,2023-06-23 15:05:41,20,ATL,ATL_G2
F0146,2023-04-02 10:53:24,2023-04-02 14:53:24,28,ATL,ATL_G7
F0147,2023-04-08 06:40:22,2023-04-08 11:40:22,3,ORD,ORD_G10
F0148,2023-11-13 22:32:14,2023-11-14 03:32:14,23,ATL,ATL_G4
F0149,2023-10-29 15:53:45,2023-10-29 19:53:45,18,JFK,JFK_G2
F0150,2023-07-05 10:26:11,2023-07-05 13:26:11,37,LAX,LAX_G2
F0151,2023-03-05 23:27:04,2023-03-06 02:27:04,18,LAX,LAX_G1
F0152,2023-05-31 23:36:08,2023-06-01 00:36:08,14,ORD,ORD_G7
F0153,2023-06-19 22:01:53,2023-06-20 02:01:53,1,ORD,ORD_G5
F0154,2023-10-23 12:21:49,2023-10-23 13:21:49,60,LAX,LAX_G6
F0155,2023-03-26 07:51:31,2023-03-26 12:51:31,6,DFW,DFW_G8
F0156,2023-04-09 06:41:57,2023-04-09 11:41:57,34,JFK,JFK_G3
F0157,,2023-10-03 04:54:44,56,ATL,ATL_G6
F0158,2023-06-10 18:47:10,2023-06-10 21:47:10,24,DFW,DFW_G7
F0159,,2023-06-05 07:26:08,24,LAX,LAX_G4
F0160,2023-07-05 12:47:00,2023-07-05 13:47:00,34,DFW,DFW_G3
F0161,2023-07-14 23:48:54,2023-07-15 00:48:54,45,ORD,ORD_G8
F0162,2023-03-09 11:47:33,2023-03-09 13:47:33,25,ORD,ORD_G8
F0163,2023-10-21 09:47:45,2023-10-21 14:47:45,52,ATL,ATL_G3
F0164,2023-08-20 15:50:29,2023-08-20 18:50:29,14,LAX,LAX_G3
F0165,2023-09-05 13:11:04,2023-09-05 14:11:04,47,ORD,ORD_G9
F0166,2023-06-23 23:40:17,2023-06-24 04:40:17,27,ORD,ORD_G7
F0167,2023-11-29 14:38:31,2023-11-29 17:38:31,19,ATL,ATL_G5
F0168,2023-08-31 03:10:47,2023-08-31 04:10:47,39,LAX,LAX_G2
F0169,2023-02-16 10:38:42,2023-02-16 14:38:42,45,ATL,ATL_G7
F0170,2023-04-20 04:08:47,2023-04-20 07:08:47,1,ORD,ORD_G9
F0171,2023-06-26 02:54:30,2023-06-26 03:54:30,30,ATL,ATL_G8
F0172,2023-02-16 11:18:38,2023-02-16 16:18:38,21,ORD,ORD_G3
F0173,2023-09-01 16:12:50,2023-09-01 19:12:50,14,JFK,JFK_G7
F0174,2023-04-15 10:18:07,2023-04-15 11:18:07,0,JFK,JFK_G6
F0175,2023-09-21 10:22:46,2023-09-21 15:22:46,42,DFW,DFW_G7
F0176,2023-11-02 12:56:21,2023-11-02 13:56:21,44,JFK,JFK_G3
F0177,2023-06-03 02:00:12,2023-06-03 07:00:12,8,ORD,ORD_G9
F0178,2023-11-02 19:58:02,2023-11-02 21:58:02,44,ATL,ATL_G5
F0179,,2023-08-10 13:52:14,44,JFK,JFK_G1
F0180,2023-05-07 10:02:07,2023-05-07 14:02:07,57,JFK,JFK_G5
F0181,2023-06-24 13:11:09,2023-06-24 17:11:09,51,DFW,DFW_G2
F0182,2023-03-28 04:25:19,2023-03-28 06:25:19,20,DFW,DFW_G1
F0183,2023-12-19 15:49:32,2023-12-19 16:49:32,12,DFW,DFW_G6
F0184,2023-07-04 04:39:04,2023-07-04 07:39:04,14,JFK,JFK_G3
F0185,2023-12-19 04:37:42,2023-12-19 06:37:42,0,DFW,DFW_G6
F0186,2023-05-15 05:22:52,2023-05-15 08:22:52,7,ATL,ATL_G1
F0187,2023-09-27 22:47:51,2023-09-27 23:47:51,17,ATL,ATL_G8
F0188,2023-02-04 15:30:55,2023-02-04 16:30:55,55,ORD,ORD_G10
F0189,2023-08-26 19:53:20,2023-08-26 23:53:20,34,ATL,ATL_G10
F0190,2023-01-05 15:40:06,2023-01-05 17:40:06,57,LAX,LAX_G6
F0191,2023-12-21 01:20:00,2023-12-21 06:20:00,44,ATL,ATL_G5
F0192,2023-04-07 23:51:13,2023-04-08 03:51:13,23,DFW,DFW_G3
F0193,2023-06-23 09:34:11,2023-06-23 14:34:11,45,ATL,ATL_G8
F0194,2023-02-01 17:34:42,2023-02-01 18:34:42,1,DFW,DFW_G9
F0195,2023-07-28 20:47:12,2023-07-28 23:47:12,3,JFK,JFK_G3
F0196,2023-12-25 03:35:38,2023-12-25 08:35:38,4,ORD,ORD_G1
F0197,2023-12-06 06:13:58,2023-12-06 10:13:58,11,JFK,JFK_G1
F0198,2023-06-28 02:30:11,2023-06-28 05:30:11,9,DFW,DFW_G4
F0199,2023-06-29 16:04:01,2023-06-29 19:04:01,16,ATL,ATL_G1
F0200,2023-02-28 20:47:12,2023-03-01 01:47:12,22,ORD,ORD_G1
F0201,2023-11-26 18:32:25,2023-11-26 19:32:25,42,ORD,ORD_G8
F0202,2023-03-05 14:33:57,2023-03-05 16:33:57,22,ATL,ATL_G8
F0203,2023-02-08 18:18:57,2023-02-08 19:18:57,53,LAX,LAX_G9
F0204,2023-11-04 19:52:29,2023-11-05 00:52:29,18,ORD,ORD_G4
F0205,2023-07-02 03:56:44,2023-07-02 04:56:44,54,LAX,LAX_G7
F0206,2023-11-14 06:51:44,2023-11-14 11:51:44,49,JFK,JFK_G1
F0207,2023-12-21 00:48:32,2023-12-21 01:48:32,45,ORD,ORD_G4
F0208,2023-02-27 22:45:45,2023-02-28 03:45:45,18,JFK,JFK_G3
F0209,2023-02-15 20:32:12,2023-02-16 01:32:12,11,LAX,LAX_G1
F0210,2023-12-15 20:46:56,2023-12-15 23:46:56,49,JFK,JFK_G9
F0211,2023-07-08 10:26:46,2023-07-08 15:26:46,46,LAX,LAX_G9
F0212,2023-01-22 04:53:11,2023-01-22 05:53:11,33,ORD,ORD_G8
F0213,2023-12-03 09:54:50,2023-12-03 14:54:50,13,DFW,DFW_G6
F0214,2023-04-21 20:24:02,2023-04-22 01:24:02,25,DFW,DFW_G8
F0215,2023-01-20 13:30:41,2023-01-20 15:30:41,30,JFK,JFK_G5
F0216,2023-06-17 16:32:03,2023-06-17 20:32:03,59,LAX,LAX_G5
F0217,2023-09-25 17:49:34,2023-09-25 21:49:34,error,LAX,LAX_G1
F0218,2023-12-21 19:03:54,2023-12-21 21:03:54,6,ATL,ATL_G10
F0219,2023-03-04 05:50:34,2023-03-04 09:50:34,11,ORD,ORD_G10
F0220,2023-02-13 14:59:00,2023-02-13 17:59:00,25,DFW,DFW_G7
F0221,2023-12-23 12:53:01,2023-12-23 13:53:01,47,JFK,JFK_G9
F0222,2023-04-13 19:35:52,2023-04-13 22:35:52,45,DFW,DFW_G6
F0223,2023-01-19 00:48:57,2023-01-19 03:48:57,29,ATL,ATL_G10
F0224,2023-10-01 12:45:14,2023-10-01 17:45:14,54,ATL,ATL_G8
F0225,2023-06-23 07:52:17,2023-06-23 08:52:17,22,LAX,LAX_G7
F0226,2023-11-26 01:37:39,2023-11-26 06:37:39,23,JFK,JFK_G4
F0227,2023-03-28 10:25:16,2023-03-28 12:25:16,54,LAX,LAX_G3
F0228,,2023-01-10 04:21:41,41,LAX,LAX_G3
F0229,2023-01-22 01:19:23,2023-01-22 03:19:23,37,ORD,ORD_G8
F0230,2023-12-25 08:00:16,2023-12-25 12:00:16,43,DFW,DFW_G8
F0231,2023-12-04 07:19:20,2023-12-04 10:19:20,error,ORD,ORD_G8
F0232,2023-04-09 10:02:46,2023-04-09 11:02:46,10,LAX,LAX_G4
F0233,2023-05-21 00:57:48,2023-05-21 04:57:48,16,DFW,DFW_G8
F0234,2023-07-25 08:20:15,2023-07-25 13:20:15,53,JFK,JFK_G7
F0235,2023-04-12 18:17:33,2023-04-12 21:17:33,error,ATL,ATL_G7
F0236,2023-10-24 19:11:18,2023-10-24 22:11:18,58,DFW,DFW_G6
F0237,,2023-09-27 13:57:31,10,DFW,DFW_G10
F0238,2023-05-22 21:15:08,2023-05-23 00:15:08,12,ORD,ORD_G2
F0239,2023-10-07 21:11:37,2023-10-08 01:11:37,28,DFW,DFW_G5
F0240,2023-10-05 18:56:02,2023-10-05 19:56:02,29,ORD,ORD_G3
F0241,2023-04-18 08:17:42,2023-04-18 09:17:42,4,DFW,DFW_G5
F0242,2023-03-06 09:53:53,2023-03-06 13:53:53,39,LAX,LAX_G2
F0243,,2023-03-27 18:15:23,21,JFK,JFK_G9
F0244,2023-11-16 17:57:48,2023-11-16 18:57:48,58,ORD,ORD_G7
F0245,2023-11-29 05:07:01,2023-11-29 10:07:01,22,ATL,ATL_G6
F0246,2023-11-15 07:22:03,2023-11-15 12:22:03,0,JFK,JFK_G2
F0247,2023-03-22 03:58:45,2023-03-22 08:58:45,error,LAX,LAX_G4
F0248,2023-11-30 11:03:02,2023-11-30 15:03:02,23,JFK,JFK_G8
F0249,2023-08-06 07:39:35,2023-08-06 10:39:35,55,ORD,ORD_G9
F0250,2023-04-17 02:25:57,2023-04-17 03:25:57,45,ORD,ORD_G5
F0251,2023-09-28 17:22:44,2023-09-28 22:22:44,error,DFW,DFW_G4
F0252,2023-10-20 20:40:37,2023-10-20 22:40:37,33,ORD,ORD_G8
F0253,2023-06-16 15:43:43,2023-06-16 17:43:43,23,ORD,ORD_G4
F0254,2023-07-28 01:43:31,2023-07-28 04:43:31,37,JFK,JFK_G2
F0255,2023-04-27 09:43:38,2023-04-27 10:43:38,0,ATL,ATL_G4
F0256,2023-08-21 10:17:19,2023-08-21 12:17:19,error,JFK,JFK_G9
F0257,2023-11-13 00:28:37,2023-11-13 02:28:37,10,LAX,LAX_G5
F0258,2023-03-26 18:14:06,2023-03-26 22:14:06,39,ORD,ORD_G9
F0259,2023-07-04 11:56:07,2023-07-04 15:56:07,52,JFK,JFK_G3
F0260,2023-10-18 13:44:59,2023-10-18 15:44:59,22,ORD,ORD_G5
F0261,2023-04-16 01:03:26,2023-04-16 05:03:26,33,JFK,JFK_G2
F0262,2023-01-11 15:47:29,2023-01-11 16:47:29,22,ATL,ATL_G9
F0263,2023-08-19 09:36:33,2023-08-19 11:36:33,12,JFK,JFK_G7
F0264,2023-11-09 05:25:19,2023-11-09 07:25:19,22,LAX,LAX_G6
F0265,2023-09-16 10:11:31,2023-09-16 12:11:31,4,ORD,ORD_G8
F0266,2023-06-01 20:46:41,2023-06-02 00:46:41,58,DFW,DFW_G5
F0267,2023-11-05 20:41:41,2023-11-05 22:41:41,36,ORD,ORD_G3
F0268,2023-01-21 14:26:23,2023-01-21 18:26:23,0,ORD,ORD_G7
F0269,2023-02-10 05:10:38,2023-02-10 08:10:38,16,ATL,ATL_G5
F0270,2023-05-26 15:42:00,2023-05-26 18:42:00,29,DFW,DFW_G9
F0271,2023-04-24 02:53:33,2023-04-24 07:53:33,40,LAX,LAX_G3
F0272,2023-01-26 21:14:46,2023-01-27 02:14:46,43,ORD,ORD_G3
F0273,,2023-01-17 19:17:49,42,DFW,DFW_G7
F0274,2023-08-07 08:01:08,2023-08-07 13:01:08,47,ATL,ATL_G5
F0275,2023-09-19 07:53:59,2023-09-19 09:53:59,27,JFK,JFK_G10
F0276,2023-02-21 20:02:47,2023-02-22 01:02:47,55,ORD,ORD_G8
F0277,2023-02-03 00:03:09,2023-02-03 04:03:09,17,ATL,ATL_G3
F0278,2023-09-03 10:02:20,2023-09-03 14:02:20,42,DFW,DFW_G1
F0279,2023-03-14 04:10:53,2023-03-14 06:10:53,40,ORD,ORD_G5
F0280,2023-09-20 21:15:49,2023-09-20 23:15:49,35,DFW,DFW_G9
F0281,2023-06-14 16:36:30,2023-06-14 19:36:30,15,JFK,JFK_G1
F0282,2023-03-02 22:14:09,2023-03-02 23:14:09,7,ORD,ORD_G8
F0283,2023-11-20 18:40:54,2023-11-20 21:40:54,15,ATL,ATL_G1
F0284,2023-07-04 21:29:59,2023-07-04 22:29:59,3,ATL,ATL_G1
F0285,2023-12-28 23:26:23,2023-12-29 02:26:23,43,JFK,JFK_G3
F0286,2023-02-15 20:48:33,2023-02-16 00:48:33,30,DFW,DFW_G8
F0287,2023-06-26 00:53:16,2023-06-26 04:53:16,25,ORD,ORD_G10
F0288,2023-11-02 19:43:16,2023-11-02 20:43:16,14,ORD,ORD_G10
F0289,2023-12-13 19:55:53,2023-12-13 21:55:53,48,LAX,LAX_G2
F0290,2023-08-09 03:54:25,2023-08-09 07:54:25,23,JFK,JFK_G9
F0291,2023-06-23 22:34:26,2023-06-24 03:34:26,6,ORD,ORD_G4
F0292,2023-01-27 16:25:57,2023-01-27 21:25:57,42,ORD,ORD_G9
F0293,2023-10-03 03:48:50,2023-10-03 06:48:50,52,JFK,JFK_G4
F0294,2023-12-23 21:33:54,2023-12-23 22:33:54,16,DFW,DFW_G2
F0295,2023-05-16 15:45:56,2023-05-16 16:45:56,12,JFK,JFK_G3
F0296,2023-04-30 13:26:22,2023-04-30 18:26:22,60,ORD,ORD_G9
F0297,2023-03-31 08:50:19,2023-03-31 13:50:19,error,LAX,LAX_G5
F0298,2023-06-11 22:23:14,2023-06-12 01:23:14,17,LAX,LAX_G3
F0299,2023-02-05 21:16:48,2023-02-06 00:16:48,0,ORD,ORD_G3
F0300,2023-12-18 23:54:31,2023-12-19 00:54:31,35,JFK,JFK_G1
F0301,2023-02-16 19:14:51,2023-02-16 22:14:51,56,JFK,JFK_G9
F0302,2023-03-10 12:16:12,2023-03-10 17:16:12,2,ATL,ATL_G4
F0303,2023-04-04 03:09:32,2023-04-04 04:09:32,11,JFK,JFK_G2
F0304,2023-08-02 15:28:30,2023-08-02 18:28:30,24,JFK,JFK_G7
F0305,2023-12-01 09:09:52,2023-12-01 12:09:52,22,JFK,JFK_G9
F0306,2023-01-31 10:05:53,2023-01-31 11:05:53,40,ORD,ORD_G2
F0307,2023-10-29 13:36:59,2023-10-29 18:36:59,16,ATL,ATL_G4
F0308,2023-12-10 11:51:18,2023-12-10 15:51:18,10,JFK,JFK_G3
F0309,2023-09-01 15:38:50,2023-09-01 17:38:50,8,DFW,DFW_G4
F0310,2023-06-19 18:03:47,2023-06-19 21:03:47,21,JFK,JFK_G1
F0311,2023-08-19 05:08:12,2023-08-19 08:08:12,53,DFW,DFW_G7
F0312,2023-05-31 03:56:06,2023-05-31 08:56:06,41,LAX,LAX_G7
F0313,2023-12-20 08:58:07,2023-12-20 12:58:07,23,ORD,ORD_G8
F0314,2023-11-30 01:50:46,2023-11-30 02:50:46,24,LAX,LAX_G2
F0315,2023-04-07 02:58:22,2023-04-07 04:58:22,13,LAX,LAX_G7
F0316,2023-07-27 22:51:35,2023-07-27 23:51:35,16,ATL,ATL_G6
F0317,2023-11-10 15:00:41,2023-11-10 17:00:41,35,LAX,LAX_G8
F0318,2023-09-28 01:25:24,2023-09-28 06:25:24,45,DFW,DFW_G5
F0319,2023-10-25 18:56:20,2023-10-25 23:56:20,56,DFW,DFW_G3
F0320,2023-04-22 16:53:44,2023-04-22 18:53:44,13,ATL,ATL_G8
F0321,2023-07-23 22:25:35,2023-07-24 03:25:35,11,JFK,JFK_G5
F0322,2023-01-15 21:27:26,2023-01-15 23:27:26,49,JFK,JFK_G2
F0323,2023-06-11 15:31:46,2023-06-11 19:31:46,16,LAX,LAX_G5
F0324,2023-08-03 08:16:01,2023-08-03 13:16:01,2,ORD,ORD_G3
F0325,2023-01-12 07:21:09,2023-01-12 10:21:09,50,ATL,ATL_G10
F0326,2023-11-19 08:49:08,2023-11-19 10:49:08,55,JFK,JFK_G9
F0327,2023-08-24 09:44:00,2023-08-24 14:44:00,9,JFK,JFK_G8
F0328,2023-07-08 15:55:19,2023-07-08 19:55:19,60,ATL,ATL_G8
F0329,2023-05-07 05:54:47,2023-05-07 06:54:47,55,JFK,JFK_G2
F0330,2023-09-24 13:01:30,2023-09-24 17:01:30,46,LAX,LAX_G8
F0331,2023-06-09 10:41:10,2023-06-09 15:41:10,6,ATL,ATL_G10
F0332,2023-03-02 11:43:18,2023-03-02 13:43:18,29,JFK,JFK_G7
F0333,2023-11-02 09:45:10,2023-11-02 11:45:10,18,DFW,DFW_G7
F0334,2023-11-06 01:15:25,2023-11-06 05:15:25,error,ATL,ATL_G1
F0335,2023-11-28 13:00:59,2023-11-28 16:00:59,15,DFW,DFW_G5
F0336,2023-05-21 23:34:36,2023-05-22 01:34:36,53,LAX,LAX_G8
F0337,2023-07-24 02:16:36,2023-07-24 07:16:36,28,ATL,ATL_G4
F0338,2023-02-03 06:23:38,2023-02-03 07:23:38,34,JFK,JFK_G2
F0339,2023-11-18 02:22:25,2023-11-18 06:22:25,12,ORD,ORD_G9
F0340,2023-09-17 20:40:16,2023-09-17 23:40:16,52,DFW,DFW_G7
F0341,2023-03-23 03:34:47,2023-03-23 08:34:47,1,DFW,DFW_G3
F0342,2023-05-18 22:13:48,2023-05-19 01:13:48,13,DFW,DFW_G8
F0343,2023-05-26 08:44:28,2023-05-26 10:44:28,51,LAX,LAX_G5
F0344,2023-09-29 09:24:01,2023-09-29 13:24:01,51,ORD,ORD_G1
F0345,2023-09-27 10:27:00,2023-09-27 12:27:00,13,DFW,DFW_G7
F0346,2023-06-19 05:41:18,2023-06-19 10:41:18,34,JFK,JFK_G4
F0347,2023-02-06 18:12:57,2023-02-06 20:12:57,9,JFK,JFK_G5
F0348,2023-06-03 12:46:30,2023-06-03 17:46:30,41,ORD,ORD_G9
F0349,2023-11-08 14:00:00,2023-11-08 17:00:00,28,ATL,ATL_G7
F0350,2023-06-08 23:04:49,2023-06-09 02:04:49,38,LAX,LAX_G7
F0351,,2023-10-17 11:19:46,24,JFK,JFK_G2
F0352,2023-02-06 16:54:28,2023-02-06 17:54:28,3,DFW,DFW_G5
F0353,2023-10-07 21:46:41,2023-10-07 23:46:41,18,ORD,ORD_G5
F0354,2023-09-30 04:59:35,2023-09-30 09:59:35,36,JFK,JFK_G8
F0355,2023-07-30 19:06:33,2023-07-30 20:06:33,3,DFW,DFW_G6
F0356,2023-02-08 03:59:58,2023-02-08 06:59:58,38,ORD,ORD_G6
F0357,2023-11-28 22:22:01,2023-11-29 01:22:01,6,ATL,ATL_G2
F0358,2023-04-08 22:53:16,2023-04-09 02:53:16,41,ATL,ATL_G9
F0359,2023-04-30 09:41:22,2023-04-30 12:41:22,8,DFW,DFW_G5
F0360,2023-10-14 02:42:58,2023-10-14 04:42:58,error,LAX,LAX_G5
F0361,2023-02-09 10:23:58,2023-02-09 13:23:58,6,ATL,ATL_G9
F0362,2023-10-02 07:21:10,2023-10-02 12:21:10,26,DFW,DFW_G10
F0363,2023-02-05 04:42:04,2023-02-05 07:42:04,error,ORD,ORD_G4
F0364,2023-12-09 15:15:38,2023-12-09 18:15:38,12,DFW,DFW_G6
F0365,,2023-02-06 20:48:56,33,ATL,ATL_G7
F0366,2023-05-08 01:07:55,2023-05-08 02:07:55,19,ATL,ATL_G3
F0367,2023-04-16 23:45:37,2023-04-17 01:45:37,42,JFK,JFK_G7
F0368,2023-11-05 16:07:16,2023-11-05 17:07:16,24,JFK,JFK_G9
F0369,2023-07-19 11:43:30,2023-07-19 16:43:30,6,JFK,JFK_G4
F0370,2023-11-24 20:53:50,2023-11-24 22:53:50,46,ORD,ORD_G2
F0371,2023-12-29 22:13:19,2023-12-29 23:13:19,50,LAX,LAX_G8
F0372,2023-10-23 01:15:44,2023-10-23 06:15:44,8,LAX,LAX_G3
F0373,2023-01-07 18:27:13,2023-01-07 20:27:13,26,DFW,DFW_G3
F0374,2023-09-05 08:08:50,2023-09-05 12:08:50,7,LAX,LAX_G10
F0375,2023-07-24 02:58:51,2023-07-24 07:58:51,31,DFW,DFW_G1
F0376,2023-04-29 14:26:16,2023-04-29 15:26:16,15,JFK,JFK_G4
F0377,2023-12-10 20:28:22,2023-12-10 21:28:22,53,ATL,ATL_G9
F0378,2023-08-10 23:41:58,2023-08-11 02:41:58,2,ATL,ATL_G4
F0379,2023-03-08 05:35:44,2023-03-08 09:35:44,28,DFW,DFW_G4
F0380,2023-11-01 07:33:57,2023-11-01 11:33:57,14,LAX,LAX_G5
F0381,2023-10-12 22:56:49,2023-10-13 01:56:49,38,ORD,ORD_G8
F0382,2023-08-19 07:30:34,2023-08-19 09:30:34,0,JFK,JFK_G5
F0383,2023-07-16 08:49:19,2023-07-16 09:49:19,error,LAX,LAX_G1
F0384,2023-05-10 07:33:46,2023-05-10 12:33:46,55,DFW,DFW_G8
F0385,2023-10-30 16:58:40,2023-10-30 19:58:40,12,ORD,ORD_G8
F0386,2023-03-15 20:49:27,2023-03-15 23:49:27,19,ATL,ATL_G6
F0387,2023-09-08 23:38:51,2023-09-09 02:38:51,4,ATL,ATL_G3
F0388,2023-07-26 07:36:08,2023-07-26 11:36:08,3,ATL,ATL_G10
F0389,2023-12-15 20:16:51,2023-12-15 21:16:51,31,ATL,ATL_G5
F0390,2023-11-19 11:45:35,2023-11-19 12:45:35,43,LAX,LAX_G6
F0391,2023-04-24 19:54:24,2023-04-24 21:54:24,42,JFK,JFK_G3
F0392,2023-12-14 19:59:48,2023-12-15 00:59:48,9,LAX,LAX_G6
F0393,2023-03-03 15:52:16,2023-03-03 17:52:16,49,JFK,JFK_G4
F0394,2023-12-07 13:24:36,2023-12-07 18:24:36,39,ORD,ORD_G7
F0395,2023-05-12 00:48:26,2023-05-12 01:48:26,26,DFW,DFW_G8
F0396,2023-02-15 20:51:29,2023-02-15 21:51:29,0,LAX,LAX_G9
F0397,2023-07-22 11:53:23,2023-07-22 12:53:23,38,DFW,DFW_G6
F0398,2023-06-03 12:21:00,2023-06-03 14:21:00,2,LAX,LAX_G8
F0399,2023-02-09 22:45:39,2023-02-10 03:45:39,23,JFK,JFK_G4
F0400,2023-10-23 19:10:44,2023-10-24 00:10:44,33,ATL,ATL_G3
F0401,2023-11-28 16:12:31,2023-11-28 19:12:31,11,LAX,LAX_G4
F0402,2023-08-06 13:44:58,2023-08-06 15:44:58,31,DFW,DFW_G8
F0403,2023-12-19 18:48:15,2023-12-19 20:48:15,25,ATL,ATL_G8
F0404,2023-03-16 07:10:07,2023-03-16 11:10:07,6,ORD,ORD_G9
F0405,,2023-09-25 04:57:30,22,JFK,JFK_G5
F0406,2023-06-03 08:31:53,2023-06-03 13:31:53,37,ORD,ORD_G6
F0407,2023-04-03 01:34:30,2023-04-03 05:34:30,8,ATL,ATL_G2
F0408,2023-07-16 15:48:06,2023-07-16 17:48:06,47,DFW,DFW_G4
F0409,2023-04-04 02:59:58,2023-04-04 04:59:58,43,ORD,ORD_G10
F0410,2023-01-19 22:48:49,2023-01-20 00:48:49,34,DFW,DFW_G8
F0411,2023-01-13 22:27:47,2023-01-14 00:27:47,16,ATL,ATL_G6
F0412,2023-10-21 05:38:47,2023-10-21 07:38:47,error,JFK,JFK_G5
F0413,2023-12-13 20:36:24,2023-12-13 23:36:24,5,DFW,DFW_G5
F0414,2023-09-14 15:49:02,2023-09-14 16:49:02,22,ATL,ATL_G3
F0415,2023-06-05 06:57:28,2023-06-05 10:57:28,45,LAX,LAX_G3
F0416,2023-04-22 17:30:41,2023-04-22 19:30:41,58,ATL,ATL_G7
F0417,2023-06-11 12:30:19,2023-06-11 16:30:19,18,ATL,ATL_G9
F0418,2023-04-05 19:37:30,2023-04-05 21:37:30,31,DFW,DFW_G5
F0419,2023-02-02 19:16:24,2023-02-02 20:16:24,57,LAX,LAX_G5
F0420,2023-02-22 10:36:11,2023-02-22 11:36:11,48,DFW,DFW_G10
F0421,2023-01-06 16:49:42,2023-01-06 21:49:42,60,ORD,ORD_G8
F0422,2023-04-20 10:28:23,2023-04-20 15:28:23,51,JFK,JFK_G8
F0423,2023-12-18 18:59:25,2023-12-18 20:59:25,12,DFW,DFW_G7
F0424,2023-05-23 13:38:51,2023-05-23 15:38:51,43,ATL,ATL_G4
F0425,2023-04-06 16:02:51,2023-04-06 19:02:51,31,ATL,ATL_G1
F0426,2023-12-13 16:03:51,2023-12-13 19:03:51,25,ATL,ATL_G6
F0427,2023-08-22 07:48:29,2023-08-22 12:48:29,13,LAX,LAX_G10
F0428,2023-10-11 04:43:19,2023-10-11 06:43:19,error,ATL,ATL_G5
F0429,2023-06-29 02:46:05,2023-06-29 06:46:05,45,JFK,JFK_G8
F0430,2023-07-20 02:23:49,2023-07-20 04:23:49,42,LAX,LAX_G2
F0431,2023-10-11 07:42:21,2023-10-11 12:42:21,9,LAX,LAX_G3
F0432,2023-05-11 00:56:55,2023-05-11 03:56:55,42,JFK,JFK_G3
F0433,2023-07-20 22:57:39,2023-07-21 02:57:39,46,JFK,JFK_G9
F0434,2023-08-23 19:42:29,2023-08-23 22:42:29,60,ORD,ORD_G7
F0435,2023-06-17 20:02:35,2023-06-17 21:02:35,22,LAX,LAX_G5
F0436,2023-03-19 22:30:44,2023-03-20 03:30:44,53,DFW,DFW_G3
F0437,2023-02-07 10:21:40,2023-02-07 12:21:40,13,LAX,LAX_G2
F0438,,2023-02-12 06:29:57,47,ORD,ORD_G3
F0439,2023-05-21 12:42:26,2023-05-21 17:42:26,29,ATL,ATL_G3
F0440,,2023-11-10 00:20:07,37,ATL,ATL_G10
F0441,2023-06-30 09:50:56,2023-06-30 14:50:56,22,ATL,ATL_G9
F0442,2023-01-31 09:19:31,2023-01-31 10:19:31,11,DFW,DFW_G7
F0443,2023-04-13 01:10:42,2023-04-13 03:10:42,37,ATL,ATL_G4
F0444,2023-10-01 01:30:28,2023-10-01 04:30:28,21,ATL,ATL_G3
F0445,2023-02-03 05:33:24,2023-02-03 09:33:24,36,ATL,ATL_G3
F0446,2023-05-30 21:41:31,2023-05-30 22:41:31,30,LAX,LAX_G3
F0447,2023-05-09 22:39:47,2023-05-10 02:39:47,48,ATL,ATL_G1
F0448,2023-03-30 04:51:36,2023-03-30 08:51:36,48,LAX,LAX_G5
F0449,2023-09-23 20:26:26,2023-09-23 23:26:26,46,LAX,LAX_G6
F0450,2023-08-12 23:39:58,2023-08-13 00:39:58,51,ATL,ATL_G2
F0451,2023-01-14 17:30:07,2023-01-14 21:30:07,38,DFW,DFW_G6
F0452,2023-05-30 19:06:26,2023-05-30 22:06:26,47,DFW,DFW_G4
F0453,2023-06-01 04:35:00,2023-06-01 08:35:00,60,DFW,DFW_G8
F0454,2023-11-20 07:12:17,2023-11-20 12:12:17,5,ATL,ATL_G9
F0455,2023-05-22 10:31:18,2023-05-22 13:31:18,10,LAX,LAX_G6
F0456,2023-09-11 06:52:41,2023-09-11 08:52:41,10,LAX,LAX_G6
F0457,2023-02-21 08:33:49,2023-02-21 13:33:49,55,DFW,DFW_G1
F0458,2023-05-09 21:24:54,2023-05-10 01:24:54,50,ORD,ORD_G5
F0459,,2023-10-20 20:40:43,46,DFW,DFW_G6
F0460,2023-01-20 04:36:04,2023-01-20 08:36:04,23,LAX,LAX_G5
F0461,2023-05-28 19:12:19,2023-05-28 20:12:19,55,ATL,ATL_G5
F0462,2023-03-14 04:02:46,2023-03-14 06:02:46,60,JFK,JFK_G1
F0463,2023-11-17 15:55:01,2023-11-17 19:55:01,57,LAX,LAX_G9
F0464,2023-09-18 07:58:00,2023-09-18 08:58:00,19,LAX,LAX_G5
F0465,2023-07-04 00:17:29,2023-07-04 04:17:29,0,DFW,DFW_G8
F0466,2023-01-15 02:55:34,2023-01-15 04:55:34,32,JFK,JFK_G1
F0467,2023-10-26 13:19:02,2023-10-26 17:19:02,42,LAX,LAX_G5
F0468,2023-02-23 03:05:59,2023-02-23 05:05:59,19,ORD,ORD_G4
F0469,2023-09-07 15:40:09,2023-09-07 16:40:09,13,ATL,ATL_G2
F0470,,2023-03-26 14:41:48,17,LAX,LAX_G10
F0471,2023-02-01 03:06:45,2023-02-01 04:06:45,26,LAX,LAX_G5
F0472,2023-09-17 00:15:10,2023-09-17 04:15:10,12,LAX,LAX_G1
F0473,2023-09-21 03:13:31,2023-09-21 06:13:31,51,JFK,JFK_G6
F0474,2023-09-09 02:01:03,2023-09-09 04:01:03,46,ORD,ORD_G10
F0475,2023-06-18 20:36:11,2023-06-19 00:36:11,11,DFW,DFW_G9
F0476,2023-11-12 13:44:41,2023-11-12 17:44:41,10,ORD,ORD_G5
F0477,2023-07-21 17:53:46,2023-07-21 19:53:46,31,JFK,JFK_G9
F0478,2023-09-15 20:53:10,2023-09-15 23:53:10,10,ATL,ATL_G3
F0479,2023-06-05 02:53:57,2023-06-05 07:53:57,54,DFW,DFW_G7
F0480,2023-01-24 22:17:34,2023-01-25 02:17:34,9,ORD,ORD_G1
F0481,2023-11-17 11:47:40,2023-11-17 14:47:40,34,ATL,ATL_G4
F0482,2023-08-08 04:18:18,2023-08-08 05:18:18,4,ATL,ATL_G7
F0483,2023-02-20 10:07:54,2023-02-20 11:07:54,20,LAX,LAX_G7
F0484,2023-03-23 10:39:20,2023-03-23 15:39:20,31,ORD,ORD_G1
F0485,2023-10-18 21:39:56,2023-10-19 00:39:56,21,LAX,LAX_G7
F0486,2023-07-10 07:36:10,2023-07-10 11:36:10,error,LAX,LAX_G4
F0487,2023-05-15 03:51:44,2023-05-15 08:51:44,36,JFK,JFK_G10
F0488,2023-06-27 22:15:28,2023-06-28 01:15:28,31,LAX,LAX_G4
F0489,2023-12-09 11:16:56,2023-12-09 13:16:56,39,JFK,JFK_G5
F0490,2023-06-21 13:01:10,2023-06-21 18:01:10,21,JFK,JFK_G2
F0491,2023-02-12 13:46:36,2023-02-12 14:46:36,11,ORD,ORD_G4
F0492,2023-11-29 08:57:50,2023-11-29 12:57:50,56,DFW,DFW_G7
F0493,2023-06-06 09:10:06,2023-06-06 13:10:06,59,ORD,ORD_G9
F0494,2023-01-08 07:28:48,2023-01-08 11:28:48,50,JFK,JFK_G9
F0495,2023-01-16 09:08:21,2023-01-16 13:08:21,46,ORD,ORD_G2
F0496,2023-07-10 05:23:18,2023-07-10 06:23:18,46,DFW,DFW_G9
F0497,2023-06-03 20:15:10,2023-06-04 01:15:10,3,LAX,LAX_G7
F0498,2023-11-17 03:13:11,2023-11-17 05:13:11,30,ATL,ATL_G5
F0499,2023-08-11 14:05:03,2023-08-11 17:05:03,48,DFW,DFW_G9
F0500,,2023-03-08 21:28:44,11,DFW,DFW_G3
F0501,2023-02-06 22:46:14,2023-02-07 00:46:14,4,LAX,LAX_G8
F0502,2023-11-23 17:22:12,2023-11-23 22:22:12,15,JFK,JFK_G10
F0503,2023-02-04 17:25:56,2023-02-04 22:25:56,29,DFW,DFW_G3
F0504,2023-02-18 18:16:05,2023-02-18 20:16:05,22,ORD,ORD_G9
F0505,2023-05-23 14:35:30,2023-05-23 19:35:30,11,LAX,LAX_G5
F0506,2023-09-29 21:07:20,2023-09-30 02:07:20,39,DFW,DFW_G1
F0507,2023-05-21 15:14:56,2023-05-21 20:14:56,26,ATL,ATL_G9
F0508,2023-10-28 03:09:27,2023-10-28 05:09:27,29,LAX,LAX_G7
F0509,2023-07-07 10:22:33,2023-07-07 13:22:33,51,DFW,DFW_G7
F0510,2023-10-21 21:48:18,2023-10-22 02:48:18,49,DFW,DFW_G3
F0511,2023-07-07 13:25:26,2023-07-07 17:25:26,error,ATL,ATL_G1
F0512,2023-04-28 21:00:54,2023-04-28 23:00:54,3,DFW,DFW_G6
F0513,2023-04-11 07:29:07,2023-04-11 09:29:07,41,JFK,JFK_G3
F0514,2023-01-19 04:52:43,2023-01-19 05:52:43,51,ORD,ORD_G8
F0515,2023-12-22 21:46:12,2023-12-23 01:46:12,16,ATL,ATL_G7
F0516,2023-01-20 10:57:41,2023-01-20 15:57:41,8,DFW,DFW_G9
F0517,2023-09-08 01:50:45,2023-09-08 02:50:45,9,ATL,ATL_G2
F0518,2023-05-03 00:23:23,2023-05-03 04:23:23,24,ATL,ATL_G6
F0519,2023-07-13 14:09:57,2023-07-13 19:09:57,18,ATL,ATL_G1
F0520,2023-06-17 15:34:28,2023-06-17 18:34:28,48,JFK,JFK_G5
F0521,2023-02-11 02:05:46,2023-02-11 06:05:46,60,ORD,ORD_G5
F0522,2023-02-04 19:39:22,2023-02-04 22:39:22,11,JFK,JFK_G3
F0523,2023-03-15 11:37:41,2023-03-15 16:37:41,24,JFK,JFK_G7
F0524,2023-10-17 08:35:05,2023-10-17 09:35:05,9,JFK,JFK_G1
F0525,2023-01-18 12:53:48,2023-01-18 14:53:48,60,LAX,LAX_G7
F0526,2023-06-05 11:36:34,2023-06-05 16:36:34,25,DFW,DFW_G6
F0527,2023-11-06 15:17:27,2023-11-06 16:17:27,13,DFW,DFW_G8
F0528,,2023-07-30 21:36:46,56,DFW,DFW_G10
F0529,2023-04-25 03:52:43,2023-04-25 08:52:43,17,ORD,ORD_G9
F0530,2023-12-17 03:53:30,2023-12-17 07:53:30,20,ATL,ATL_G8
F0531,2023-05-29 12:34:10,2023-05-29 13:34:10,19,ATL,ATL_G1
F0532,,2023-10-02 19:49:16,2,JFK,JFK_G10
F0533,2023-08-09 06:10:28,2023-08-09 10:10:28,5,JFK,JFK_G9
F0534,2023-01-19 20:45:31,2023-01-19 22:45:31,0,DFW,DFW_G1
F0535,2023-03-08 03:00:55,2023-03-08 05:00:55,2,JFK,JFK_G5
F0536,2023-10-28 20:53:04,2023-10-29 01:53:04,31,DFW,DFW_G3
F0537,2023-07-22 01:44:52,2023-07-22 05:44:52,11,LAX,LAX_G7
F0538,2023-07-14 06:43:12,2023-07-14 08:43:12,15,DFW,DFW_G8
F0539,2023-09-13 06:49:15,2023-09-13 11:49:15,5,DFW,DFW_G8
F0540,2023-03-16 20:10:21,2023-03-17 01:10:21,23,ORD,ORD_G8
F0541,2023-07-22 07:49:28,2023-07-22 11:49:28,21,ATL,ATL_G1
F0542,2023-05-01 03:44:07,2023-05-01 05:44:07,38,JFK,JFK_G9
F0543,2023-01-08 05:07:30,2023-01-08 09:07:30,11,JFK,JFK_G7
F0544,2023-07-30 05:54:59,2023-07-30 06:54:59,31,DFW,DFW_G9
F0545,2023-04-07 15:58:05,2023-04-07 16:58:05,34,LAX,LAX_G7
F0546,2023-03-19 21:59:55,2023-03-20 01:59:55,26,LAX,LAX_G8
F0547,2023-05-13 08:40:51,2023-05-13 11:40:51,22,JFK,JFK_G4
F0548,2023-08-16 10:20:36,2023-08-16 12:20:36,20,ATL,ATL_G4
F0549,2023-12-27 13:27:44,2023-12-27 14:27:44,23,ORD,ORD_G8
F0550,2023-08-30 21:42:06,2023-08-31 01:42:06,45,DFW,DFW_G8
F0551,2023-02-16 08:29:25,2023-02-16 13:29:25,51,DFW,DFW_G4
F0552,2023-09-18 09:02:58,2023-09-18 14:02:58,20,JFK,JFK_G10
F0553,2023-04-20 01:30:08,2023-04-20 02:30:08,38,DFW,DFW_G1
F0554,2023-11-12 08:55:35,2023-11-12 13:55:35,15,ATL,ATL_G1
F0555,2023-11-01 09:56:18,2023-11-01 13:56:18,43,DFW,DFW_G9
F0556,2023-09-03 03:26:04,2023-09-03 07:26:04,60,ATL,ATL_G9
F0557,2023-05-18 15:46:06,2023-05-18 17:46:06,22,JFK,JFK_G4
F0558,2023-10-28 07:27:16,2023-10-28 08:27:16,24,ORD,ORD_G2
F0559,2023-10-03 22:59:44,2023-10-03 23:59:44,54,JFK,JFK_G1
F0560,,2023-06-19 10:33:47,29,ORD,ORD_G5
F0561,2023-11-24 02:52:11,2023-11-24 04:52:11,43,JFK,JFK_G2
F0562,2023-02-16 21:11:52,2023-02-17 02:11:52,18,LAX,LAX_G5
F0563,2023-03-03 00:46:53,2023-03-03 04:46:53,14,LAX,LAX_G9
F0564,2023-11-13 19:33:47,2023-11-13 20:33:47,41,JFK,JFK_G8
F0565,2023-09-11 01:36:23,2023-09-11 03:36:23,error,LAX,LAX_G3
F0566,2023-02-01 03:28:51,2023-02-01 08:28:51,2,ATL,ATL_G4
F0567,2023-04-23 03:35:44,2023-04-23 04:35:44,5,LAX,LAX_G10
F0568,2023-11-06 00:08:27,2023-11-06 01:08:27,24,ORD,ORD_G10
F0569,2023-03-13 11:41:18,2023-03-13 14:41:18,3,ORD,ORD_G1
F0570,2023-11-07 00:14:24,2023-11-07 03:14:24,26,JFK,JFK_G8
F0571,2023-03-08 22:33:49,2023-03-09 02:33:49,42,LAX,LAX_G10
F0572,2023-05-26 07:06:02,2023-05-26 09:06:02,48,LAX,LAX_G1
F0573,2023-12-09 06:47:16,2023-12-09 08:47:16,24,LAX,LAX_G10
F0574,2023-04-20 19:04:49,2023-04-20 23:04:49,8,DFW,DFW_G6
F0575,2023-08-03 16:29:09,2023-08-03 18:29:09,23,DFW,DFW_G8
F0576,2023-05-12 11:57:49,2023-05-12 14:57:49,10,ORD,ORD_G8
F0577,,2023-12-02 07:10:28,20,LAX,LAX_G9
F0578,2023-01-12 06:27:06,2023-01-12 11:27:06,4,ORD,ORD_G1
F0579,2023-07-18 08:13:52,2023-07-18 10:13:52,1,JFK,JFK_G5
F0580,2023-07-04 06:40:26,2023-07-04 08:40:26,49,ATL,ATL_G8
F0581,2023-10-22 09:25:59,2023-10-22 11:25:59,1,ORD,ORD_G7
F0582,2023-01-20 01:54:22,2023-01-20 02:54:22,24,DFW,DFW_G5
F0583,2023-09-24 06:09:30,2023-09-24 10:09:30,39,JFK,JFK_G2
F0584,2023-01-20 14:51:29,2023-01-20 15:51:29,45,JFK,JFK_G9
F0585,2023-12-21 02:38:35,2023-12-21 04:38:35,45,JFK,JFK_G5
F0586,2023-02-03 00:27:06,2023-02-03 01:27:06,53,JFK,JFK_G2
F0587,2023-02-03 16:27:45,2023-02-03 20:27:45,33,JFK,JFK_G7
F0588,2023-02-15 18:37:17,2023-02-15 21:37:17,47,JFK,JFK_G5
F0589,2023-01-12 20:00:23,2023-01-12 22:00:23,6,DFW,DFW_G3
F0590,,2023-10-31 07:25:09,55,JFK,JFK_G4
F0591,2023-05-21 03:01:10,2023-05-21 04:01:10,26,LAX,LAX_G1
F0592,2023-06-04 20:31:29,2023-06-05 00:31:29,32,ORD,ORD_G3
F0593,2023-10-17 22:36:33,2023-10-18 03:36:33,17,JFK,JFK_G5
F0594,2023-10-30 13:06:02,2023-10-30 18:06:02,23,JFK,JFK_G9
F0595,2023-12-11 09:19:18,2023-12-11 14:19:18,50,LAX,LAX_G5
F0596,2023-11-03 14:52:33,2023-11-03 18:52:33,27,JFK,JFK_G10
F0597,2023-01-19 14:02:12,2023-01-19 19:02:12,49,LAX,LAX_G9
F0598,2023-03-08 01:01:14,2023-03-08 04:01:14,22,ATL,ATL_G10
F0599,2023-02-05 20:02:06,2023-02-05 21:02:06,29,ORD,ORD_G1
F0600,2023-05-06 23:24:55,2023-05-07 02:24:55,13,LAX,LAX_G2
F0601,,2023-01-01 21:03:54,6,ORD,ORD_G9
F0602,2023-05-31 10:37:05,2023-05-31 13:37:05,13,JFK,JFK_G1
F0603,2023-05-25 10:48:21,2023-05-25 11:48:21,15,ORD,ORD_G9
F0604,2023-03-20 15:15:17,2023-03-20 17:15:17,40,ATL,ATL_G7
F0605,2023-07-02 14:43:24,2023-07-02 18:43:24,38,LAX,LAX_G2
F0606,2023-05-07 08:13:21,2023-05-07 11:13:21,7,ATL,ATL_G4
F0607,2023-03-31 05:53:53,2023-03-31 10:53:53,22,ATL,ATL_G3
F0608,2023-06-08 23:31:35,2023-06-09 01:31:35,59,LAX,LAX_G2
F0609,2023-03-20 08:40:52,2023-03-20 12:40:52,15,ATL,ATL_G7
F0610,2023-06-12 18:48:51,2023-06-12 19:48:51,43,LAX,LAX_G5
F0611,2023-09-14 19:46:49,2023-09-14 23:46:49,26,LAX,LAX_G4
F0612,2023-03-30 06:23:59,2023-03-30 11:23:59,36,DFW,DFW_G5
F0613,,2023-11-21 00:23:46,error,JFK,JFK_G8
F0614,2023-12-29 04:54:22,2023-12-29 08:54:22,58,DFW,DFW_G8
F0615,2023-11-24 01:00:09,2023-11-24 02:00:09,1,DFW,DFW_G5
F0616,2023-12-06 20:22:51,2023-12-07 00:22:51,12,DFW,DFW_G5
F0617,2023-03-25 04:57:26,2023-03-25 08:57:26,15,LAX,LAX_G10
F0618,2023-10-18 05:08:43,2023-10-18 10:08:43,52,ORD,ORD_G9
F0619,2023-09-15 18:37:30,2023-09-15 21:37:30,1,ORD,ORD_G6
F0620,2023-06-09 15:09:28,2023-06-09 16:09:28,58,ATL,ATL_G5
F0621,2023-07-29 17:10:15,2023-07-29 18:10:15,32,ATL,ATL_G6
F0622,2023-10-16 06:43:11,2023-10-16 08:43:11,27,LAX,LAX_G4
F0623,2023-09-04 09:31:15,2023-09-04 13:31:15,45,ORD,ORD_G6
F0624,2023-07-20 21:53:39,2023-07-20 22:53:39,13,LAX,LAX_G5
F0625,2023-02-27 16:17:38,2023-02-27 17:17:38,48,LAX,LAX_G7
F0626,2023-02-16 17:15:01,2023-02-16 22:15:01,48,ORD,ORD_G6
F0627,2023-09-02 17:52:28,2023-09-02 20:52:28,11,ATL,ATL_G10
F0628,2023-05-05 03:10:45,2023-05-05 04:10:45,54,ORD,ORD_G8
F0629,2023-09-15 15:00:43,2023-09-15 20:00:43,39,JFK,JFK_G7
F0630,2023-04-02 21:17:35,2023-04-03 01:17:35,22,DFW,DFW_G2
F0631,2023-12-25 11:24:41,2023-12-25 12:24:41,43,JFK,JFK_G3
F0632,2023-05-11 08:26:53,2023-05-11 09:26:53,39,JFK,JFK_G8
F0633,2023-09-30 09:25:28,2023-09-30 12:25:28,31,ATL,ATL_G2
F0634,2023-05-20 19:40:08,2023-05-20 22:40:08,3,LAX,LAX_G10
F0635,2023-06-26 16:57:25,2023-06-26 21:57:25,30,LAX,LAX_G4
F0636,2023-08-23 13:30:09,2023-08-23 17:30:09,41,ATL,ATL_G6
F0637,2023-04-26 06:22:44,2023-04-26 09:22:44,47,JFK,JFK_G9
F0638,2023-05-15 02:07:49,2023-05-15 06:07:49,45,JFK,JFK_G3
F0639,2023-08-08 09:50:56,2023-08-08 13:50:56,25,ORD,ORD_G3
F0640,2023-12-04 09:27:07,2023-12-04 11:27:07,50,LAX,LAX_G10
F0641,2023-11-27 16:17:44,2023-11-27 17:17:44,14,DFW,DFW_G8
F0642,2023-08-26 10:17:25,2023-08-26 13:17:25,21,ORD,ORD_G10
F0643,2023-04-24 16:07:37,2023-04-24 19:07:37,1,ORD,ORD_G8
F0644,2023-06-15 20:49:38,2023-06-15 23:49:38,error,JFK,JFK_G10
F0645,2023-05-20 08:58:50,2023-05-20 09:58:50,26,LAX,LAX_G3
F0646,,2023-02-22 02:06:19,30,JFK,JFK_G10
F0647,2023-04-01 00:39:40,2023-04-01 04:39:40,10,JFK,JFK_G1
F0648,2023-07-08 18:22:46,2023-07-08 21:22:46,31,ATL,ATL_G9
F0649,2023-12-24 00:15:25,2023-12-24 03:15:25,15,LAX,LAX_G5
F0650,2023-02-20 21:13:20,2023-02-21 01:13:20,50,DFW,DFW_G4
F0651,2023-08-21 00:32:38,2023-08-21 02:32:38,58,ATL,ATL_G8
F0652,2023-04-06 02:49:49,2023-04-06 06:49:49,58,ORD,ORD_G3
F0653,2023-02-08 05:17:10,2023-02-08 10:17:10,2,DFW,DFW_G8
F0654,2023-02-01 23:42:38,2023-02-02 02:42:38,59,LAX,LAX_G5
F0655,2023-10-09 11:54:44,2023-10-09 13:54:44,33,JFK,JFK_G4
F0656,2023-07-07 12:41:49,2023-07-07 16:41:49,50,LAX,LAX_G1
F0657,2023-06-11 15:25:40,2023-06-11 16:25:40,7,ORD,ORD_G4
F0658,2023-04-10 04:03:49,2023-04-10 08:03:49,54,LAX,LAX_G8
F0659,2023-01-28 02:32:00,2023-01-28 03:32:00,31,JFK,JFK_G8
F0660,2023-06-13 17:49:14,2023-06-13 22:49:14,37,LAX,LAX_G7
F0661,2023-11-21 02:57:41,2023-11-21 05:57:41,56,JFK,JFK_G6
F0662,2023-05-11 15:48:23,2023-05-11 17:48:23,23,ATL,ATL_G6
F0663,2023-06-04 01:39:28,2023-06-04 04:39:28,0,JFK,JFK_G7
F0664,2023-11-14 03:05:15,2023-11-14 04:05:15,11,DFW,DFW_G1
F0665,2023-01-06 04:08:43,2023-01-06 06:08:43,6,LAX,LAX_G1
F0666,2023-08-23 17:54:44,2023-08-23 22:54:44,21,LAX,LAX_G8
F0667,2023-08-09 15:12:50,2023-08-09 17:12:50,23,ORD,ORD_G7
F0668,2023-06-21 23:40:50,2023-06-22 00:40:50,21,LAX,LAX_G5
F0669,2023-07-03 22:05:20,2023-07-04 02:05:20,21,LAX,LAX_G10
F0670,2023-12-15 13:40:57,2023-12-15 18:40:57,13,JFK,JFK_G5
F0671,2023-07-04 02:12:18,2023-07-04 05:12:18,1,LAX,LAX_G1
F0672,2023-08-03 16:18:24,2023-08-03 20:18:24,27,DFW,DFW_G5
F0673,2023-07-25 22:20:42,2023-07-26 02:20:42,6,DFW,DFW_G5
F0674,2023-03-08 17:57:45,2023-03-08 20:57:45,29,LAX,LAX_G3
F0675,2023-06-27 19:28:00,2023-06-27 21:28:00,55,ORD,ORD_G7
F0676,2023-05-25 21:25:36,2023-05-25 22:25:36,1,LAX,LAX_G3
F0677,2023-12-29 19:59:31,2023-12-29 20:59:31,30,JFK,JFK_G8
F0678,2023-04-30 05:34:06,2023-04-30 07:34:06,31,ATL,ATL_G6
F0679,2023-04-22 14:10:07,2023-04-22 18:10:07,17,ATL,ATL_G5
F0680,2023-07-17 06:36:51,2023-07-17 07:36:51,32,JFK,JFK_G2
F0681,2023-01-30 19:03:20,2023-01-30 23:03:20,23,JFK,JFK_G1
F0682,2023-03-12 01:18:04,2023-03-12 04:18:04,19,LAX,LAX_G6
F0683,2023-03-20 14:23:06,2023-03-20 17:23:06,47,ORD,ORD_G3
F0684,,2023-01-15 20:08:28,15,DFW,DFW_G4
F0685,2023-11-16 14:01:16,2023-11-16 19:01:16,21,ATL,ATL_G9
F0686,2023-10-04 23:24:03,2023-10-05 03:24:03,7,DFW,DFW_G6
F0687,2023-08-17 10:50:17,2023-08-17 13:50:17,error,DFW,DFW_G5
F0688,2023-10-31 15:19:27,2023-10-31 17:19:27,47,DFW,DFW_G1
F0689,2023-09-19 11:58:21,2023-09-19 12:58:21,32,LAX,LAX_G7
F0690,2023-07-23 07:09:24,2023-07-23 08:09:24,60,DFW,DFW_G7
F0691,2023-01-13 04:14:31,2023-01-13 08:14:31,51,DFW,DFW_G1
F0692,2023-07-22 06:26:56,2023-07-22 08:26:56,19,JFK,JFK_G5
F0693,2023-10-16 11:12:40,2023-10-16 12:12:40,58,DFW,DFW_G3
F0694,2023-12-21 09:57:20,2023-12-21 13:57:20,error,DFW,DFW_G1
F0695,2023-05-28 08:18:25,2023-05-28 10:18:25,30,DFW,DFW_G1
F0696,2023-09-15 21:07:14,2023-09-16 00:07:14,45,ATL,ATL_G4
F0697,,2023-01-12 12:40:23,45,DFW,DFW_G8
F0698,2023-04-12 22:32:56,2023-04-13 01:32:56,15,ORD,ORD_G8
F0699,2023-06-27 04:27:48,2023-06-27 06:27:48,48,LAX,LAX_G5
F0700,2023-11-22 08:59:44,2023-11-22 12:59:44,12,LAX,LAX_G5
F0701,2023-08-09 10:48:50,2023-08-09 14:48:50,11,JFK,JFK_G5
F0702,2023-09-08 16:53:59,2023-09-08 17:53:59,55,ATL,ATL_G8
F0703,2023-11-10 04:21:45,2023-11-10 09:21:45,50,LAX,LAX_G9
F0704,2023-04-17 00:04:30,2023-04-17 04:04:30,8,DFW,DFW_G2
F0705,2023-06-02 08:20:00,2023-06-02 13:20:00,42,DFW,DFW_G1
F0706,2023-02-22 23:21:31,2023-02-23 02:21:31,50,JFK,JFK_G7
F0707,2023-08-21 20:33:12,2023-08-22 01:33:12,14,LAX,LAX_G4
F0708,2023-08-19 20:12:59,2023-08-20 01:12:59,13,LAX,LAX_G1
F0709,2023-03-15 16:36:28,2023-03-15 21:36:28,10,LAX,LAX_G6
F0710,2023-08-07 05:15:16,2023-08-07 10:15:16,37,ORD,ORD_G8
F0711,2023-09-01 23:29:22,2023-09-02 02:29:22,16,LAX,LAX_G6
F0712,2023-03-08 18:55:19,2023-03-08 22:55:19,26,LAX,LAX_G9
F0713,2023-07-06 04:55:37,2023-07-06 05:55:37,31,ORD,ORD_G3
F0714,2023-04-18 13:42:07,2023-04-18 16:42:07,46,LAX,LAX_G3
F0715,2023-11-21 04:52:33,2023-11-21 06:52:33,52,LAX,LAX_G6
F0716,2023-03-22 11:27:53,2023-03-22 12:27:53,52,DFW,DFW_G5
F0717,2023-02-27 04:24:14,2023-02-27 09:24:14,42,ATL,ATL_G6
F0718,2023-05-31 23:47:19,2023-06-01 03:47:19,37,ORD,ORD_G10
F0719,2023-03-26 00:53:37,2023-03-26 04:53:37,54,LAX,LAX_G8
F0720,2023-08-18 07:24:19,2023-08-18 09:24:19,59,LAX,LAX_G2
F0721,2023-03-25 19:03:08,2023-03-25 20:03:08,37,ATL,ATL_G5
F0722,2023-04-02 02:35:37,2023-04-02 03:35:37,28,DFW,DFW_G8
F0723,2023-03-26 01:57:43,2023-03-26 05:57:43,44,DFW,DFW_G10
F0724,2023-03-14 10:32:43,2023-03-14 15:32:43,33,ORD,ORD_G6
F0725,2023-08-02 11:40:58,2023-08-02 14:40:58,34,ATL,ATL_G8
F0726,,2023-08-22 10:38:23,21,LAX,LAX_G2
F0727,2023-02-06 03:31:39,2023-02-06 05:31:39,16,ATL,ATL_G8
F0728,2023-05-08 16:59:02,2023-05-08 19:59:02,51,ORD,ORD_G9
F0729,2023-02-08 13:06:16,2023-02-08 15:06:16,50,DFW,DFW_G8
F0730,2023-01-05 20:09:04,2023-01-05 22:09:04,38,ORD,ORD_G9
F0731,2023-01-19 04:36:28,2023-01-19 07:36:28,9,ATL,ATL_G7
F0732,2023-07-11 14:15:04,2023-07-11 16:15:04,40,LAX,LAX_G4
F0733,2023-12-04 17:10:10,2023-12-04 21:10:10,28,LAX,LAX_G5
F0734,2023-05-25 05:26:37,2023-05-25 06:26:37,42,ORD,ORD_G5
F0735,2023-08-03 18:53:52,2023-08-03 19:53:52,error,DFW,DFW_G2
F0736,2023-07-02 10:55:55,2023-07-02 13:55:55,8,ATL,ATL_G7
F0737,2023-09-01 20:09:34,2023-09-02 00:09:34,15,ORD,ORD_G4
F0738,2023-03-30 11:26:46,2023-03-30 14:26:46,43,LAX,LAX_G8
F0739,2023-04-15 02:45:43,2023-04-15 06:45:43,46,ORD,ORD_G3
F0740,2023-05-28 05:09:17,2023-05-28 06:09:17,14,ATL,ATL_G3
F0741,2023-08-07 06:44:02,2023-08-07 07:44:02,34,DFW,DFW_G1
F0742,2023-12-14 08:46:35,2023-12-14 11:46:35,32,ATL,ATL_G9
F0743,2023-11-04 19:55:18,2023-11-04 20:55:18,20,ORD,ORD_G7
F0744,,2023-02-19 14:50:46,50,JFK,JFK_G2
F0745,2023-04-15 22:23:10,2023-04-16 01:23:10,48,DFW,DFW_G5
F0746,2023-04-09 16:25:20,2023-04-09 17:25:20,15,LAX,LAX_G6
F0747,2023-11-23 23:41:06,2023-11-24 03:41:06,55,ATL,ATL_G10
F0748,2023-12-11 21:50:32,2023-12-12 01:50:32,33,ATL,ATL_G4
F0749,2023-11-27 23:44:49,2023-11-28 02:44:49,56,ATL,ATL_G2
F0750,2023-06-13 04:09:16,2023-06-13 06:09:16,14,DFW,DFW_G8
F0751,2023-07-21 23:16:08,2023-07-22 00:16:08,60,DFW,DFW_G8
F0752,2023-10-19 09:30:42,2023-10-19 14:30:42,15,DFW,DFW_G4
F0753,2023-05-25 10:04:03,2023-05-25 14:04:03,43,JFK,JFK_G1
F0754,2023-07-28 05:13:21,2023-07-28 08:13:21,58,JFK,JFK_G6
F0755,2023-01-14 20:15:39,2023-01-14 21:15:39,4,DFW,DFW_G6
F0756,2023-01-01 16:50:25,2023-01-01 21:50:25,31,JFK,JFK_G8
F0757,2023-12-17 17:14:39,2023-12-17 18:14:39,12,ORD,ORD_G5
F0758,2023-04-10 01:45:28,2023-04-10 05:45:28,26,ORD,ORD_G7
F0759,2023-08-27 10:09:30,2023-08-27 15:09:30,25,ATL,ATL_G9
F0760,2023-07-21 06:15:24,2023-07-21 07:15:24,3,ORD,ORD_G8
F0761,2023-03-04 19:33:13,2023-03-05 00:33:13,47,DFW,DFW_G1
F0762,2023-11-25 05:40:35,2023-11-25 10:40:35,8,DFW,DFW_G1
F0763,2023-03-04 23:59:35,2023-03-05 04:59:35,38,JFK,JFK_G5
F0764,,2023-09-07 12:41:43,13,JFK,JFK_G4
F0765,2023-10-25 17:11:27,2023-10-25 19:11:27,4,LAX,LAX_G4
F0766,2023-10-23 14:51:43,2023-10-23 17:51:43,3,DFW,DFW_G7
F0767,2023-04-03 13:15:11,2023-04-03 16:15:11,46,LAX,LAX_G7
F0768,2023-02-21 01:25:02,2023-02-21 03:25:02,15,DFW,DFW_G6
F0769,2023-06-16 21:52:32,2023-06-16 22:52:32,19,ORD,ORD_G2
F0770,2023-10-22 10:25:22,2023-10-22 13:25:22,9,JFK,JFK_G7
F0771,2023-02-20 20:49:14,2023-02-21 00:49:14,60,JFK,JFK_G7
F0772,2023-08-25 23:03:28,2023-08-26 04:03:28,11,DFW,DFW_G10
F0773,2023-03-16 10:48:17,2023-03-16 13:48:17,error,LAX,LAX_G2
F0774,,2023-03-23 11:51:37,15,LAX,LAX_G1
F0775,2023-04-01 08:19:43,2023-04-01 13:19:43,30,ORD,ORD_G4
F0776,2023-02-20 12:47:52,2023-02-20 16:47:52,48,LAX,LAX_G4
F0777,2023-01-18 00:07:26,2023-01-18 02:07:26,17,DFW,DFW_G9
F0778,2023-05-05 05:15:40,2023-05-05 10:15:40,35,DFW,DFW_G8
F0779,2023-06-25 03:34:18,2023-06-25 06:34:18,21,JFK,JFK_G4
F0780,2023-07-28 04:12:29,2023-07-28 08:12:29,2,JFK,JFK_G8
F0781,2023-09-28 11:25:57,2023-09-28 12:25:57,9,ATL,ATL_G8
F0782,2023-05-17 18:27:03,2023-05-17 22:27:03,37,ATL,ATL_G8
F0783,2023-04-23 06:38:17,2023-04-23 08:38:17,58,JFK,JFK_G3
F0784,2023-12-28 12:14:07,2023-12-28 15:14:07,37,JFK,JFK_G10
F0785,2023-01-28 00:20:04,2023-01-28 01:20:04,52,DFW,DFW_G9
F0786,2023-06-12 20:03:00,2023-06-13 01:03:00,12,ORD,ORD_G4
F0787,2023-10-10 06:02:34,2023-10-10 10:02:34,error,LAX,LAX_G6
F0788,,2023-05-10 06:33:16,52,LAX,LAX_G4
F0789,2023-01-17 22:28:41,2023-01-18 02:28:41,25,ATL,ATL_G2
F0790,2023-11-25 12:50:35,2023-11-25 14:50:35,16,LAX,LAX_G8
F0791,2023-09-26 15:03:18,2023-09-26 16:03:18,17,ATL,ATL_G6
F0792,,2023-04-17 22:39:40,44,LAX,LAX_G8
F0793,2023-05-10 06:31:52,2023-05-10 10:31:52,47,DFW,DFW_G6
F0794,2023-09-22 21:29:09,2023-09-22 23:29:09,6,JFK,JFK_G1
F0795,2023-04-11 18:37:11,2023-04-11 21:37:11,10,ORD,ORD_G2
F0796,2023-10-01 22:06:59,2023-10-02 03:06:59,40,JFK,JFK_G7
F0797,2023-06-08 14:39:51,2023-06-08 15:39:51,2,ORD,ORD_G5
F0798,2023-08-02 18:41:58,2023-08-02 20:41:58,35,ATL,ATL_G3
F0799,2023-08-26 20:02:43,2023-08-27 00:02:43,48,JFK,JFK_G8
F0800,2023-02-06 08:22:25,2023-02-06 11:22:25,17,ATL,ATL_G6
F0801,2023-05-19 03:21:16,2023-05-19 04:21:16,59,DFW,DFW_G4
F0802,2023-12-27 11:24:39,2023-12-27 13:24:39,27,ORD,ORD_G5
F0803,2023-07-18 17:07:15,2023-07-18 19:07:15,19,ATL,ATL_G7
F0804,2023-05-29 22:02:32,2023-05-30 03:02:32,1,LAX,LAX_G5
F0805,2023-07-13 18:24:28,2023-07-13 23:24:28,error,LAX,LAX_G9
F0806,2023-11-23 05:05:51,2023-11-23 09:05:51,1,DFW,DFW_G7
F0807,2023-03-30 22:07:42,2023-03-30 23:07:42,36,DFW,DFW_G4
F0808,2023-06-16 06:31:36,2023-06-16 10:31:36,10,ORD,ORD_G1
F0809,2023-03-01 04:35:23,2023-03-01 06:35:23,1,ORD,ORD_G7
F0810,2023-07-01 08:15:40,2023-07-01 11:15:40,45,JFK,JFK_G10
F0811,2023-11-17 03:45:57,2023-11-17 07:45:57,3,ORD,ORD_G2
F0812,2023-06-15 19:32:17,2023-06-16 00:32:17,39,DFW,DFW_G9
F0813,2023-04-13 09:52:54,2023-04-13 11:52:54,9,DFW,DFW_G6
F0814,2023-03-01 08:14:44,2023-03-01 13:14:44,18,DFW,DFW_G10
F0815,2023-09-07 17:34:56,2023-09-07 21:34:56,48,JFK,JFK_G1
F0816,2023-11-25 10:48:18,2023-11-25 14:48:18,7,JFK,JFK_G8
F0817,2023-07-29 15:46:04,2023-07-29 17:46:04,49,DFW,DFW_G7
F0818,2023-12-15 03:18:03,2023-12-15 08:18:03,39,JFK,JFK_G10
F0819,2023-12-16 12:45:31,2023-12-16 17:45:31,27,ATL,ATL_G10
F0820,2023-06-11 13:10:26,2023-06-11 15:10:26,44,ORD,ORD_G1
F0821,2023-04-25 03:30:26,2023-04-25 04:30:26,42,JFK,JFK_G6
F0822,2023-01-02 00:56:21,2023-01-02 05:56:21,29,JFK,JFK_G3
F0823,2023-12-29 05:16:54,2023-12-29 07:16:54,21,ATL,ATL_G8
F0824,2023-09-18 15:44:30,2023-09-18 20:44:30,27,LAX,LAX_G7
F0825,2023-01-07 06:57:48,2023-01-07 11:57:48,18,JFK,JFK_G1
F0826,2023-07-29 22:37:36,2023-07-29 23:37:36,29,ORD,ORD_G9
F0827,2023-02-12 08:23:14,2023-02-12 09:23:14,54,ORD,ORD_G1
F0828,2023-12-07 10:59:16,2023-12-07 13:59:16,31,DFW,DFW_G1
F0829,,2023-06-17 13:37:02,55,ATL,ATL_G7
F0830,,2023-04-05 03:14:49,41,ATL,ATL_G8
F0831,,2023-02-14 11:56:28,14,JFK,JFK_G2
F0832,2023-06-10 02:28:39,2023-06-10 04:28:39,55,LAX,LAX_G1
F0833,2023-03-11 07:47:50,2023-03-11 10:47:50,8,ORD,ORD_G4
F0834,2023-10-29 14:12:15,2023-10-29 19:12:15,27,ORD,ORD_G2
F0835,2023-07-08 01:17:32,2023-07-08 05:17:32,25,ORD,ORD_G6
F0836,2023-12-23 21:16:28,2023-12-23 23:16:28,error,DFW,DFW_G5
F0837,2023-12-28 06:02:54,2023-12-28 07:02:54,20,DFW,DFW_G3
F0838,,2023-09-07 10:38:12,52,JFK,JFK_G3
F0839,2023-09-27 18:46:48,2023-09-27 23:46:48,11,ORD,ORD_G2
F0840,2023-12-30 17:23:54,2023-12-30 22:23:54,51,LAX,LAX_G9
F0841,,2023-06-16 05:44:43,6,JFK,JFK_G5
F0842,2023-07-25 11:02:36,2023-07-25 16:02:36,26,ORD,ORD_G8
F0843,2023-09-02 11:34:16,2023-09-02 12:34:16,58,DFW,DFW_G9
F0844,2023-02-07 08:53:01,2023-02-07 12:53:01,4,JFK,JFK_G2
F0845,2023-08-21 20:15:27,2023-08-21 23:15:27,48,DFW,DFW_G4
F0846,2023-02-05 11:29:02,2023-02-05 14:29:02,50,JFK,JFK_G1
F0847,2023-02-21 12:31:46,2023-02-21 14:31:46,1,ORD,ORD_G3
F0848,,2023-01-04 22:59:41,43,JFK,JFK_G3
F0849,2023-06-03 10:47:53,2023-06-03 13:47:53,11,ORD,ORD_G6
F0850,2023-07-28 15:59:31,2023-07-28 20:59:31,5,LAX,LAX_G2
F0851,2023-10-05 10:57:30,2023-10-05 13:57:30,19,ATL,ATL_G8
F0852,2023-07-13 21:40:22,2023-07-14 00:40:22,60,DFW,DFW_G10
F0853,,2023-08-01 08:54:59,17,ATL,ATL_G3
F0854,,2023-10-09 23:46:20,4,JFK,JFK_G2
F0855,2023-05-02 07:03:07,2023-05-02 10:03:07,2,JFK,JFK_G7
F0856,2023-09-21 02:44:24,2023-09-21 04:44:24,37,ATL,ATL_G7
F0857,2023-09-24 09:20:19,2023-09-24 10:20:19,30,ORD,ORD_G3
F0858,2023-01-23 18:21:48,2023-01-23 22:21:48,54,LAX,LAX_G5
F0859,2023-05-02 03:50:02,2023-05-02 07:50:02,27,ATL,ATL_G5
F0860,2023-07-19 11:00:45,2023-07-19 13:00:45,56,ATL,ATL_G9
F0861,2023-08-06 05:00:08,2023-08-06 09:00:08,47,DFW,DFW_G3
F0862,2023-06-10 17:07:51,2023-06-10 21:07:51,59,ATL,ATL_G5
F0863,2023-12-14 17:30:45,2023-12-14 20:30:45,57,ORD,ORD_G9
F0864,2023-01-31 05:25:21,2023-01-31 06:25:21,51,JFK,JFK_G1
F0865,2023-12-12 20:20:44,2023-12-12 22:20:44,34,ORD,ORD_G7
F0866,2023-06-20 13:35:54,2023-06-20 16:35:54,3,ORD,ORD_G1
F0867,2023-02-23 03:43:17,2023-02-23 07:43:17,16,ATL,ATL_G4
F0868,2023-10-31 16:51:15,2023-10-31 20:51:15,33,DFW,DFW_G6
F0869,2023-06-16 03:44:07,2023-06-16 05:44:07,51,DFW,DFW_G9
F0870,2023-12-21 15:17:53,2023-12-21 18:17:53,11,DFW,DFW_G9
F0871,2023-10-24 11:26:58,2023-10-24 13:26:58,3,ORD,ORD_G2
F0872,2023-12-16 06:18:32,2023-12-16 08:18:32,22,LAX,LAX_G4
F0873,2023-05-15 23:59:56,2023-05-16 02:59:56,error,ORD,ORD_G9
F0874,2023-12-20 01:42:47,2023-12-20 06:42:47,27,ORD,ORD_G3
F0875,2023-11-14 08:05:51,2023-11-14 09:05:51,44,ORD,ORD_G6
F0876,2023-09-27 10:50:43,2023-09-27 11:50:43,37,DFW,DFW_G5
F0877,2023-11-28 20:14:27,2023-11-28 23:14:27,4,ATL,ATL_G8
F0878,2023-07-03 06:42:26,2023-07-03 07:42:26,7,LAX,LAX_G10
F0879,2023-05-20 02:11:47,2023-05-20 06:11:47,46,ATL,ATL_G6
F0880,,2023-08-23 01:51:53,17,ATL,ATL_G10
F0881,2023-01-06 07:43:33,2023-01-06 12:43:33,46,JFK,JFK_G5
F0882,2023-11-03 17:37:25,2023-11-03 21:37:25,57,ATL,ATL_G1
F0883,2023-11-29 13:08:44,2023-11-29 17:08:44,16,ATL,ATL_G8
F0884,2023-09-18 19:01:31,2023-09-19 00:01:31,error,ORD,ORD_G7
F0885,2023-05-23 16:09:31,2023-05-23 19:09:31,15,DFW,DFW_G9
F0886,2023-02-25 02:12:42,2023-02-25 07:12:42,45,ORD,ORD_G2
F0887,2023-03-25 05:20:16,2023-03-25 09:20:16,59,JFK,JFK_G2
F0888,2023-08-05 09:49:59,2023-08-05 13:49:59,42,JFK,JFK_G6
F0889,,2023-07-11 08:20:39,23,JFK,JFK_G5
F0890,2023-06-15 08:28:42,2023-06-15 10:28:42,23,DFW,DFW_G1
F0891,2023-08-27 15:45:12,2023-08-27 17:45:12,27,ORD,ORD_G8
F0892,2023-03-11 19:44:41,2023-03-11 23:44:41,48,ORD,ORD_G8
F0893,2023-12-28 09:01:20,2023-12-28 11:01:20,45,ORD,ORD_G1
F0894,2023-03-14 00:52:11,2023-03-14 02:52:11,58,ORD,ORD_G1
F0895,2023-08-29 04:59:45,2023-08-29 08:59:45,54,ATL,ATL_G8
F0896,2023-11-10 20:11:10,2023-11-10 21:11:10,56,ATL,ATL_G7
F0897,2023-07-31 06:33:40,2023-07-31 07:33:40,53,ATL,ATL_G6
F0898,2023-05-29 06:38:50,2023-05-29 09:38:50,45,ATL,ATL_G8
F0899,2023-01-24 13:02:26,2023-01-24 14:02:26,15,JFK,JFK_G9
F0900,2023-01-20 22:44:23,2023-01-21 01:44:23,20,DFW,DFW_G4
F0901,2023-06-19 11:24:09,2023-06-19 14:24:09,18,JFK,JFK_G10
F0902,2023-10-04 16:32:38,2023-10-04 18:32:38,18,JFK,JFK_G7
F0903,,2023-07-18 05:34:31,35,ATL,ATL_G2
F0904,2023-08-26 22:56:02,2023-08-27 01:56:02,25,LAX,LAX_G8
F0905,2023-08-03 23:36:19,2023-08-04 01:36:19,1,DFW,DFW_G4
F0906,2023-05-14 22:25:21,2023-05-15 01:25:21,11,LAX,LAX_G10
F0907,2023-09-30 11:28:23,2023-09-30 15:28:23,32,ATL,ATL_G5
F0908,2023-11-15 05:06:44,2023-11-15 06:06:44,error,DFW,DFW_G3
F0909,2023-06-09 19:55:58,2023-06-10 00:55:58,38,JFK,JFK_G4
F0910,2023-02-08 16:22:25,2023-02-08 20:22:25,18,LAX,LAX_G5
F0911,2023-04-07 07:16:17,2023-04-07 09:16:17,35,JFK,JFK_G8
F0912,2023-01-09 18:20:18,2023-01-09 20:20:18,30,DFW,DFW_G10
F0913,2023-11-18 06:21:15,2023-11-18 07:21:15,25,ATL,ATL_G1
F0914,2023-11-15 20:01:40,2023-11-15 23:01:40,25,JFK,JFK_G1
F0915,2023-10-09 19:12:18,2023-10-09 22:12:18,12,JFK,JFK_G3
F0916,2023-09-21 06:44:11,2023-09-21 11:44:11,5,ATL,ATL_G1
F0917,2023-12-25 13:21:36,2023-12-25 15:21:36,27,LAX,LAX_G10
F0918,2023-04-04 16:08:56,2023-04-04 18:08:56,28,DFW,DFW_G1
F0919,2023-07-16 13:43:31,2023-07-16 14:43:31,49,ORD,ORD_G3
F0920,2023-06-04 23:48:22,2023-06-05 04:48:22,53,ORD,ORD_G7
F0921,2023-07-02 09:09:15,2023-07-02 13:09:15,21,ORD,ORD_G5
F0922,2023-10-13 07:35:44,2023-10-13 08:35:44,15,DFW,DFW_G10
F0923,2023-08-05 06:55:12,2023-08-05 09:55:12,26,ORD,ORD_G7
F0924,2023-06-17 19:42:57,2023-06-18 00:42:57,46,ATL,ATL_G2
F0925,2023-08-06 04:02:57,2023-08-06 08:02:57,47,ATL,ATL_G6
F0926,2023-03-06 12:59:19,2023-03-06 15:59:19,28,ORD,ORD_G6
F0927,2023-03-26 11:03:46,2023-03-26 16:03:46,29,LAX,LAX_G9
F0928,2023-07-08 14:07:19,2023-07-08 15:07:19,45,LAX,LAX_G10
F0929,2023-07-15 17:16:46,2023-07-15 20:16:46,error,DFW,DFW_G9
F0930,2023-12-02 18:36:29,2023-12-02 19:36:29,47,ORD,ORD_G2
F0931,2023-01-28 21:23:12,2023-01-29 02:23:12,42,ORD,ORD_G6
F0932,2023-04-06 07:31:56,2023-04-06 12:31:56,51,ORD,ORD_G8
F0933,2023-02-13 06:54:39,2023-02-13 10:54:39,41,DFW,DFW_G5
F0934,2023-09-15 18:13:19,2023-09-15 23:13:19,1,ATL,ATL_G2
F0935,2023-01-04 05:59:45,2023-01-04 07:59:45,25,JFK,JFK_G8
F0936,2023-03-14 01:53:42,2023-03-14 04:53:42,8,DFW,DFW_G3
F0937,2023-05-28 21:06:02,2023-05-29 00:06:02,39,DFW,DFW_G6
F0938,2023-02-20 04:23:34,2023-02-20 06:23:34,60,ORD,ORD_G9
F0939,2023-09-21 12:51:42,2023-09-21 16:51:42,13,LAX,LAX_G7
F0940,2023-10-17 00:10:49,2023-10-17 03:10:49,27,ORD,ORD_G7
F0941,2023-02-19 06:55:13,2023-02-19 11:55:13,4,JFK,JFK_G6
F0942,2023-09-17 23:41:50,2023-09-18 04:41:50,41,LAX,LAX_G8
F0943,2023-11-13 08:19:14,2023-11-13 09:19:14,39,JFK,JFK_G7
F0944,2023-04-04 11:31:33,2023-04-04 15:31:33,21,ORD,ORD_G3
F0945,2023-08-10 20:45:05,2023-08-11 01:45:05,54,LAX,LAX_G3
F0946,2023-10-23 22:11:38,2023-10-24 02:11:38,25,JFK,JFK_G4
F0947,2023-10-08 11:41:35,2023-10-08 13:41:35,11,ORD,ORD_G10
F0948,2023-07-03 17:31:15,2023-07-03 19:31:15,22,JFK,JFK_G9
F0949,2023-06-21 18:11:44,2023-06-21 20:11:44,54,JFK,JFK_G10
F0950,2023-05-05 23:41:39,2023-05-06 04:41:39,3,ORD,ORD_G2
F0951,2023-01-25 12:28:21,2023-01-25 17:28:21,19,ATL,ATL_G9
F0952,2023-01-30 14:38:54,2023-01-30 19:38:54,2,DFW,DFW_G6
F0953,2023-04-01 17:22:04,2023-04-01 21:22:04,6,LAX,LAX_G6
F0954,2023-01-13 12:36:22,2023-01-13 17:36:22,33,DFW,DFW_G4
F0955,2023-12-11 22:45:26,2023-12-12 02:45:26,35,DFW,DFW_G5
F0956,2023-07-05 06:43:57,2023-07-05 09:43:57,49,DFW,DFW_G8
F0957,2023-09-19 01:53:36,2023-09-19 03:53:36,13,DFW,DFW_G6
F0958,2023-01-02 04:22:52,2023-01-02 09:22:52,38,JFK,JFK_G6
F0959,2023-07-11 11:54:04,2023-07-11 12:54:04,22,DFW,DFW_G4
F0960,2023-10-25 22:36:55,2023-10-26 01:36:55,43,JFK,JFK_G9
F0961,2023-09-06 09:29:22,2023-09-06 14:29:22,37,JFK,JFK_G7
F0962,2023-09-25 20:40:10,2023-09-25 22:40:10,10,DFW,DFW_G4
F0963,2023-06-14 11:54:51,2023-06-14 13:54:51,59,LAX,LAX_G10
F0964,2023-03-26 23:14:00,2023-03-27 02:14:00,25,JFK,JFK_G2
F0965,2023-04-11 17:19:49,2023-04-11 20:19:49,54,ATL,ATL_G10
F0966,2023-02-25 03:14:56,2023-02-25 07:14:56,26,LAX,LAX_G2
F0967,2023-01-10 21:53:42,2023-01-11 01:53:42,33,DFW,DFW_G2
F0968,2023-11-05 16:44:39,2023-11-05 21:44:39,1,JFK,JFK_G3
F0969,2023-07-26 11:42:17,2023-07-26 14:42:17,44,ATL,ATL_G6
F0970,2023-01-01 04:58:56,2023-01-01 05:58:56,43,DFW,DFW_G4
F0971,2023-05-01 21:26:41,2023-05-02 00:26:41,45,ATL,ATL_G1
F0972,2023-11-17 18:28:05,2023-11-17 21:28:05,35,ATL,ATL_G3
F0973,2023-10-24 14:49:08,2023-10-24 17:49:08,15,ORD,ORD_G3
F0974,2023-11-14 04:51:54,2023-11-14 06:51:54,41,LAX,LAX_G10
F0975,2023-09-18 01:28:12,2023-09-18 06:28:12,35,JFK,JFK_G10
F0976,2023-04-20 11:47:49,2023-04-20 15:47:49,58,LAX,LAX_G7
F0977,2023-05-18 19:55:50,2023-05-18 21:55:50,43,DFW,DFW_G4
F0978,2023-10-03 23:59:43,2023-10-04 02:59:43,7,DFW,DFW_G4
F0979,2023-07-15 03:42:16,2023-07-15 08:42:16,37,ATL,ATL_G6
F0980,2023-11-21 15:14:35,2023-11-21 20:14:35,28,LAX,LAX_G6
F0981,2023-01-07 07:54:58,2023-01-07 11:54:58,54,JFK,JFK_G3
F0982,2023-12-07 10:42:23,2023-12-07 13:42:23,48,LAX,LAX_G9
F0983,2023-11-09 08:58:39,2023-11-09 09:58:39,7,DFW,DFW_G10
F0984,2023-06-28 11:28:09,2023-06-28 16:28:09,52,JFK,JFK_G10
F0985,2023-01-25 05:25:43,2023-01-25 09:25:43,46,LAX,LAX_G7
F0986,2023-12-22 06:29:37,2023-12-22 08:29:37,46,DFW,DFW_G7
F0987,2023-10-29 01:31:49,2023-10-29 03:31:49,37,JFK,JFK_G4
F0988,2023-12-06 19:58:24,2023-12-07 00:58:24,51,ORD,ORD_G6
F0989,2023-08-13 17:00:39,2023-08-13 21:00:39,21,ORD,ORD_G9
F0990,2023-10-16 04:17:51,2023-10-16 07:17:51,51,JFK,JFK_G7
F0991,2023-04-09 09:39:08,2023-04-09 10:39:08,10,JFK,JFK_G9
F0992,2023-04-01 06:18:47,2023-04-01 10:18:47,13,DFW,DFW_G7
F0993,2023-08-12 07:38:44,2023-08-12 09:38:44,41,LAX,LAX_G3
F0994,2023-03-09 09:02:04,2023-03-09 14:02:04,7,ORD,ORD_G8
F0995,2023-11-07 02:38:58,2023-11-07 06:38:58,48,ATL,ATL_G5
F0996,2023-10-27 05:29:14,2023-10-27 08:29:14,35,DFW,DFW_G5
F0997,2023-07-24 20:16:04,2023-07-24 23:16:04,45,DFW,DFW_G2
F0998,2023-02-12 13:29:43,2023-02-12 14:29:43,29,JFK,JFK_G6
F0999,2023-09-27 09:00:44,2023-09-27 14:00:44,52,JFK,JFK_G6
F1000,2023-11-20 03:54:16,2023-11-20 04:54:16,27,JFK,JFK_G1
